TransactionAmount,TransactionType,Location,Channel,CustomerAge,CustomerOccupation,TransactionDuration,LoginAttempts,AccountBalance,NewCol,Target
-1.1119223584377067,Debit,San Diego,ATM,1.426636018199671,Doctor,-0.541567604370515,0.0,0.00291798597649643,tinggi,1
0.5469264129375501,Debit,Houston,ATM,1.3138893985824933,Doctor,0.3085015223045684,0.0,2.2165305377634645,tinggi,0
-0.5979838463617607,Debit,Mesa,Online,-1.4484027820383598,Student,-0.8957630738184662,0.0,-1.0185126379462432,rendah,1
-0.331349614740185,Debit,Raleigh,Online,-1.053789613378238,Student,-1.334965455933926,0.0,0.887894514553269,rendah,1
-0.7543640674158855,Debit,Oklahoma City,ATM,-1.5047760918469486,Student,0.7477039044200281,0.0,-1.1057264175404542,rendah,1
-1.1440320640495818,Credit,Seattle,ATM,-0.4336832054837608,Doctor,0.2801658847487323,0.0,2.103324404741595,sedang,1
-0.3912633022442258,Credit,Indianapolis,Branch,1.2575160887739045,Retired,2.433674338992277,0.0,-0.5899856953773223,tinggi,0
-0.6898698227632177,Credit,Detroit,Branch,0.35554313183648295,Engineer,-0.4707285104809246,0.0,1.0225744839339677,sedang,0
2.5610890023318005,Debit,Nashville,ATM,0.5810363710708383,Doctor,0.010977327968289194,0.0,-1.0442336243431387,sedang,1
-1.0950201025592734,Credit,Albuquerque,Online,0.41191644164507174,Engineer,-0.8532596174847121,0.0,0.6396858437933797,sedang,0
-0.306064939279764,Debit,Memphis,Online,-1.3356561624211822,Student,0.761871723197946,0.0,-0.9144561819804606,rendah,1
1.0887147124771477,Credit,Mesa,Branch,-1.1665362329954156,Student,-0.1165330410329733,0.0,-0.8911058170032451,rendah,1
2.4044339478487577,Debit,Memphis,ATM,-1.053789613378238,Student,0.05348078430204335,0.0,-1.2572797840886598,rendah,1
-0.41155517041264317,Debit,Louisville,Online,-1.5047760918469486,Student,0.20932679085914196,0.0,-1.2290576128893587,rendah,0
0.9555579161665618,Debit,Denver,ATM,-0.49005651529234967,Engineer,0.13848769696955168,0.0,-0.4186404560477494,sedang,0
1.3694112545450081,Credit,Austin,Branch,-1.4484027820383598,Student,0.5493544415291753,0.0,-1.0162316188480411,rendah,0
1.0814316266108308,Debit,Columbus,Online,-0.32093658586658314,Engineer,1.6261086686509474,0.0,0.0023445311190360895,sedang,0
-1.090897601125509,Credit,Albuquerque,Branch,0.8065296103051937,Retired,-0.18737213492256358,0.0,0.7289937576438524,tinggi,0
-0.8490441836780049,Credit,Columbus,Online,-1.5047760918469486,Student,0.7052004480862739,0.0,0.375760925846216,rendah,0
-0.904743758605309,Debit,Los Angeles,Branch,1.48300932800826,Retired,-1.1507838118209912,0.0,0.16642430220989196,tinggi,0
-0.7835880220241257,Debit,Las Vegas,Branch,-0.377309895675172,Doctor,-0.37155377903549824,0.0,1.0356436225381433,sedang,0
-0.5098081212506917,Debit,Raleigh,Online,-1.3356561624211822,Student,-0.3290503227017441,0.0,-0.8115031146020238,rendah,1
-1.1421540356186448,Credit,Houston,Online,1.1447694691567267,Retired,2.221157057323506,0.0,-0.3753420542431615,tinggi,0
-0.9917743444292213,Debit,Milwaukee,Branch,-0.4336832054837608,Engineer,-0.3432181414796621,0.0,-0.6180747431275698,sedang,1
-0.5926704000693536,Debit,Las Vegas,Online,-0.039070036823638944,Doctor,1.1018993738679794,0.0,-0.8521825685531207,sedang,0
-0.9191725136234837,Debit,Detroit,Branch,-0.9974163035696493,Student,2.3203317887689323,0.0,-0.959800076781079,rendah,0
-1.0467868357842314,Credit,Miami,Online,0.8065296103051937,Doctor,-1.4058045498235163,0.0,0.8278379185659321,tinggi,1
-0.9056598700350342,Debit,Baltimore,ATM,-0.8846696839524716,Doctor,1.9519685005430627,0.0,1.2090753159249938,rendah,0
2.844396461974378,Debit,Los Angeles,Online,-1.2792828526125934,Student,0.43601189130583085,0.0,-1.203695035778376,rendah,0
-0.0072293909033407265,Credit,San Francisco,Branch,0.017303272984949897,Doctor,-0.9807699864859746,0.0,2.487119308362277,sedang,1
-0.6049920987991602,Debit,Seattle,Branch,0.24279651221930526,Engineer,-1.0516090803755649,0.0,0.1699648739414443,sedang,1
-0.8185834786396357,Debit,Milwaukee,Branch,-1.053789613378238,Student,0.3651727974162406,0.0,-1.0752795487021665,rendah,1
0.3609099871318088,Debit,Oklahoma City,Online,0.5810363710708383,Retired,1.3710879306484225,0.0,-1.0448710808587978,sedang,1
0.3281131979476398,Debit,San Antonio,ATM,1.0320228495395491,Retired,-0.0031904908096288594,0.0,-0.19895604431385872,tinggi,1
-1.0206318544655713,Debit,Philadelphia,Online,-0.377309895675172,Doctor,-1.4199723686014343,0.0,2.3331594794658,sedang,1
-0.070624301840338,Credit,Charlotte,Online,0.693782990688016,Doctor,-0.045693947143383026,0.0,2.1136440321095544,tinggi,0
-0.9230659871998168,Debit,Tucson,ATM,-1.4484027820383598,Student,-0.03152612836546497,0.0,-1.2439418385200496,rendah,1
0.21744693723681213,Debit,Louisville,Branch,-0.9974163035696493,Student,-1.2216229057105816,0.0,-1.0834717609516007,rendah,0
-0.42300656328421055,Debit,Baltimore,Branch,-1.053789613378238,Student,-0.6265745170380232,0.0,-0.9194585515852713,rendah,0
1.1607210708535638,Debit,Oklahoma City,Online,-1.4484027820383598,Student,-0.2015399537004816,0.0,-1.1057212974077986,rendah,1
1.6950888678123859,Debit,Denver,Online,-1.053789613378238,Student,0.2659980659708142,0.0,-1.2378693611901563,rendah,0
0.771831768935134,Credit,Kansas City,Online,1.370262708391082,Retired,0.02514514674620725,0.0,-0.3054855243524391,tinggi,0
-0.7851454114546588,Debit,Virginia Beach,Branch,1.2575160887739045,Doctor,0.3651727974162406,0.0,2.5099115788799993,tinggi,1
-0.4000579719695895,Debit,San Diego,Branch,-0.9410429937610604,Student,0.3226693410824864,0.0,-1.0706023075210052,rendah,1
-0.697198714201021,Debit,Omaha,ATM,0.9756495397309601,Retired,-0.41405723536925243,0.0,-0.15950030206752114,tinggi,1
0.275345179595457,Debit,Mesa,Branch,-1.1101629231868269,Student,-0.5132319668146789,0.0,-0.9668812202441839,rendah,1
-0.8991554788839841,Credit,Columbus,Branch,0.693782990688016,Retired,-0.9524343489301385,0.0,-0.4008761557981169,tinggi,0
0.16362539074044527,Credit,Dallas,Branch,1.3138893985824933,Retired,-0.824923979928876,0.0,-0.118388196907001,tinggi,0
0.5940145404254352,Debit,Indianapolis,Branch,0.18642320241071644,Engineer,-1.2924619996001718,0.0,0.13563182441733088,sedang,0
-0.6631193690152364,Debit,Kansas City,Branch,-1.2229095428040044,Student,-0.9666021677080565,0.0,-1.0676787117744881,rendah,0
0.4250835927840726,Debit,Las Vegas,Online,0.18642320241071644,Engineer,1.512766118427603,0.0,0.39701715656716985,sedang,0
1.5782846605223981,Credit,Philadelphia,Branch,0.6374096808794272,Engineer,-0.21570777247839967,0.0,0.8595366598385871,tinggi,1
-1.1500325939142833,Debit,Charlotte,Online,0.2991698220278941,Doctor,0.06764860307996141,0.0,2.2752098180663647,sedang,0
-0.254258837928793,Credit,Nashville,Branch,-0.1518166564408166,Engineer,0.9460533673108807,0.0,-0.6440466160246042,sedang,1
0.19046745563139936,Debit,Indianapolis,Branch,0.6374096808794272,Retired,1.498598299649685,0.0,-0.5340456860453261,tinggi,0
1.2102826992017073,Debit,Albuquerque,Branch,-1.1101629231868269,Student,0.12431987819163362,0.0,-0.8062652188950418,rendah,0
-0.6392546662708898,Credit,Austin,Online,0.8629029201137824,Engineer,-1.4624758249351884,0.0,-0.36738024796324265,tinggi,0
-0.564729001462729,Debit,Atlanta,ATM,-0.039070036823638944,Engineer,1.4277592057600947,0.0,-0.3211684906774497,sedang,0
-0.5204808194069924,Debit,Dallas,Online,-0.5464298251009385,Engineer,0.22349460963706,0.0,0.3261545206095637,sedang,0
-1.0630020080903708,Debit,Boston,ATM,0.9756495397309601,Retired,-0.9099308925963843,0.0,0.1958957857772316,tinggi,0
-0.10497848045504025,Credit,Jacksonville,Online,-1.053789613378238,Student,2.277828332435178,0.0,0.3678324004285604,rendah,0
-0.7572040128480343,Debit,Milwaukee,Branch,-0.039070036823638944,Doctor,-0.7115814297055315,0.0,2.4513244609649054,sedang,1
-0.6254671892535225,Debit,Miami,Branch,-1.4484027820383598,Student,-0.5982388794821871,0.0,-0.9570608058101744,rendah,1
-0.37830032551361137,Debit,Seattle,Online,0.2991698220278941,Doctor,-0.7399170672613676,0.0,1.3894831900555034,sedang,1
-0.33496825488760024,Debit,Denver,ATM,-0.377309895675172,Engineer,-0.24404341003423577,0.0,-1.1643928975117153,sedang,0
0.014070199837774834,Debit,Denver,Online,0.24279651221930526,Doctor,0.719368266864192,0.0,0.5314820803763209,sedang,0
-0.46780441219778235,Debit,San Diego,Online,-0.6028031349095274,Doctor,0.5351866227512573,0.0,-0.9157592557413862,sedang,1
-1.0639639250915824,Debit,Mesa,Branch,1.088396159348138,Doctor,-0.7115814297055315,0.0,1.2209258629570663,tinggi,1
-1.1324432544635556,Credit,San Diego,Online,0.7501563004966048,Doctor,0.8468786358654544,0.0,1.9925247340679968,tinggi,1
0.6235133284625929,Debit,Kansas City,Online,-1.1665362329954156,Student,-0.27237904759007187,0.0,-1.1031740314114902,rendah,0
2.1074764279032716,Credit,Milwaukee,Online,0.8629029201137824,Retired,-1.2074550869326635,0.0,-0.2654256064527057,tinggi,1
-0.11991109675956413,Debit,Houston,Branch,-1.3356561624211822,Student,0.22349460963706,0.0,-1.1476167828646706,rendah,0
1.7741950897691734,Debit,San Antonio,ATM,-0.8846696839524716,Engineer,-0.6690779733717774,0.0,-1.0130929775299768,rendah,1
1.1535754017017057,Credit,Mesa,Branch,0.35554313183648295,Engineer,0.11015205941371557,0.0,0.6675624060384074,sedang,1
2.7565413758637134,Credit,San Francisco,Branch,-0.9974163035696493,Student,0.9318855485329627,0.0,-0.8263514993041233,rendah,1
-1.0602994793726808,Debit,Louisville,ATM,0.693782990688016,Engineer,-0.5840710607042691,0.0,-1.2543741088064384,tinggi,0
-0.5002805623815475,Debit,Charlotte,Branch,1.48300932800826,Retired,0.1951589720812239,0.0,-0.7641828485962293,tinggi,0
-0.6496067254267869,Debit,San Antonio,Branch,-0.4336832054837608,Doctor,0.7902073607537822,0.0,0.6509859765649428,sedang,1
0.5795857854072604,Debit,Fort Worth,Branch,-0.8282963741438827,Engineer,-1.349133274711844,0.0,0.9731114424116808,rendah,0
-0.2779403183871945,Debit,Virginia Beach,Branch,-0.9974163035696493,Engineer,0.37934061619415865,0.0,1.105448951102307,rendah,1
-0.5812648127692724,Debit,Las Vegas,ATM,-0.715549754526705,Engineer,1.6402764874288656,0.0,0.7306706010886586,rendah,0
0.22931058025175588,Debit,Colorado Springs,Online,0.07367658279353874,Engineer,-0.9666021677080565,0.0,1.1052492659287267,sedang,0
-0.6497899477127318,Debit,Seattle,Online,0.8065296103051937,Retired,-0.5557354231484329,0.0,0.267237154138164,tinggi,1
2.289141324417818,Debit,Sacramento,Branch,-0.9974163035696493,Student,-1.4483080061572704,0.0,-1.1981524921783682,rendah,1
1.131039060530461,Debit,Los Angeles,Online,-1.2792828526125934,Student,-1.1932872681547455,0.0,-1.191196791965333,rendah,0
-0.5213053196937454,Debit,San Antonio,ATM,1.0320228495395491,Retired,0.39350843497207666,0.0,0.737462457056705,tinggi,1
-0.011306086765618667,Credit,Dallas,Online,0.35554313183648295,Engineer,0.7760395419758641,0.0,0.9596275730623777,sedang,0
-0.19732251257135994,Credit,Dallas,ATM,1.8776224966683817,Retired,2.3061639699910144,0.0,-0.40246595698777277,tinggi,0
0.3253190580869773,Debit,Fresno,Online,-0.26456327605799435,Engineer,-0.21570777247839967,0.0,-1.1829175374607483,sedang,0
-1.1650110157902933,Debit,San Diego,Online,0.1300498926021276,Doctor,-0.17320431614464551,0.0,1.8034279948204315,sedang,1
0.19807118049811998,Credit,Austin,Online,1.3138893985824933,Doctor,-1.0232734428197288,0.0,2.1622161705497156,tinggi,0
-0.645896474136399,Debit,Fresno,Branch,-0.32093658586658314,Engineer,0.6768648105304378,0.0,0.35334754514502953,sedang,0
-0.931081962209914,Debit,Houston,ATM,1.370262708391082,Retired,0.02514514674620725,0.0,-0.8830902493304393,tinggi,0
-0.8863299188678285,Credit,Detroit,Online,0.07367658279353874,Doctor,0.6485291729746017,0.0,1.555017078820634,sedang,0
0.3426793696802734,Debit,Portland,Online,-0.20818996624940544,Engineer,-0.824923979928876,0.0,-0.23763608646282808,sedang,1
-1.153376400632781,Debit,Washington,ATM,0.6374096808794272,Retired,-1.1082803554872371,0.0,0.11713534519790515,tinggi,1
-0.19374967799543089,Credit,Detroit,Online,1.426636018199671,Doctor,1.810290312763882,0.0,1.5490239635469072,tinggi,0
1.566421017507454,Debit,Philadelphia,Branch,0.693782990688016,Doctor,0.5493544415291753,0.0,-0.9434591734097857,tinggi,1
2.677068709335035,Debit,Tucson,Online,-1.053789613378238,Student,-0.5557354231484329,0.0,-1.023302522045834,rendah,1
-1.001714153441742,Debit,Mesa,Online,-1.053789613378238,Student,-0.15903649736672745,0.0,-1.228097588016378,rendah,1
-0.6051753210851052,Debit,Oklahoma City,Branch,-0.6591764447181162,Engineer,-0.2015399537004816,0.0,0.30950896934524463,sedang,1
0.20892710094036593,Credit,San Antonio,Branch,1.8776224966683817,Retired,-1.122448174265155,0.0,0.00839652791830548,tinggi,1
-0.22352329946150618,Debit,Louisville,Online,0.1300498926021276,Engineer,2.178653600989752,0.0,1.0865351810714254,sedang,0
-1.1500325939142833,Credit,Los Angeles,Branch,-1.2229095428040044,Student,1.9094650442093086,0.0,-1.0196339469978843,rendah,0
0.5702414488240612,Debit,Albuquerque,ATM,0.6374096808794272,Doctor,-0.6265745170380232,0.0,1.7240864191846608,tinggi,0
-1.102440605140049,Debit,Milwaukee,ATM,0.2991698220278941,Doctor,0.06764860307996141,0.0,2.380953357742265,sedang,1
1.050054810142736,Debit,Oklahoma City,Online,-1.5047760918469486,Student,-0.7257492484834496,0.0,-0.8581654435615356,rendah,1
0.36439121056476526,Debit,San Antonio,Branch,-1.3356561624211822,Student,-1.4341401873793524,0.0,-1.0497172864176036,rendah,1
-0.1020011183084327,Debit,Chicago,Online,-1.2229095428040044,Student,0.010977327968289194,0.0,-1.2382610513383323,rendah,0
-1.148979065770099,Debit,Chicago,Online,-0.8282963741438827,Doctor,1.7961224939859641,0.0,0.08754097844682414,rendah,0
-0.13603465792273112,Debit,Charlotte,ATM,-1.5047760918469486,Student,2.476177795326031,0.0,-1.2183027742456485,rendah,0
-0.9664438633973143,Debit,Los Angeles,ATM,-1.392029472229771,Student,-0.3857215978134163,0.0,-0.8810882774619837,rendah,0
0.7267590865926448,Debit,Memphis,ATM,1.2011427789653157,Doctor,0.3085015223045684,0.0,1.2833223595681476,tinggi,1
0.04086645915724244,Debit,Philadelphia,Online,0.5246630612622495,Retired,-0.3857215978134163,0.0,-0.16759267173016532,sedang,1
-0.8585717425471491,Debit,Virginia Beach,Online,1.9903691162855595,Retired,-0.08819740347713718,0.0,0.3461102376359201,tinggi,1
0.34854248283051603,Credit,Albuquerque,Branch,-0.5464298251009385,Engineer,2.4620099765481127,0.0,-0.5920439887049926,sedang,0
0.050668851455304094,Debit,San Antonio,Online,-1.392029472229771,Student,0.5776900790850115,0.0,-1.1532207680565494,rendah,1
1.0956313537715743,Debit,San Francisco,Branch,0.9192762299223713,Doctor,2.0653110507664074,0.0,1.9978368716984893,tinggi,1
0.5470180240805225,Debit,Tucson,ATM,-0.4336832054837608,Engineer,1.781954675208046,0.0,1.0141928267762652,sedang,1
-0.7961845541828498,Credit,Seattle,Online,-0.49005651529234967,Engineer,0.73353608564211,0.0,1.000665436299387,sedang,1
-0.7492796489809096,Credit,New York,Online,-1.392029472229771,Student,-0.6690779733717774,0.0,-1.0108708399573179,rendah,1
2.5034197878305875,Credit,Memphis,Branch,1.3138893985824933,Doctor,0.13848769696955168,0.0,1.8093417480379919,tinggi,1
-1.0126616850269605,Debit,Charlotte,Branch,-1.2229095428040044,Student,0.039312965524125304,0.0,-1.1492014639216708,rendah,0
-1.0457791132115333,Debit,Washington,Online,0.9756495397309601,Doctor,-0.2865468663679899,0.0,0.9138715075829597,tinggi,1
-0.5373372697139397,Credit,Louisville,Online,0.4682897514536606,Doctor,0.8185429983096183,0.0,1.2795334614027845,sedang,0
0.23237955354133602,Debit,Detroit,Branch,-0.6591764447181162,Doctor,2.3486674263247687,0.0,0.05297496288686747,sedang,0
-0.898651617597635,Credit,Tucson,Branch,0.6374096808794272,Retired,-0.9382665301522204,0.0,-1.0377310558701502,tinggi,1
-0.8335619005156457,Debit,Nashville,Branch,1.426636018199671,Doctor,0.08181642185787946,0.0,0.4661031064931798,tinggi,1
-0.11418540032378043,Debit,Memphis,ATM,-0.6028031349095274,Engineer,0.6485291729746017,0.0,-1.2769743743495652,sedang,1
-0.5983502909336511,Debit,Baltimore,Branch,1.7085025672426153,Retired,2.1078145071001617,0.0,0.14562888342796865,tinggi,0
0.2176301595227573,Debit,Houston,Branch,-0.7719230643352939,Engineer,-1.1791194493768273,0.0,-0.26719717235164586,rendah,0
0.11456762367865052,Debit,Detroit,ATM,-1.2792828526125934,Student,-0.14486867858880942,0.0,-0.8998202827835807,rendah,0
2.386661386112086,Debit,Houston,Branch,-0.7719230643352939,Engineer,-1.4483080061572704,0.0,0.4415443902091729,rendah,0
-0.6305516076884985,Debit,Los Angeles,Branch,0.6374096808794272,Retired,-0.3290503227017441,0.0,0.1064189075491141,tinggi,0
-0.3648334874966481,Debit,Chicago,Online,1.764875877051204,Retired,-1.079944717931401,0.0,0.06207855874905136,tinggi,0
0.018513340271942857,Debit,Denver,Branch,-1.2792828526125934,Student,-1.1791194493768273,0.0,-1.074654892518147,rendah,0
-0.4001953886840483,Debit,Chicago,Online,-1.1665362329954156,Student,-1.4199723686014343,0.0,-0.8434527423748174,rendah,0
-0.8410282086679077,Debit,Portland,Branch,-1.053789613378238,Student,-1.4908114624910245,0.0,-1.1041750173457179,rendah,1
2.453949770625416,Debit,Baltimore,ATM,-1.4484027820383598,Student,0.6343613541966836,0.0,-1.108621852557364,rendah,0
-0.09059553100835151,Debit,Phoenix,Online,1.48300932800826,Retired,-1.037441261597647,0.0,-1.00304471719278,tinggi,1
-1.0199447708932772,Credit,Philadelphia,Online,0.5246630612622495,Engineer,-0.9240987113743023,0.0,-1.1198400632064327,sedang,1
2.214295020609253,Debit,Philadelphia,Online,-0.20818996624940544,Doctor,0.05348078430204335,0.0,2.3971150564706023,sedang,1
0.9010034805264148,Debit,Albuquerque,ATM,0.7501563004966048,Doctor,-0.5273997855925969,0.0,1.7780910183727279,tinggi,0
0.1998575977860847,Debit,Jacksonville,Branch,1.5957559476254375,Retired,-0.27237904759007187,0.0,0.7129344615686335,tinggi,0
-0.668341204164671,Credit,Virginia Beach,Branch,-1.4484027820383598,Student,1.1585706489796517,0.0,-0.8060271327265427,rendah,1
-0.25260983735528736,Debit,Las Vegas,ATM,0.8065296103051937,Doctor,2.5470168892156213,0.0,0.5703080463059835,tinggi,0
0.6521418106415114,Debit,Portland,ATM,0.8065296103051937,Engineer,-0.14486867858880942,0.0,-0.4839605484053477,tinggi,1
1.7109375955466353,Debit,Mesa,ATM,0.9756495397309601,Retired,-0.9524343489301385,0.0,-0.956738237452853,tinggi,1
-1.1263511134558817,Credit,Philadelphia,ATM,0.8629029201137824,Engineer,1.781954675208046,0.0,-0.9878840043986709,tinggi,1
-0.18752012027329815,Debit,Los Angeles,ATM,-0.377309895675172,Doctor,1.6402764874288656,0.0,0.7097702195872894,sedang,0
0.8613816611907914,Credit,Las Vegas,Branch,-0.09544334663222778,Doctor,-0.2582112288121538,0.0,1.338253702766932,sedang,0
0.10870451052840786,Credit,Virginia Beach,Online,-1.1101629231868269,Student,-1.349133274711844,0.0,-1.230770297262756,rendah,1
-1.1613465700713919,Credit,Los Angeles,Branch,0.2991698220278941,Doctor,0.1668233345253878,0.0,1.6088885545596479,sedang,0
-1.0832022651158157,Debit,Tucson,Branch,0.9756495397309601,Retired,-0.6265745170380232,0.0,-0.5986284793004754,tinggi,1
1.0822561268975839,Debit,Colorado Springs,Branch,0.4682897514536606,Retired,1.6544443062067835,0.0,0.5970530592340582,sedang,0
0.23164666439755585,Debit,Los Angeles,ATM,-1.4484027820383598,Student,-1.4908114624910245,0.0,-1.0352426713993845,rendah,0
-1.1252517797402113,Debit,Atlanta,Online,-0.09544334663222778,Doctor,0.5918578978629295,0.0,0.21916166856562483,sedang,0
0.2610080357202546,Debit,Tucson,Branch,0.8065296103051937,Engineer,0.4501797100837489,0.0,0.5531735223730262,tinggi,1
0.14292127242865144,Debit,Denver,ATM,1.3138893985824933,Retired,-0.7965883423730399,0.0,-0.8583369680055082,tinggi,0
2.4905026166714586,Debit,Oklahoma City,ATM,-0.7719230643352939,Engineer,-0.15903649736672745,0.0,1.1672387119936642,rendah,1
1.0475813092824777,Debit,Houston,ATM,0.07367658279353874,Engineer,0.33683715986040447,0.0,0.325307138655013,sedang,0
1.2106949493450838,Debit,Kansas City,ATM,0.5246630612622495,Doctor,1.3427522930925864,0.0,1.1114932677025924,sedang,0
0.22028688266896088,Debit,Portland,ATM,1.1447694691567267,Doctor,0.5493544415291753,0.0,2.158240387542411,tinggi,1
2.003360363914981,Debit,Milwaukee,ATM,0.9192762299223713,Retired,-0.6690779733717774,0.0,-0.9501537468573703,tinggi,1
-0.641178500273313,Debit,Louisville,ATM,0.5810363710708383,Engineer,0.73353608564211,0.0,0.4110821609729174,sedang,0
-0.8334702893726733,Debit,Atlanta,ATM,-1.1101629231868269,Student,1.1727384677575696,0.0,-1.1981473720457123,rendah,0
2.9013327873318118,Credit,Las Vegas,Online,-0.6591764447181162,Engineer,0.5918578978629295,0.0,0.010270496470363719,sedang,0
0.47835547242260423,Debit,Omaha,ATM,1.0320228495395491,Doctor,0.8610464546433725,0.0,0.7282769390720268,tinggi,1
-0.5738443101884967,Debit,Charlotte,Branch,-0.039070036823638944,Doctor,-1.0941125367093192,0.0,0.19782351572217652,sedang,0
1.0474438925680187,Credit,Milwaukee,Online,1.764875877051204,Retired,-1.1649516305989094,0.0,-0.5187620900674754,tinggi,1
1.3330874363563965,Debit,Columbus,ATM,1.088396159348138,Retired,0.1668233345253878,0.0,0.2700737076295306,tinggi,0
0.9182263754052522,Debit,Virginia Beach,Online,-0.9410429937610604,Engineer,-1.4766436437131065,0.0,0.8236957312473123,rendah,1
1.1423988422590559,Debit,Chicago,ATM,0.7501563004966048,Engineer,-0.7824205235951218,0.0,-1.246937116123749,tinggi,0
1.0523908942885358,Debit,Indianapolis,Branch,0.693782990688016,Retired,-0.0031904908096288594,0.0,-0.6623536503357619,tinggi,0
-0.4267168145745984,Debit,San Diego,Branch,-0.20818996624940544,Doctor,2.4478421577701948,0.0,1.2772780429678616,sedang,1
1.4878186568370155,Debit,Boston,ATM,-1.2792828526125934,Student,0.8043751795317002,0.0,-1.1829098572617647,rendah,0
1.2225585923600277,Debit,Oklahoma City,ATM,-0.09544334663222778,Doctor,0.5635222603070934,0.0,2.149876650849005,sedang,1
-0.7574330407054655,Debit,Fort Worth,ATM,0.35554313183648295,Doctor,0.3085015223045684,0.0,2.5196091101302676,sedang,0
-1.1524144836315693,Debit,San Jose,ATM,-0.32093658586658314,Doctor,-0.9949378052638926,0.0,2.314942047476121,sedang,1
-0.9289749059215455,Credit,Milwaukee,ATM,0.6374096808794272,Retired,0.5918578978629295,0.0,0.41869579823223524,tinggi,1
2.198171459446086,Debit,Memphis,Branch,0.18642320241071644,Engineer,-1.5474827376026967,0.0,-0.45767378734997555,sedang,1
-1.0250291893282533,Credit,Fort Worth,Online,0.4682897514536606,Retired,0.719368266864192,0.0,-0.9113687419889551,sedang,0
-0.8718553582781673,Credit,Louisville,Online,-0.715549754526705,Engineer,0.35100497863832253,0.0,0.4401824349227043,rendah,0
1.519378695591055,Debit,Portland,Branch,-0.715549754526705,Engineer,0.15265551574746974,0.0,-1.1229377434632501,rendah,1
-0.3817357433750816,Debit,Nashville,ATM,-1.3356561624211822,Student,2.3061639699910144,0.0,-0.9712640537976311,rendah,1
-0.8176673672099103,Credit,Memphis,Online,0.6374096808794272,Engineer,0.9885568236446349,0.0,0.5515709208517305,tinggi,1
-0.9902169549986881,Debit,Louisville,Branch,0.8065296103051937,Retired,0.5210188039733392,0.0,-1.0104509890795341,tinggi,0
-0.7311406426723468,Credit,Atlanta,Branch,1.8212491868597929,Retired,-0.9099308925963843,0.0,0.3960212907655979,tinggi,0
-1.02040282660814,Debit,Philadelphia,Branch,-1.2792828526125934,Student,-0.541567604370515,0.0,0.9239172078538282,rendah,1
1.0774465418915253,Debit,Fresno,Online,-1.2229095428040044,Student,-0.6407423358159413,0.0,-1.0862135919888334,rendah,0
2.680412516053533,Credit,Virginia Beach,Online,0.4682897514536606,Doctor,0.9318855485329627,0.0,-1.1754191031861883,sedang,1
-0.8395624303803471,Debit,Atlanta,ATM,0.35554313183648295,Engineer,0.5493544415291753,0.0,-0.5859356704465082,sedang,0
2.3071887195834075,Debit,Phoenix,Online,0.693782990688016,Engineer,-0.017358309587546913,0.0,0.2762562678115254,tinggi,1
0.5260848779112973,Debit,San Francisco,Branch,1.2575160887739045,Retired,0.33683715986040447,0.0,-0.41383265148386267,tinggi,1
-0.17350361539849962,Debit,Seattle,ATM,-1.5047760918469486,Student,-1.5049792812689426,0.0,-1.112758919743328,rendah,1
-0.13488951863557436,Debit,Atlanta,Online,-1.5047760918469486,Student,-0.7682527048172038,0.0,-1.1135576604376478,rendah,0
-0.08633561286012839,Credit,Kansas City,Branch,-0.32093658586658314,Doctor,-0.4707285104809246,0.0,0.8727978034173586,sedang,0
0.38619466259222957,Debit,San Jose,Online,-1.5047760918469486,Student,0.4076762537499947,0.0,-1.174927570451222,rendah,1
0.8141561169884473,Debit,Memphis,ATM,0.8065296103051937,Doctor,1.3569201118705043,0.0,1.9322121314478653,tinggi,1
0.2567023120005453,Credit,Portland,Branch,0.5246630612622495,Engineer,-1.065776899153483,0.0,-1.246138375429429,sedang,1
-0.8322335389425439,Debit,Boston,ATM,-1.2229095428040044,Student,0.49268316641750304,0.0,-1.0260469131493946,rendah,0
-1.0697354270988524,Debit,Los Angeles,ATM,0.8065296103051937,Engineer,0.5918578978629295,0.0,0.4122572314174454,tinggi,0
-0.9594356109599149,Credit,Seattle,Online,-1.1101629231868269,Student,-0.824923979928876,0.0,-1.1882399153565528,rendah,1
1.059536563440394,Debit,Louisville,Branch,-0.09544334663222778,Engineer,0.6910326293083559,0.0,0.504404258825613,sedang,0
-1.1177396660164631,Debit,Fort Worth,ATM,-0.039070036823638944,Engineer,0.5210188039733392,0.0,1.0097869526258667,sedang,0
1.278303972858818,Debit,Las Vegas,Online,-0.09544334663222778,Engineer,-1.3774689122676802,0.0,1.1626049919400785,sedang,0
0.06358602261443237,Credit,Washington,Online,-1.053789613378238,Engineer,-0.9382665301522204,0.0,0.29777362529793006,rendah,1
-0.7276594192393903,Debit,Denver,Branch,1.5393826378168487,Retired,-1.4341401873793524,0.0,0.6040522805746685,tinggi,0
-0.27830676295908463,Debit,San Francisco,Online,0.9192762299223713,Retired,-0.300714685145908,0.0,-0.22195568020414536,tinggi,1
-0.025918064069738688,Debit,San Jose,ATM,-0.1518166564408166,Engineer,1.7961224939859641,0.0,0.8200117958013946,sedang,1
-0.972536004404988,Debit,El Paso,Online,-0.9410429937610604,Student,1.215241924091324,0.0,-1.225383917708753,rendah,0
-0.35713815148695477,Debit,Baltimore,Online,-0.5464298251009385,Doctor,0.8610464546433725,0.0,0.035947961739683953,sedang,0
0.5947474295692156,Debit,New York,Branch,0.07367658279353874,Doctor,0.12431987819163362,0.0,0.45114719900530664,sedang,1
-0.4108680868403492,Debit,Denver,Online,1.764875877051204,Retired,-1.4058045498235163,0.0,-0.31311708207605266,tinggi,0
0.4048375301871416,Debit,Fresno,Branch,1.370262708391082,Retired,1.8952972254313907,0.0,-0.26989036212864737,tinggi,0
-0.8336077060871321,Debit,Raleigh,ATM,1.5393826378168487,Retired,-0.03152612836546497,0.0,-0.688934819018848,tinggi,1
1.900435244785333,Debit,Washington,Branch,0.7501563004966048,Engineer,-0.9240987113743023,0.0,0.02843416706715613,tinggi,1
-0.008237113476038655,Debit,Seattle,ATM,0.017303272984949897,Engineer,0.46434752886166697,0.0,0.2859717195260888,sedang,1
-0.9668103079692043,Debit,Philadelphia,Online,-1.1101629231868269,Student,-0.14486867858880942,0.0,0.22459668937985874,rendah,1
0.33370147766896463,Credit,San Antonio,Online,-1.053789613378238,Student,-0.7540848860392857,0.0,-0.8778856344857207,rendah,1
-0.9592523886739698,Debit,San Diego,ATM,1.088396159348138,Doctor,-1.2924619996001718,0.0,0.8071141816411918,tinggi,1
-1.0116081568827762,Debit,Miami,Branch,1.0320228495395491,Retired,0.13848769696955168,0.0,-0.1564256624076553,tinggi,1
-0.4839279733609493,Credit,New York,Branch,-0.4336832054837608,Doctor,-0.3290503227017441,0.0,1.741615193332122,sedang,1
-0.06512763326198555,Credit,San Francisco,Online,-1.2792828526125934,Student,1.6261086686509474,0.0,-1.1821853584909554,rendah,1
-0.9532976643807548,Debit,Virginia Beach,Branch,-1.3356561624211822,Student,-1.4483080061572704,0.0,-1.0969197893723126,rendah,1
-0.9773913949825326,Debit,Boston,ATM,-1.1101629231868269,Student,-0.5557354231484329,0.0,-1.1578544881101354,rendah,0
0.8563430483273018,Debit,Las Vegas,ATM,0.4682897514536606,Retired,-0.45656069170300656,0.0,-0.5035552960794631,sedang,0
0.4960822285877906,Debit,Dallas,Online,1.3138893985824933,Retired,-0.8815952550405481,0.0,0.2030844520261101,tinggi,0
2.2928973812796913,Debit,Los Angeles,ATM,-1.2792828526125934,Student,-1.1649516305989094,0.0,1.1345210643224866,rendah,0
-1.082377764829063,Debit,Fort Worth,Branch,0.35554313183648295,Engineer,-0.6690779733717774,0.0,0.057913330833479534,sedang,0
1.0009512375094551,Debit,Phoenix,ATM,-0.6028031349095274,Engineer,-0.2015399537004816,0.0,-0.7936748126941926,sedang,1
-1.0173338533185599,Debit,San Francisco,ATM,0.6374096808794272,Retired,-1.349133274711844,0.0,0.44206152360741835,tinggi,1
-0.20914035001481743,Debit,Washington,ATM,1.5957559476254375,Retired,-0.41405723536925243,0.0,-0.26410717229381236,tinggi,1
-0.20831584972806455,Credit,Fort Worth,Branch,0.35554313183648295,Engineer,2.3628352451026866,0.0,0.7277393251431579,sedang,0
2.2333501383475407,Credit,Houston,Online,-0.32093658586658314,Engineer,-0.17320431614464551,0.0,0.9578892880257006,sedang,0
-0.895078783021706,Debit,Phoenix,Online,-1.1665362329954156,Student,0.719368266864192,0.0,-0.8238400742364062,rendah,1
-0.40949391969576104,Debit,Mesa,Branch,-0.4336832054837608,Doctor,-0.5273997855925969,0.0,1.901079164833687,sedang,1
0.47922577828084334,Debit,Nashville,Online,-1.3356561624211822,Student,-0.5132319668146789,0.0,-0.09292321714290021,rendah,1
0.5588816670954665,Debit,Virginia Beach,Branch,1.8776224966683817,Retired,0.09598424063579752,0.0,-0.7168907433200422,tinggi,1
-0.07204427455641223,Debit,Columbus,Branch,-0.8282963741438827,Doctor,-0.9099308925963843,0.0,1.8648132652319729,rendah,0
-0.5721495040435047,Credit,Fort Worth,Branch,-0.7719230643352939,Engineer,-1.5049792812689426,0.0,-0.14176416254749585,rendah,0
1.0475813092824777,Debit,Louisville,Online,-1.4484027820383598,Student,0.4076762537499947,0.0,-0.913301592066556,rendah,0
0.2945835196196902,Debit,Los Angeles,Branch,0.07367658279353874,Doctor,0.8468786358654544,0.0,0.48749758079584304,sedang,0
2.081687891156502,Debit,San Jose,Branch,-1.3356561624211822,Student,-0.9666021677080565,0.0,-1.0612529452913384,rendah,1
-1.120442194734153,Debit,Houston,ATM,-0.1518166564408166,Engineer,0.2801658847487323,0.0,0.7024996312159165,sedang,0
0.4310383170772877,Debit,Colorado Springs,ATM,-1.392029472229771,Student,-0.7824205235951218,0.0,-1.2491208527014888,rendah,0
0.2061787666511899,Debit,Columbus,Online,0.5246630612622495,Engineer,-1.334965455933926,0.0,0.3802666425834047,sedang,0
-1.0420688619211456,Debit,Louisville,Online,1.1447694691567267,Retired,-1.2641263620443357,0.0,-0.29594159708184814,tinggi,0
-0.11510151175350576,Debit,Raleigh,Branch,-0.9974163035696493,Student,0.4076762537499947,0.0,-1.0170713206036084,rendah,1
-0.35457303948372365,Debit,Oklahoma City,ATM,0.7501563004966048,Retired,1.767786856430128,0.0,-0.6334069803656516,tinggi,1
-1.0083101557357648,Debit,Jacksonville,Branch,0.18642320241071644,Doctor,-0.9099308925963843,0.0,0.34780244147869377,sedang,0
-0.5437958552935037,Credit,Los Angeles,Branch,0.4682897514536606,Doctor,2.2919961512130964,0.0,-0.8835101002082227,sedang,0
-0.1080932593161065,Debit,Louisville,ATM,-0.6591764447181162,Engineer,-0.6690779733717774,0.0,0.4706472242252879,sedang,0
0.8235920647146189,Debit,Los Angeles,Branch,-0.7719230643352939,Doctor,-0.1165330410329733,0.0,2.37173967902798,rendah,0
2.8105919502175114,Debit,Los Angeles,Branch,-0.8846696839524716,Doctor,-0.9099308925963843,0.0,1.2837114896499957,rendah,0
0.4468870448115369,Debit,Chicago,ATM,1.6521292574340263,Retired,0.12431987819163362,0.0,0.5780215261520912,tinggi,0
-1.0728044003884325,Debit,Kansas City,Online,0.4682897514536606,Engineer,-0.10236522225505525,0.0,-0.16967656572111522,sedang,0
-0.34193070175351326,Debit,Mesa,Branch,-1.053789613378238,Student,-0.9382665301522204,0.0,-1.0047522814335217,rendah,1
-0.5956019566444748,Debit,Philadelphia,Branch,-1.053789613378238,Engineer,2.419506520214359,0.0,0.08375720041411654,rendah,1
0.14351674485797292,Debit,Virginia Beach,Online,-0.4336832054837608,Engineer,-0.9807699864859746,0.0,-0.37062129193442506,sedang,1
-0.6324296361194357,Debit,Atlanta,Branch,0.5810363710708383,Engineer,0.05348078430204335,0.0,-0.7669938014243164,sedang,0
1.8092363519561703,Debit,Indianapolis,ATM,-1.3356561624211822,Student,0.6626969917525197,0.0,-0.8443206048599917,rendah,0
-0.8711682747058732,Debit,Detroit,ATM,-0.4336832054837608,Engineer,-1.2216229057105816,0.0,-0.3944683097792625,sedang,0
-0.7251401128076455,Debit,Denver,Branch,1.370262708391082,Retired,0.6626969917525197,0.0,-0.39322923767653556,tinggi,0
-0.5399939928601435,Debit,Washington,Online,1.48300932800826,Retired,-1.2641263620443357,0.0,0.4229506284692851,tinggi,1
-1.0212273268948928,Debit,Nashville,Branch,-1.053789613378238,Student,0.8185429983096183,0.0,-0.9359760995331932,rendah,1
-1.0678573986679154,Debit,Atlanta,Branch,0.7501563004966048,Doctor,0.6343613541966836,0.0,1.4561857182301936,tinggi,0
-1.0570930893686419,Debit,San Diego,ATM,1.1447694691567267,Doctor,2.3203317887689323,0.0,1.9950131185387623,tinggi,1
-1.0982722981347985,Debit,Los Angeles,Branch,-0.9974163035696493,Engineer,-1.065776899153483,0.0,-0.589496722708684,rendah,0
2.047745962685176,Debit,San Antonio,Online,0.07367658279353874,Engineer,-0.8107561611509579,0.0,-0.38839839251569735,sedang,1
-1.0548486163658148,Debit,Houston,ATM,1.8212491868597929,Retired,1.541101755983439,0.0,-0.515963937571028,tinggi,0
-0.5012882849542455,Debit,San Jose,Branch,-0.1518166564408166,Engineer,1.9803041380988988,0.0,0.4344171655521651,sedang,1
-0.250686003352864,Debit,Memphis,ATM,-0.9974163035696493,Student,-1.4341401873793524,0.0,-1.1147404110811598,rendah,1
0.23627302711766904,Debit,Nashville,Branch,1.7085025672426153,Retired,-1.1366159930430733,0.0,0.08371367928654162,tinggi,1
-1.1252517797402113,Debit,Miami,ATM,0.4682897514536606,Engineer,0.35100497863832253,0.0,0.6058366468052485,sedang,1
0.17090847660676203,Debit,Fresno,Online,-0.377309895675172,Engineer,0.23766242841497806,0.0,0.3229134766383813,sedang,0
-0.53770371428583,Debit,Boston,Online,-0.9974163035696493,Student,-1.2499585432664178,0.0,-0.9715584614253451,rendah,0
0.8052240305486248,Debit,Colorado Springs,ATM,-0.8846696839524716,Doctor,0.25183024719289615,0.0,2.1882290045079973,rendah,0
-0.5744397826178181,Debit,Charlotte,Online,-0.09544334663222778,Doctor,-0.7682527048172038,0.0,-0.9634328109004375,sedang,0
1.1904030811766666,Debit,Mesa,ATM,-0.1518166564408166,Engineer,0.12431987819163362,0.0,-0.7898116726053187,sedang,1
0.5389562434989391,Credit,San Francisco,Branch,-1.053789613378238,Student,0.8327108170875364,0.0,-0.8779240354806398,rendah,1
-0.4154944495604624,Debit,Omaha,ATM,1.3138893985824933,Doctor,1.526933937205521,0.0,1.7208044141522314,tinggi,1
1.6950888678123859,Debit,Chicago,ATM,-1.2229095428040044,Student,0.37934061619415865,0.0,-1.1555376280833425,rendah,0
0.9619706961746397,Debit,Austin,Branch,0.6374096808794272,Retired,0.6485291729746017,0.0,0.08236196426538481,tinggi,0
2.4368642924610375,Debit,Phoenix,Online,0.7501563004966048,Retired,1.5836052123171933,0.0,-0.8159141088850785,tinggi,1
1.229612650368913,Debit,Colorado Springs,ATM,1.370262708391082,Retired,0.20932679085914196,0.0,-0.10424895057774299,tinggi,0
1.7216102937029363,Debit,Denver,ATM,1.9903691162855595,Retired,-0.6124066982601052,0.0,-0.18869529847144237,tinggi,0
-0.6068701272300971,Debit,Oklahoma City,ATM,1.5393826378168487,Retired,-0.41405723536925243,0.0,-0.45596110297657816,tinggi,1
-0.9756049776945681,Debit,Fresno,ATM,0.9756495397309601,Retired,0.039312965524125304,0.0,-0.19042590330913542,tinggi,0
0.12354551568995928,Debit,San Diego,Branch,-0.9410429937610604,Student,-1.2782941808222537,0.0,-0.9168780047266996,rendah,1
-0.40450111240375763,Debit,San Francisco,ATM,1.48300932800826,Retired,-0.10236522225505525,0.0,0.22061834630622726,tinggi,1
-0.1751984215434916,Credit,Denver,Branch,-0.26456327605799435,Engineer,0.05348078430204335,0.0,0.4092056323545311,sedang,0
-0.5679811970382541,Debit,Oklahoma City,ATM,-1.3356561624211822,Student,0.33683715986040447,0.0,-1.0952173452642269,rendah,1
-0.4556201301824346,Credit,Dallas,Branch,-0.1518166564408166,Doctor,2.405338701436441,0.0,2.26911430013952,sedang,0
-0.5133351502551344,Debit,Albuquerque,Online,-1.392029472229771,Student,0.5635222603070934,0.0,-1.0838020095079062,rendah,0
1.769843560477978,Debit,Atlanta,ATM,1.088396159348138,Doctor,-0.37155377903549824,0.0,-1.0406546516166673,tinggi,0
-0.22338588274704738,Debit,Oklahoma City,Online,-0.715549754526705,Doctor,-1.1791194493768273,0.0,0.8648129565404881,rendah,1
0.17709222875740854,Debit,Mesa,ATM,0.8065296103051937,Retired,-1.1791194493768273,0.0,0.3020489360656035,tinggi,1
-1.0379921660588676,Debit,Austin,ATM,-0.039070036823638944,Doctor,-0.2865468663679899,0.0,-1.1826692110269375,sedang,0
-0.35086278819333583,Debit,Phoenix,Branch,0.7501563004966048,Engineer,0.35100497863832253,0.0,0.852609120355159,tinggi,1
-1.113662970154185,Credit,Denver,Online,-0.377309895675172,Engineer,0.4076762537499947,0.0,0.8299678937507854,sedang,0
-0.734255421533413,Debit,New York,Branch,0.7501563004966048,Retired,-0.3432181414796621,0.0,0.5328542759281013,tinggi,1
-0.7136429143645917,Debit,San Antonio,ATM,-0.9974163035696493,Student,0.5776900790850115,0.0,-0.8717645158955966,rendah,1
-0.9947975121473152,Debit,Virginia Beach,Branch,0.41191644164507174,Engineer,0.7052004480862739,0.0,0.8695337188492247,sedang,1
-0.721338250374285,Debit,Seattle,ATM,-0.26456327605799435,Doctor,-1.037441261597647,0.0,-0.9801705245525629,sedang,1
-0.6091604058044107,Debit,Las Vegas,Online,0.6374096808794272,Engineer,1.767786856430128,0.0,-0.2921526989164849,tinggi,0
0.779114854801451,Debit,Omaha,ATM,-1.4484027820383598,Student,1.8244581315418003,0.0,-1.1839338837929438,rendah,1
-0.5639045011759762,Credit,San Jose,Online,-1.1101629231868269,Student,0.05348078430204335,0.0,-0.8265409442123914,rendah,1
-0.1577923043787092,Debit,Virginia Beach,Online,0.24279651221930526,Engineer,-0.6549101545938594,0.0,-0.5077691652552658,sedang,1
-0.18733689798735312,Credit,Virginia Beach,Online,-1.2792828526125934,Student,0.29433370352665034,0.0,-0.8343568267116174,rendah,1
-0.5743023659033594,Debit,Charlotte,Branch,1.2575160887739045,Retired,1.9661363193209809,0.0,0.394638854948506,tinggi,0
-0.24725058549139378,Credit,Memphis,Branch,0.9192762299223713,Doctor,0.4218440725279128,0.0,0.6506250072127022,tinggi,1
0.05291332445813135,Debit,Miami,ATM,-1.053789613378238,Student,0.73353608564211,0.0,-1.2708353352951454,rendah,1
0.4442303216653333,Debit,Milwaukee,ATM,-0.1518166564408166,Doctor,0.33683715986040447,0.0,-1.125165001168565,sedang,1
0.4927842274407793,Debit,Colorado Springs,ATM,0.35554313183648295,Engineer,0.37934061619415865,0.0,0.7728630542395726,sedang,0
-0.28270409782176653,Debit,Louisville,ATM,0.07367658279353874,Doctor,0.35100497863832253,0.0,0.25609318541260534,sedang,0
-0.1201401246169954,Debit,Raleigh,Branch,1.9903691162855595,Retired,1.2010741053134057,0.0,-0.6501011728902018,tinggi,1
2.2098518801750844,Credit,Tucson,Branch,0.7501563004966048,Doctor,-1.0232734428197288,0.0,1.7420811254038084,tinggi,1
0.6115580743046767,Credit,Omaha,ATM,1.088396159348138,Doctor,-0.824923979928876,0.0,0.5107506632525965,tinggi,1
-0.06783016197967548,Debit,Dallas,Online,0.7501563004966048,Engineer,0.06764860307996141,0.0,-0.1838337325146688,tinggi,0
-0.06618116140616984,Credit,San Antonio,ATM,-1.5047760918469486,Student,2.1503179634339156,0.0,-0.9656779890700481,rendah,1
-0.5579497768827612,Debit,San Francisco,ATM,-1.2229095428040044,Student,0.8610464546433725,0.0,-0.9786652055517293,rendah,1
-0.2899413781165972,Debit,Oklahoma City,Branch,1.9903691162855595,Retired,2.0936466883222438,0.0,-0.5558676914247566,tinggi,1
2.374522909668224,Credit,Albuquerque,Online,0.8065296103051937,Doctor,-1.1507838118209912,0.0,0.22446100586447756,tinggi,0
0.0445767104476303,Debit,El Paso,ATM,1.5393826378168487,Retired,-0.27237904759007187,0.0,0.6595007571716986,tinggi,0
-0.4738049420624837,Debit,Mesa,ATM,0.017303272984949897,Engineer,0.35100497863832253,0.0,-0.11343958869507716,sedang,1
-1.1530099560608906,Debit,New York,Branch,-0.6028031349095274,Engineer,-0.41405723536925243,0.0,-0.4628092804038396,sedang,1
-0.6308722466889024,Debit,Detroit,ATM,0.693782990688016,Engineer,0.1668233345253878,0.0,0.741763368487658,tinggi,0
-0.6280781068282401,Debit,Tucson,Branch,-0.8282963741438827,Engineer,0.05348078430204335,0.0,-0.42637185635815295,rendah,1
-0.6845105708993242,Debit,Virginia Beach,Online,0.7501563004966048,Doctor,-1.2357907244884996,0.0,-1.2177574801177955,tinggi,1
-0.6454842239930224,Debit,Raleigh,ATM,0.4682897514536606,Retired,-0.8815952550405481,0.0,-0.30814031313452134,sedang,1
0.8300048447226968,Debit,Philadelphia,ATM,1.2575160887739045,Retired,1.810290312763882,0.0,0.06608506255229019,tinggi,1
1.9259031425316986,Debit,Houston,Online,-0.9974163035696493,Engineer,2.3770030638806046,0.0,-1.1451232782612493,rendah,0
0.179382507331722,Debit,Las Vegas,Branch,-0.5464298251009385,Doctor,1.8244581315418003,0.0,0.5934254452473555,sedang,0
0.19353642892097925,Credit,Boston,Branch,-0.49005651529234967,Engineer,-0.49906414803676075,0.0,0.13170212260393055,sedang,0
0.9375563265724578,Credit,Denver,Branch,-1.1665362329954156,Student,-1.065776899153483,0.0,-0.7950623686439404,rendah,0
-0.7160248040818779,Debit,Las Vegas,ATM,0.2991698220278941,Engineer,-0.13070085981089136,0.0,-1.1897708350206657,sedang,0
-0.7855118560265489,Debit,Washington,ATM,1.2011427789653157,Retired,0.6626969917525197,0.0,-0.7493447041594415,tinggi,1
-0.8111171704873738,Debit,Raleigh,Branch,-0.32093658586658314,Engineer,0.719368266864192,0.0,0.3459489534572593,sedang,1
2.389455525972748,Credit,Omaha,Online,1.7085025672426153,Retired,-0.17320431614464551,0.0,0.6689090009269082,tinggi,1
0.5933732624246275,Debit,Phoenix,Online,-0.1518166564408166,Engineer,0.22349460963706,0.0,0.10945514621406056,sedang,1
-1.1110062470079816,Debit,Los Angeles,ATM,-0.6028031349095274,Engineer,0.43601189130583085,0.0,0.4905542999914131,sedang,0
-0.1101545100329887,Credit,Indianapolis,Branch,0.5810363710708383,Retired,0.3651727974162406,0.0,-0.6245312304066551,sedang,0
0.1700839763200094,Debit,Phoenix,Branch,1.3138893985824933,Retired,0.478515347639585,0.0,0.5814008137049831,tinggi,1
-0.5520408581610323,Debit,Miami,Online,-1.4484027820383598,Student,-0.08819740347713718,0.0,-1.238043445700457,rendah,1
-0.026467730927573943,Debit,Colorado Springs,Online,-0.49005651529234967,Doctor,-1.2074550869326635,0.0,1.2546496166951278,sedang,0
-0.9466558565152456,Credit,Sacramento,ATM,1.8212491868597929,Retired,-1.1932872681547455,0.0,0.678757576090525,tinggi,1
-1.0784384856812437,Debit,Fresno,Branch,-0.6028031349095274,Engineer,1.9661363193209809,0.0,1.1503141134995991,sedang,0
-0.8407991808104764,Debit,Boston,Branch,-1.3356561624211822,Student,-1.3916367310455982,0.0,-0.9655039045597477,rendah,0
-0.8547698801137886,Debit,Memphis,ATM,-0.377309895675172,Doctor,1.994471956876817,0.0,1.6702175035119748,sedang,1
1.9808698283152224,Debit,El Paso,ATM,-1.2792828526125934,Student,-0.27237904759007187,0.0,-1.2626175223824316,rendah,0
2.2361900837796895,Debit,Fort Worth,Online,-0.9410429937610604,Student,1.5836052123171933,0.0,-1.264734697235645,rendah,0
-0.9263181827753418,Debit,Milwaukee,ATM,0.7501563004966048,Engineer,0.5776900790850115,0.0,0.5209294869725186,tinggi,1
-0.928883294778573,Debit,Louisville,Branch,-0.9974163035696493,Student,0.37934061619415865,0.0,-1.1857387305541471,rendah,0
-0.6841899318989204,Debit,Austin,Online,1.2575160887739045,Retired,0.35100497863832253,0.0,0.6186881797715484,tinggi,0
-0.1704346421089196,Debit,Charlotte,ATM,0.18642320241071644,Doctor,-1.065776899153483,0.0,0.7457007505000424,sedang,0
-0.7480887041222667,Debit,Philadelphia,Online,0.35554313183648295,Engineer,-0.31488250392382605,0.0,-0.5912759688066082,sedang,1
0.08740491978729256,Credit,Nashville,Branch,0.9756495397309601,Retired,-0.17320431614464551,0.0,-0.8508206132666523,tinggi,1
0.549445719369295,Debit,Milwaukee,Branch,1.3138893985824933,Retired,2.0653110507664074,0.0,0.6779895561921405,tinggi,1
2.0176517022186973,Debit,Atlanta,Online,1.3138893985824933,Retired,-0.39988941659133437,0.0,-0.7897271904164964,tinggi,0
0.8515334633212435,Debit,San Diego,Branch,-1.2229095428040044,Student,0.23766242841497806,0.0,-0.8475206877699271,rendah,1
1.681347196366505,Debit,San Jose,ATM,-0.9974163035696493,Student,1.8386259503197184,0.0,-1.1237006432289787,rendah,1
-0.8860092798674246,Debit,Fort Worth,ATM,-1.053789613378238,Student,-1.1791194493768273,0.0,-0.9099991065035027,rendah,0
0.4123038383394035,Debit,Kansas City,ATM,-0.039070036823638944,Doctor,-0.4423928729250885,0.0,0.5394925279164708,sedang,0
-1.1421082300471586,Debit,Dallas,Online,1.0320228495395491,Retired,-1.1791194493768273,0.0,0.3545610165844769,tinggi,0
-0.2307605797563367,Debit,Virginia Beach,ATM,1.1447694691567267,Retired,2.26366051365726,0.0,-0.28581397468848513,tinggi,1
0.7616171264936961,Debit,Columbus,ATM,0.8629029201137824,Engineer,-1.0232734428197288,0.0,-1.2001672643784633,tinggi,0
-1.0122952404550702,Credit,Colorado Springs,Online,0.5246630612622495,Retired,0.7477039044200281,0.0,-0.07812347370103181,sedang,0
-0.7706250452935113,Credit,Raleigh,Branch,-0.9410429937610604,Student,-0.2015399537004816,0.0,-1.2427181268152905,rendah,1
-1.073583095103699,Debit,New York,Online,0.5246630612622495,Retired,-0.5840710607042691,0.0,0.3918663031153381,sedang,1
0.3575203748418248,Debit,Fort Worth,Online,-1.3356561624211822,Student,1.994471956876817,0.0,-0.8804405806810128,rendah,0
0.28597207218027154,Credit,Omaha,Online,0.5246630612622495,Retired,-0.8532596174847121,0.0,0.10322138470550685,sedang,1
-0.5154880121149891,Debit,Oklahoma City,ATM,-1.5047760918469486,Student,-0.4423928729250885,0.0,-1.2259189715712944,rendah,1
0.42077786906436326,Credit,Fresno,Branch,1.370262708391082,Retired,0.4218440725279128,0.0,-0.6797569812331538,tinggi,0
0.5009834247368214,Debit,Oklahoma City,ATM,0.9756495397309601,Doctor,0.8752142734212905,0.0,1.4751558097202897,tinggi,1
-0.7224833896614418,Debit,Philadelphia,Online,0.5810363710708383,Retired,-1.5191471000468606,0.0,0.08040095345817654,sedang,1
1.2940610894500948,Debit,Milwaukee,ATM,0.5810363710708383,Retired,0.11015205941371557,0.0,-0.3024390454221807,sedang,1
-0.31078291314284984,Debit,Oklahoma City,Branch,0.7501563004966048,Engineer,-0.3857215978134163,0.0,0.5669338788857478,tinggi,1
2.076374444864095,Debit,El Paso,ATM,-1.053789613378238,Student,1.526933937205521,0.0,-1.186637313835257,rendah,0
0.23746397197631203,Debit,Milwaukee,Online,0.4682897514536606,Doctor,0.719368266864192,0.0,1.2522687550101361,sedang,1
-0.4129751431287175,Debit,Mesa,ATM,0.693782990688016,Retired,0.2801658847487323,0.0,0.010337058194890194,tinggi,1
-0.8714889137062772,Debit,Raleigh,Branch,-1.2229095428040044,Student,-0.569903241926351,0.0,-0.8869329088886896,rendah,1
-0.15302852494413707,Debit,Dallas,Branch,1.8212491868597929,Retired,0.8327108170875364,0.0,0.724907891784447,tinggi,0
1.8464762815745075,Debit,Detroit,Online,0.8629029201137824,Engineer,-0.07402958469921914,0.0,-0.30032699070162344,tinggi,0
1.7315501027154565,Debit,Chicago,ATM,-0.9974163035696493,Student,-1.0516090803755649,0.0,-1.1551817788637577,rendah,0
0.13586721441976582,Credit,Boston,Branch,-0.8282963741438827,Engineer,-0.8390917987067941,0.0,0.874810015551126,rendah,0
0.302874328058705,Credit,Philadelphia,Branch,1.764875877051204,Retired,0.6910326293083559,0.0,-0.6910187130097978,tinggi,1
1.8214206339715178,Debit,Columbus,Branch,-1.4484027820383598,Student,-0.07402958469921914,0.0,0.4289642242736354,rendah,0
-0.45287179589325843,Debit,Philadelphia,Branch,0.18642320241071644,Doctor,0.29433370352665034,0.0,0.10985451656122058,sedang,1
-0.009473863906167853,Debit,Denver,Branch,0.693782990688016,Engineer,-0.8815952550405481,0.0,0.22888480047917198,tinggi,0
2.469477859359261,Debit,Raleigh,Online,1.1447694691567267,Retired,-0.0031904908096288594,0.0,0.0941510697055863,tinggi,1
-0.4928142542292856,Debit,Omaha,ATM,-0.32093658586658314,Engineer,0.3226693410824864,0.0,0.14764109556173607,sedang,1
-0.8641142166969877,Credit,Fresno,Online,-0.26456327605799435,Doctor,0.9885568236446349,0.0,1.2273695499045119,sedang,0
-1.0043708765879455,Debit,El Paso,ATM,0.693782990688016,Retired,-1.0941125367093192,0.0,0.6755318925173102,tinggi,0
0.8771387777820682,Debit,Atlanta,ATM,-1.1101629231868269,Student,0.5918578978629295,0.0,-1.0697549255664542,rendah,0
-1.1368405893262374,Debit,Las Vegas,Online,0.18642320241071644,Doctor,2.178653600989752,0.0,1.4534874083205365,sedang,0
1.2961681457384628,Debit,San Francisco,Online,0.07367658279353874,Engineer,0.8185429983096183,0.0,-0.7807080767431349,sedang,1
0.4887075315785011,Debit,Kansas City,ATM,1.0320228495395491,Retired,0.3226693410824864,0.0,-1.039873831386643,tinggi,0
-0.8791842497159704,Credit,Detroit,Branch,0.35554313183648295,Retired,-0.6690779733717774,0.0,0.4489839429581902,sedang,0
0.464201550833347,Debit,Boston,ATM,-1.5047760918469486,Student,0.5351866227512573,0.0,-1.1471534108593122,rendah,0
-0.4105932534114316,Debit,San Antonio,Branch,-0.8282963741438827,Doctor,-0.49906414803676075,0.0,1.59236588647907,rendah,1
-0.618046686672747,Debit,Chicago,Branch,0.8629029201137824,Doctor,0.1951589720812239,0.0,2.409019364895561,tinggi,0
-0.5463151617252486,Debit,Louisville,Online,0.5246630612622495,Engineer,-0.6974136109276136,0.0,0.0007316893324286784,sedang,0
1.2723950541370892,Debit,Oklahoma City,Online,0.5810363710708383,Doctor,-1.0516090803755649,0.0,2.225393487390821,sedang,1
0.9485496637291627,Debit,Mesa,Online,0.2991698220278941,Engineer,1.1302350114238155,0.0,-0.6905579010707672,sedang,1
0.289957156899577,Debit,Milwaukee,Online,0.8629029201137824,Retired,-0.3290503227017441,0.0,-0.5183729599856273,tinggi,1
-0.1919632607074663,Debit,Albuquerque,Online,-0.9410429937610604,Student,-0.9524343489301385,0.0,0.7000726883370215,rendah,0
1.846796920574911,Debit,Nashville,Branch,-1.392029472229771,Student,-0.49906414803676075,0.0,-1.1997448534343518,rendah,1
0.40754005890483136,Debit,Raleigh,Branch,-0.26456327605799435,Engineer,0.22349460963706,0.0,0.2600996892158444,sedang,1
-0.5189692355479456,Debit,Philadelphia,ATM,1.48300932800826,Retired,-0.5557354231484329,0.0,0.2475092830149951,tinggi,1
1.3052376488927444,Debit,Mesa,ATM,-1.2792828526125934,Student,0.08181642185787946,0.0,-0.9335875576492175,rendah,1
-0.9906292051420647,Debit,Columbus,Branch,-1.053789613378238,Student,-0.7965883423730399,0.0,-0.9277429262225118,rendah,0
1.1077240246439497,Debit,Miami,Online,-0.9410429937610604,Student,1.767786856430128,0.0,-0.8655179540554028,rendah,1
-0.1356682133508409,Debit,El Paso,ATM,0.4682897514536606,Doctor,1.4277592057600947,0.0,-1.0926342383393273,sedang,0
-0.9041940917474737,Debit,Chicago,Online,-0.5464298251009385,Engineer,0.8043751795317002,0.0,0.09503429258872839,sedang,0
-0.12082720818928948,Debit,Mesa,Online,-1.4484027820383598,Student,0.8468786358654544,0.0,-1.2642329242353672,rendah,1
-0.8783139438577313,Credit,Seattle,Online,-0.039070036823638944,Engineer,0.5635222603070934,0.0,1.093170872993467,sedang,1
0.9172644584040404,Credit,Nashville,Online,0.5810363710708383,Engineer,-0.7965883423730399,0.0,0.8883450862269879,sedang,1
1.3520967485231983,Credit,Chicago,ATM,-0.039070036823638944,Engineer,-0.27237904759007187,0.0,-1.1721857394139896,sedang,0
0.5509573032283418,Debit,Houston,ATM,-0.6028031349095274,Engineer,-0.824923979928876,0.0,-1.0916486128030671,sedang,0
-0.239463638338728,Credit,San Diego,Branch,-1.5047760918469486,Student,0.8468786358654544,0.0,-1.2124709431505822,rendah,1
0.7486541497630816,Debit,Washington,Branch,-0.5464298251009385,Doctor,0.35100497863832253,0.0,0.8848889966842578,sedang,1
-0.6057707935144266,Debit,Charlotte,Branch,-0.9974163035696493,Student,0.73353608564211,0.0,-1.2727425847094669,rendah,0
-0.8380508465213002,Debit,Charlotte,Online,-0.32093658586658314,Doctor,-1.2074550869326635,0.0,0.3516502211695998,sedang,0
-0.04996598910003027,Debit,Fresno,Branch,0.5246630612622495,Engineer,0.7477039044200281,0.0,0.7387885714145822,sedang,0
1.6745221662150507,Debit,Indianapolis,ATM,1.088396159348138,Doctor,0.08181642185787946,0.0,0.5686414431264892,tinggi,0
-0.9761546445524034,Debit,Omaha,ATM,-0.6028031349095274,Doctor,0.3651727974162406,0.0,1.236158257608358,sedang,1
-1.167163877650148,Credit,Detroit,ATM,-0.6591764447181162,Engineer,-1.2924619996001718,0.0,-0.5346703422293455,sedang,0
2.3535439579275126,Debit,Jacksonville,Online,-0.7719230643352939,Doctor,0.25183024719289615,0.0,0.5370988658998395,rendah,0
0.015902422697225516,Debit,Austin,Branch,1.0320228495395491,Doctor,-0.08819740347713718,0.0,1.5052084283440734,tinggi,0
0.454673991964203,Credit,Fort Worth,Branch,-1.053789613378238,Student,0.9602211860887988,0.0,-1.0835383226761273,rendah,0
-1.0524667266485288,Credit,Virginia Beach,Branch,1.9903691162855595,Retired,-1.1366159930430733,0.0,-0.3398544148051436,tinggi,1
-0.6272994121129735,Debit,Tucson,ATM,1.2575160887739045,Doctor,-0.8390917987067941,0.0,0.4088318626706509,tinggi,1
-0.6891369336194375,Debit,Virginia Beach,Online,-0.4336832054837608,Doctor,2.2919961512130964,0.0,1.1034341789022115,sedang,1
-1.121312500592392,Debit,Fort Worth,Online,-0.4336832054837608,Engineer,-0.8674274362626301,0.0,0.2848094494132003,sedang,0
-1.0418856396352005,Credit,Baltimore,Branch,-0.9410429937610604,Student,-0.7965883423730399,0.0,-0.8800232898695574,rendah,0
0.28862879532647534,Debit,Denver,ATM,0.8629029201137824,Doctor,0.4076762537499947,0.0,-1.1236520019687477,tinggi,0
0.42737387135838606,Credit,Los Angeles,Online,1.7085025672426153,Retired,-1.1507838118209912,0.0,-0.6905937419993584,tinggi,0
-0.42552586971595546,Credit,Virginia Beach,Branch,0.41191644164507174,Retired,-0.6549101545938594,0.0,0.21928455174936623,sedang,1
-0.3953399981065037,Debit,Oklahoma City,Branch,-1.1665362329954156,Student,-0.8674274362626301,0.0,-1.1007778093285305,rendah,1
-0.9864150925653277,Debit,Albuquerque,Online,-1.1665362329954156,Student,-1.5049792812689426,0.0,-1.068183044841094,rendah,0
-0.6202453541040879,Credit,Sacramento,Branch,0.41191644164507174,Engineer,1.7536190376522098,0.0,0.5797188501275209,sedang,1
0.4288396496459467,Debit,Nashville,Branch,0.35554313183648295,Retired,0.6485291729746017,0.0,0.1890783291459055,sedang,1
-0.16686180753299057,Credit,El Paso,Online,-1.053789613378238,Engineer,0.5068509851954212,0.0,0.004139137614927599,rendah,0
-1.0231969664688023,Debit,Seattle,ATM,1.5393826378168487,Retired,-0.1165330410329733,0.0,-0.37370361179327466,tinggi,1
-0.6964658250572405,Debit,Denver,ATM,1.426636018199671,Doctor,1.4702626620938488,0.0,-0.9596720734646816,tinggi,0
-0.048408599669497086,Debit,Fresno,Online,-0.8846696839524716,Doctor,0.3085015223045684,0.0,0.5629708962100838,rendah,0
-0.9527021919514332,Debit,Dallas,ATM,-1.4484027820383598,Student,0.8043751795317002,0.0,-0.9209203494585297,rendah,0
0.3442825646822929,Debit,Charlotte,ATM,1.370262708391082,Retired,-1.4483080061572704,0.0,0.21563901729836807,tinggi,0
-0.6354986094090157,Debit,Memphis,Online,0.5246630612622495,Engineer,0.6768648105304378,0.0,-1.076546781534501,sedang,1
-0.7889930794595054,Credit,Las Vegas,Branch,1.2575160887739045,Doctor,-1.5474827376026967,0.0,0.14548551971360368,tinggi,0
0.17773350675821625,Debit,Jacksonville,Online,-1.3356561624211822,Student,-0.5273997855925969,0.0,-1.0339728785007223,rendah,0
1.1794555495914483,Debit,Philadelphia,Branch,-1.1101629231868269,Student,0.5776900790850115,0.0,-0.8980384766193288,rendah,1
-0.7431875079732357,Debit,Washington,Online,-0.32093658586658314,Doctor,-1.2074550869326635,0.0,0.2742030946165111,sedang,1
-0.8080481971977935,Debit,Columbus,Branch,0.8065296103051937,Retired,0.5351866227512573,0.0,0.22704155272304932,tinggi,0
-0.9279671833488476,Debit,Virginia Beach,Online,1.3138893985824933,Doctor,-1.1649516305989094,0.0,2.478788852531133,tinggi,1
1.200159667903242,Debit,Kansas City,Online,-1.2792828526125934,Student,-0.5273997855925969,0.0,-0.8434937034360644,rendah,0
-1.1276794750289836,Debit,Louisville,Online,0.5246630612622495,Doctor,0.5918578978629295,0.0,2.0838704607155165,sedang,0
-0.6862053770443163,Debit,Miami,Branch,-0.9974163035696493,Student,-0.6549101545938594,0.0,-0.9453664228241072,rendah,1
0.4089142260494195,Debit,Dallas,Branch,-0.20818996624940544,Engineer,1.3285844743146682,0.0,1.139441511804803,sedang,0
-0.5440706887224214,Debit,Charlotte,Branch,-0.039070036823638944,Engineer,0.5635222603070934,0.0,-1.0317942620556384,sedang,0
-0.45264276803582704,Debit,New York,ATM,0.24279651221930526,Engineer,0.010977327968289194,0.0,1.0940259351470019,sedang,1
2.625445830270009,Credit,Chicago,Online,1.2011427789653157,Retired,-0.3290503227017441,0.0,-0.21699939179323752,tinggi,0
-0.6703566493100669,Debit,Raleigh,Online,0.693782990688016,Doctor,-1.0091056240418108,0.0,1.3781139354930856,tinggi,1
0.3323731160958627,Debit,Denver,Online,-0.6028031349095274,Doctor,-0.7257492484834496,0.0,1.1487678334375182,sedang,0
1.734023603575715,Debit,Denver,ATM,0.1300498926021276,Doctor,-0.18737213492256358,0.0,-0.9888773101339148,sedang,0
2.350429179066446,Debit,San Diego,Branch,-1.2792828526125934,Student,-1.363301093489762,0.0,-0.9871313448982539,rendah,1
-0.3745442686517373,Debit,Colorado Springs,Branch,-1.053789613378238,Student,0.7052004480862739,0.0,-1.039530782498698,rendah,0
-1.1429785359053977,Debit,Las Vegas,Branch,1.8776224966683817,Retired,2.3061639699910144,0.0,0.16816002718024078,tinggi,0
-0.9194015414809152,Debit,El Paso,ATM,-0.8282963741438827,Doctor,-0.24404341003423577,0.0,0.9571724694538752,rendah,0
0.7689002123600128,Credit,Miami,Online,0.6374096808794272,Retired,0.8327108170875364,0.0,0.29161154564655883,tinggi,1
-1.0127991017414193,Debit,Miami,Branch,1.1447694691567267,Doctor,-0.45656069170300656,0.0,1.0169500182114655,tinggi,1
-1.160705292070584,Debit,Fort Worth,ATM,1.8776224966683817,Retired,-0.15903649736672745,0.0,0.6299089504869454,tinggi,0
-0.5396275482882532,Credit,Los Angeles,Online,0.2991698220278941,Engineer,-0.541567604370515,0.0,-0.7230246622418062,sedang,0
-0.008786780333873912,Credit,San Antonio,ATM,-0.9410429937610604,Engineer,0.7052004480862739,0.0,-0.5912964493372317,rendah,1
-0.6491944752834102,Debit,Albuquerque,Online,-0.9410429937610604,Engineer,0.2801658847487323,0.0,1.2053196986218937,rendah,0
-0.39268327496030003,Debit,San Francisco,ATM,0.693782990688016,Retired,0.73353608564211,0.0,0.3131673041278826,tinggi,1
0.6945119642663109,Debit,Raleigh,Branch,1.088396159348138,Retired,-1.2924619996001718,0.0,-0.5017786100478671,tinggi,1
0.3908668308838293,Credit,New York,Branch,-1.3356561624211822,Student,1.810290312763882,0.0,-1.1876101390398774,rendah,1
1.4835129331173065,Debit,Philadelphia,ATM,0.4682897514536606,Engineer,-0.3432181414796621,0.0,0.14571592568311892,sedang,1
2.5866485112211386,Credit,Atlanta,Branch,1.9339958064769707,Retired,-1.1791194493768273,0.0,-0.27149296364994285,tinggi,0
-0.015428588199382965,Debit,Atlanta,Branch,-1.392029472229771,Student,1.6827799437626196,0.0,-1.2493896596659233,rendah,0
-1.0719799001016797,Debit,New York,Online,0.9756495397309601,Retired,-0.6265745170380232,0.0,-0.37531901364620995,tinggi,1
0.0445767104476303,Credit,Boston,Online,-0.32093658586658314,Engineer,-0.3290503227017441,0.0,0.5324088243870382,sedang,0
0.5394601047852882,Credit,Mesa,Online,1.7085025672426153,Retired,-1.1649516305989094,0.0,-0.95006670460222,tinggi,1
0.37794965972470124,Credit,Boston,ATM,1.8776224966683817,Retired,-0.6974136109276136,0.0,-0.025117300380864335,tinggi,0
2.53543788229949,Debit,Columbus,ATM,-1.392029472229771,Student,-0.7399170672613676,0.0,1.059434318923766,rendah,0
-1.1314355318908575,Debit,Memphis,ATM,-1.1665362329954156,Student,-0.4707285104809246,0.0,-1.1352337420363852,rendah,1
-0.5554762760225026,Credit,Boston,Branch,0.35554313183648295,Doctor,-0.045693947143383026,0.0,1.6002534508354784,sedang,0
0.38115604972874007,Debit,Detroit,ATM,-0.09544334663222778,Engineer,-1.1649516305989094,0.0,0.5461487003691362,sedang,0
0.12189651511645351,Debit,Colorado Springs,Branch,-0.9974163035696493,Engineer,0.11015205941371557,0.0,-0.7811535282841979,rendah,0
-0.7138719422220231,Debit,New York,ATM,1.3138893985824933,Doctor,-0.07402958469921914,0.0,0.9637262392534227,tinggi,1
-0.7601813749946418,Debit,Albuquerque,Branch,-1.5047760918469486,Student,0.8043751795317002,0.0,-0.30524743818393996,rendah,0
1.8244896072610977,Debit,Seattle,ATM,-1.053789613378238,Engineer,2.0511432319884895,0.0,0.1245800180795785,rendah,1
0.29183518533051417,Debit,Milwaukee,Online,0.2991698220278941,Engineer,-0.017358309587546913,0.0,-1.193518772124782,sedang,1
-0.9863234814223553,Debit,Phoenix,Online,-0.9410429937610604,Student,-1.0091056240418108,0.0,-1.149780038911787,rendah,1
-0.8488151558205737,Credit,Jacksonville,Branch,1.3138893985824933,Retired,-1.1366159930430733,0.0,-0.6930309251435651,tinggi,0
0.9632532521762552,Credit,Kansas City,Branch,0.5246630612622495,Retired,-1.0516090803755649,0.0,-0.3036166759330369,sedang,0
-0.09819925587507226,Debit,Detroit,Branch,-0.9410429937610604,Student,-0.6974136109276136,0.0,-1.0963360942495404,rendah,0
-0.44668804374261206,Debit,Seattle,Branch,-1.5047760918469486,Student,-0.27237904759007187,0.0,-1.2279030229754542,rendah,1
-0.9436326887971519,Credit,Philadelphia,Online,-0.8282963741438827,Doctor,-1.0091056240418108,0.0,1.1398972036111779,rendah,1
-0.9158745124764726,Credit,Houston,Branch,0.8065296103051937,Engineer,-0.8957630738184662,0.0,-0.5289460339200533,tinggi,0
-1.0838435431166236,Debit,Jacksonville,ATM,-0.09544334663222778,Engineer,0.2659980659708142,0.0,0.10611681972241613,sedang,0
-0.9456023283710614,Debit,San Antonio,Branch,-0.49005651529234967,Doctor,-0.49906414803676075,0.0,-0.8765159990002682,sedang,1
-0.8380508465213002,Debit,Los Angeles,Branch,0.4682897514536606,Retired,0.1668233345253878,0.0,-0.26759398263247774,sedang,0
-0.6285819681145889,Debit,San Diego,ATM,-0.6591764447181162,Doctor,-0.9382665301522204,0.0,1.2286086220072387,sedang,1
-0.6424610562749288,Debit,Raleigh,Branch,-0.09544334663222778,Engineer,1.810290312763882,0.0,-0.6349148594328131,sedang,1
-0.4607045486174106,Credit,Virginia Beach,Branch,0.07367658279353874,Engineer,0.5776900790850115,0.0,0.7048600123702848,sedang,1
0.779435493801855,Credit,Oklahoma City,Branch,0.24279651221930526,Engineer,0.6201935354187655,0.0,0.8071474625034549,sedang,1
-0.8669541621291365,Debit,Charlotte,Branch,-0.4336832054837608,Engineer,-0.17320431614464551,0.0,-0.5976966151571022,sedang,0
0.318127583363633,Debit,Denver,Online,0.6374096808794272,Engineer,0.8468786358654544,0.0,0.7860550760274898,tinggi,0
-0.45016926717556854,Debit,Sacramento,ATM,-0.6591764447181162,Doctor,-0.27237904759007187,0.0,0.07690390285419933,sedang,1
-0.9198595971957778,Debit,Memphis,Online,-0.9974163035696493,Student,0.3226693410824864,0.0,-0.39752502897483266,rendah,1
-0.05115693395867337,Credit,Portland,Branch,-1.1665362329954156,Student,-0.17320431614464551,0.0,-1.113260692743606,rendah,1
-0.6526756987163669,Credit,El Paso,Branch,-0.20818996624940544,Engineer,-1.3916367310455982,0.0,-1.1857438506868032,sedang,0
1.1350241452497665,Debit,Portland,Online,0.8629029201137824,Engineer,0.6910326293083559,0.0,-0.33143947678517793,tinggi,1
2.5802815367845477,Debit,Kansas City,Branch,0.1300498926021276,Doctor,0.8752142734212905,0.0,0.9477770260303052,sedang,0
-1.138123145327853,Debit,Colorado Springs,ATM,1.0320228495395491,Retired,0.22349460963706,0.0,-1.0226113041372882,tinggi,0
-0.2718481773795206,Credit,Fresno,Online,0.4682897514536606,Retired,-1.2641263620443357,0.0,-0.02444400293661393,sedang,0
1.7457956354476865,Debit,New York,Branch,0.7501563004966048,Retired,-0.41405723536925243,0.0,0.7291627220214969,tinggi,1
-1.1145332760124242,Debit,Seattle,ATM,-1.053789613378238,Student,-0.7682527048172038,0.0,-1.239338839262399,rendah,1
0.8027963352598526,Debit,San Francisco,ATM,0.24279651221930526,Engineer,1.7111155813184558,0.0,-0.7645668585454215,sedang,1
1.7673700596177193,Debit,Fresno,Branch,0.2991698220278941,Doctor,-0.3573859602575802,0.0,0.8603482008645462,sedang,0
-0.8171635059235612,Credit,San Jose,Online,0.41191644164507174,Retired,2.4478421577701948,0.0,0.4531389306084503,sedang,1
-0.5364669638557006,Debit,Memphis,Branch,0.24279651221930526,Engineer,1.1585706489796517,0.0,-0.010747648082091076,sedang,1
1.1137703600801374,Debit,San Jose,Branch,-0.7719230643352939,Engineer,2.504513432881867,0.0,0.9687772501184644,rendah,1
-1.1303361981751872,Debit,Albuquerque,Online,-1.1665362329954156,Student,-0.9949378052638926,0.0,-1.1699508015096907,rendah,0
-0.6239556053944757,Debit,Raleigh,ATM,-1.2229095428040044,Student,-0.4848963292588427,0.0,1.0953802102344867,rendah,1
1.4733440962473543,Debit,Nashville,Branch,0.8065296103051937,Retired,0.8610464546433725,0.0,0.3518345459452122,tinggi,1
0.1103077055304274,Debit,Phoenix,Online,-0.20818996624940544,Doctor,0.6910326293083559,0.0,0.050699063921321674,sedang,1
-0.9821551744171046,Debit,Sacramento,Online,-1.3356561624211822,Student,-0.24404341003423577,0.0,-1.1802525084133544,rendah,1
-0.8236220915031253,Debit,Fresno,ATM,1.2575160887739045,Doctor,1.9803041380988988,0.0,1.589662456436757,tinggi,0
-1.0729876226743775,Debit,Seattle,ATM,0.9756495397309601,Retired,-1.0516090803755649,0.0,-0.2846952257031718,tinggi,1
1.428775275191214,Debit,Baltimore,ATM,0.35554313183648295,Retired,0.5068509851954212,0.0,0.6101938796954163,sedang,0
-0.6911981843363196,Debit,Oklahoma City,Branch,0.35554313183648295,Engineer,1.24357756164716,0.0,0.22075146975528068,sedang,1
0.4274196769298723,Credit,Fresno,ATM,-1.3356561624211822,Student,1.0735637363121433,0.0,-1.2299433958388288,rendah,0
-0.33515147717354543,Debit,San Diego,Online,-1.4484027820383598,Student,1.6827799437626196,0.0,-1.0728090846956964,rendah,1
0.09816922908656578,Debit,Tucson,Branch,-0.8846696839524716,Doctor,0.05348078430204335,0.0,0.4053936935922164,rendah,1
0.9777736183374027,Debit,Austin,ATM,-0.26456327605799435,Doctor,-0.4423928729250885,0.0,0.8763818962764861,sedang,0
0.022223591562330714,Debit,Philadelphia,ATM,0.4682897514536606,Retired,-0.49906414803676075,0.0,0.006614721754053524,sedang,1
0.49562417287292804,Debit,Virginia Beach,Branch,-1.2792828526125934,Student,-0.3573859602575802,0.0,-1.0821200459304439,rendah,1
-0.20950679458670765,Debit,Miami,Branch,0.693782990688016,Retired,0.23766242841497806,0.0,0.5015062637423757,tinggi,1
-1.0780262355378671,Debit,Denver,ATM,0.7501563004966048,Doctor,1.7111155813184558,0.0,1.7639952931710452,tinggi,0
-0.8852305851521581,Debit,Columbus,ATM,-1.5047760918469486,Student,1.1302350114238155,0.0,0.7642381907807152,rendah,0
0.2978357151952155,Debit,San Antonio,ATM,1.0320228495395491,Doctor,0.6768648105304378,0.0,1.9266235066539543,tinggi,1
1.7667287816169115,Debit,Milwaukee,Branch,-0.039070036823638944,Engineer,-1.2924619996001718,0.0,-0.5011693142618153,sedang,1
0.26022934100498796,Credit,Chicago,Branch,0.5810363710708383,Retired,0.761871723197946,0.0,-0.8229210104246729,sedang,0
-0.7195060275148344,Debit,Sacramento,Branch,-1.053789613378238,Student,0.1668233345253878,0.0,-1.1991150771176766,rendah,1
-0.6482325582821987,Debit,Denver,Branch,0.4682897514536606,Retired,-0.08819740347713718,0.0,0.2120421241076008,sedang,0
-1.0225098828965082,Debit,Milwaukee,Online,-1.2229095428040044,Student,-0.6690779733717774,0.0,-1.1831940246241668,rendah,1
1.1073575800720594,Credit,Oklahoma City,Online,-0.6591764447181162,Doctor,-1.2357907244884996,0.0,0.19512264574619112,sedang,1
-0.7238575568060299,Debit,San Francisco,Branch,-0.9974163035696493,Student,-0.39988941659133437,0.0,-1.1017787952627582,rendah,1
-1.1678967667939284,Debit,Washington,ATM,1.1447694691567267,Retired,0.39350843497207666,0.0,0.5599192971471695,tinggi,1
-0.8149648384922202,Credit,Jacksonville,Online,0.8065296103051937,Engineer,-0.3432181414796621,0.0,0.13415978627876068,tinggi,0
-0.286505960255127,Credit,Seattle,Branch,-0.32093658586658314,Engineer,-1.5474827376026967,0.0,-0.5407889007531417,sedang,1
-0.6930762127672567,Debit,Colorado Springs,Online,-1.1665362329954156,Student,-0.4423928729250885,0.0,-0.9388152130908877,rendah,0
2.2009655993067483,Debit,Miami,Online,-0.8282963741438827,Doctor,-1.2074550869326635,0.0,0.5723663396336539,rendah,1
-0.08693108528944987,Debit,Philadelphia,ATM,-1.5047760918469486,Student,1.2860810179809141,0.0,-1.184077247507309,rendah,1
0.699779604987232,Debit,Kansas City,Branch,1.1447694691567267,Doctor,-0.42822505414717044,0.0,1.6889623091652113,tinggi,0
-0.8304929272260657,Credit,Fresno,Online,-1.3356561624211822,Student,0.5351866227512573,0.0,-1.0410412216321874,rendah,0
-0.8432268760992487,Debit,Phoenix,ATM,1.088396159348138,Doctor,-1.4766436437131065,0.0,1.7771924350916184,tinggi,1
-0.9973168185790598,Debit,Columbus,Online,-1.053789613378238,Student,0.33683715986040447,0.0,-1.1730920028940832,rendah,0
2.1645043644036774,Debit,Los Angeles,ATM,1.3138893985824933,Doctor,-0.41405723536925243,0.0,1.0308972595661272,tinggi,0
-0.5466816062971387,Debit,Fort Worth,ATM,-0.6028031349095274,Engineer,-0.9807699864859746,0.0,-0.16122322670623015,sedang,0
1.1353905898216565,Debit,Detroit,Online,-0.8846696839524716,Engineer,-0.824923979928876,0.0,0.28512177750521006,rendah,0
0.5250771553385996,Credit,Milwaukee,Branch,-1.1665362329954156,Student,-0.8674274362626301,0.0,-1.0019515688707463,rendah,1
0.7947803602497554,Debit,Charlotte,Online,-0.49005651529234967,Doctor,1.215241924091324,0.0,-1.2149849282846277,sedang,0
-0.12146848619009731,Debit,Las Vegas,Branch,-0.5464298251009385,Engineer,-0.8957630738184662,0.0,-1.103222672671721,sedang,0
-0.6189627981024725,Debit,Chicago,ATM,0.41191644164507174,Retired,0.29433370352665034,0.0,0.1991931512076289,sedang,0
-0.7235827233771123,Debit,Detroit,Online,-1.392029472229771,Student,0.8468786358654544,0.0,-1.1693389456573111,rendah,0
-0.6380179158407605,Debit,Fresno,ATM,-1.1665362329954156,Student,-1.1932872681547455,0.0,-1.0759630864117287,rendah,0
-0.055874907821759155,Debit,Tucson,Branch,-0.8282963741438827,Doctor,-0.22987559125631774,0.0,1.03906643121861,rendah,1
0.29815635419561937,Debit,Nashville,ATM,0.017303272984949897,Engineer,-1.5191471000468606,0.0,-0.1812736661867206,sedang,1
0.4113877269096779,Debit,Washington,Online,-0.8282963741438827,Engineer,-0.8390917987067941,0.0,0.3215822421478483,rendah,1
0.6037711271520106,Debit,Oklahoma City,ATM,1.764875877051204,Retired,-1.079944717931401,0.0,0.7158042959222634,tinggi,1
-1.0426185287789809,Debit,San Antonio,ATM,-1.1665362329954156,Student,0.4501797100837489,0.0,-0.8835766619327493,rendah,1
-0.9623213619635499,Debit,Colorado Springs,Branch,1.2575160887739045,Retired,0.43601189130583085,0.0,-0.5786727622741191,tinggi,0
0.4205030356354456,Debit,San Jose,Online,0.693782990688016,Retired,0.12431987819163362,0.0,-0.4674302001257861,tinggi,1
0.28551401646540897,Debit,Tucson,Online,1.5957559476254375,Retired,-0.541567604370515,0.0,0.35860080124997934,tinggi,1
-0.8377302075208964,Debit,Kansas City,ATM,-1.053789613378238,Student,-0.6124066982601052,0.0,-1.2126757484568182,rendah,0
0.6082600731576651,Debit,Mesa,Online,-0.9974163035696493,Engineer,-0.2865468663679899,0.0,1.1898338574041352,rendah,1
-0.179687367549146,Debit,Chicago,ATM,-1.4484027820383598,Student,-1.0516090803755649,0.0,-0.9462726863042008,rendah,0
-0.26108386808024725,Debit,Dallas,ATM,-1.3356561624211822,Student,0.43601189130583085,0.0,-1.1249883565919367,rendah,0
-0.918348013336731,Debit,Charlotte,ATM,-0.039070036823638944,Doctor,-0.6265745170380232,0.0,-0.0013010033319623207,sedang,0
-0.03613270651117691,Credit,San Francisco,Branch,1.1447694691567267,Retired,-1.2782941808222537,0.0,-0.5225151473042474,tinggi,1
-0.5233665704106274,Debit,San Antonio,ATM,-0.6591764447181162,Engineer,0.3651727974162406,0.0,0.7023332269045998,sedang,1
0.3524359564068488,Debit,San Diego,ATM,0.8629029201137824,Retired,-0.300714685145908,0.0,0.43780413330404044,tinggi,1
0.34698509339998274,Debit,San Antonio,Online,0.5810363710708383,Retired,0.33683715986040447,0.0,-0.932822097817161,sedang,1
-0.09174067029550825,Debit,Oklahoma City,Branch,-1.2792828526125934,Student,-1.4766436437131065,0.0,-1.09753420529102,rendah,1
0.7372943680344869,Credit,Philadelphia,Branch,-0.9974163035696493,Student,0.15265551574746974,0.0,-0.9170136882420808,rendah,1
0.28597207218027154,Debit,San Antonio,ATM,0.2991698220278941,Doctor,0.43601189130583085,0.0,1.3232901150800749,sedang,1
2.5824343986444025,Credit,Fresno,Branch,0.9192762299223713,Doctor,0.5493544415291753,0.0,0.23654707899872102,tinggi,0
0.9982487087917652,Credit,Indianapolis,Online,0.6374096808794272,Engineer,-0.9807699864859746,0.0,-0.753228324778939,tinggi,0
1.3094975670409679,Credit,Indianapolis,Branch,-0.09544334663222778,Doctor,-0.3857215978134163,0.0,0.23321899277238836,sedang,0
-0.8109339482014285,Debit,Fort Worth,ATM,1.5957559476254375,Retired,-0.6124066982601052,0.0,0.3255810657521033,tinggi,0
-0.9646574461093497,Debit,San Diego,Branch,0.693782990688016,Engineer,-0.9524343489301385,0.0,-0.648017278899252,tinggi,1
0.3250442246580597,Debit,San Francisco,ATM,0.9192762299223713,Doctor,-0.9240987113743023,0.0,1.4041114090533993,tinggi,1
0.8655041626245558,Debit,Las Vegas,ATM,0.41191644164507174,Doctor,0.5918578978629295,0.0,-1.1220314799831566,sedang,0
-0.9204550696250995,Debit,Fresno,Online,1.5393826378168487,Retired,0.43601189130583085,0.0,-0.36126680957210233,tinggi,0
-0.45085635074786257,Debit,Sacramento,Branch,-0.9410429937610604,Student,-1.4624758249351884,0.0,-0.9187186924164944,rendah,1
-0.7129558307922977,Credit,Denver,Online,1.088396159348138,Doctor,-0.6265745170380232,0.0,2.3779529600059104,tinggi,0
-0.8926052821614474,Debit,Phoenix,ATM,1.6521292574340263,Retired,-0.3432181414796621,0.0,0.48996548473598495,tinggi,1
-1.051825448647721,Debit,San Jose,ATM,1.9339958064769707,Retired,-0.24404341003423577,0.0,-0.40454217077973864,tinggi,1
-0.3806364096594111,Debit,Houston,Online,1.9903691162855595,Retired,-0.7824205235951218,0.0,-0.047973572556785776,tinggi,0
-0.36978048921716516,Debit,San Jose,Branch,-0.377309895675172,Engineer,-0.2015399537004816,0.0,1.037988643294544,sedang,1
-0.7715411567232366,Debit,Fort Worth,Online,0.07367658279353874,Engineer,0.7760395419758641,0.0,-0.6485369723638253,sedang,0
1.424927607186367,Debit,Columbus,Online,0.4682897514536606,Retired,-1.4908114624910245,0.0,-0.3382722938144717,sedang,0
-0.54384166086499,Credit,Phoenix,Online,1.3138893985824933,Retired,-0.21570777247839967,0.0,-0.23633557276823042,tinggi,1
0.9165315692602601,Credit,Virginia Beach,Branch,-0.9410429937610604,Engineer,1.0452280987563072,0.0,0.5591051960548822,rendah,1
-0.7119023026481135,Debit,Atlanta,Online,1.2011427789653157,Retired,0.37934061619415865,0.0,0.36603267380001286,tinggi,0
0.2004988757868924,Debit,El Paso,Online,-0.039070036823638944,Doctor,-0.9666021677080565,0.0,0.7154689272333021,sedang,0
0.04169095944399533,Debit,Boston,Online,0.5246630612622495,Engineer,0.18099115330330584,0.0,0.43021609670800215,sedang,0
0.4063033084747022,Debit,San Diego,Online,-0.8846696839524716,Engineer,-0.9807699864859746,0.0,-0.7703321279159608,rendah,1
0.7085284691411093,Debit,Los Angeles,ATM,-0.20818996624940544,Doctor,-0.4423928729250885,0.0,1.5379798374081384,sedang,0
-0.6670586481630556,Debit,Portland,Branch,-0.5464298251009385,Doctor,-0.1165330410329733,0.0,1.020838758963619,sedang,1
0.27268845644925344,Debit,Colorado Springs,ATM,0.4682897514536606,Engineer,-0.4707285104809246,0.0,-0.10985805590227768,sedang,0
0.017368200984786114,Debit,Fort Worth,Branch,-0.4336832054837608,Engineer,0.3226693410824864,0.0,0.623099174054603,sedang,0
-0.7534021504146738,Debit,Dallas,ATM,-0.8846696839524716,Engineer,0.35100497863832253,0.0,0.3206042968105722,rendah,0
0.023918397707322712,Debit,Oklahoma City,Branch,1.0320228495395491,Doctor,-0.017358309587546913,0.0,2.1726535609687603,tinggi,1
-0.8810164725754213,Debit,Denver,ATM,1.6521292574340263,Retired,1.5694373935392751,0.0,-0.9599152797658368,tinggi,0
-0.3705591839324318,Debit,Indianapolis,ATM,0.693782990688016,Retired,-0.42822505414717044,0.0,-0.3514387149391092,tinggi,0
-0.26277867422523926,Debit,Detroit,Online,0.693782990688016,Doctor,0.3226693410824864,0.0,0.24746320182109197,tinggi,0
-0.9425333550814814,Debit,Dallas,Branch,1.0320228495395491,Retired,0.1951589720812239,0.0,-0.20702025324689555,tinggi,0
0.8200192301386899,Debit,Jacksonville,ATM,0.6374096808794272,Retired,0.20932679085914196,0.0,-0.33255054557150737,tinggi,0
-0.8341573729449673,Credit,Jacksonville,Branch,1.088396159348138,Retired,0.6060257166408475,0.0,0.3206247773411957,tinggi,0
-0.3391823674643371,Credit,Louisville,Online,-1.2229095428040044,Student,-1.4908114624910245,0.0,-0.9853597789993139,rendah,0
1.7017764812493814,Debit,Austin,Online,-0.039070036823638944,Doctor,-0.15903649736672745,0.0,1.7328828070874904,sedang,0
0.05291332445813135,Debit,San Antonio,Online,-0.8846696839524716,Doctor,0.8185429983096183,0.0,1.1030348085550516,rendah,1
1.3893366781415357,Credit,Memphis,Online,0.2991698220278941,Engineer,-0.3857215978134163,0.0,-1.0964717777649216,sedang,1
-0.570179864469595,Debit,Colorado Springs,Branch,-0.9410429937610604,Student,0.5776900790850115,0.0,-1.224009162090645,rendah,0
-1.0630020080903708,Credit,Nashville,Online,-0.26456327605799435,Engineer,-1.4483080061572704,0.0,-1.1834116302620423,sedang,1
-0.8089185030560326,Credit,New York,Branch,0.4682897514536606,Doctor,-0.8674274362626301,0.0,0.7454908250611507,sedang,1
-1.1368405893262374,Debit,Mesa,ATM,1.3138893985824933,Retired,1.1160671926458976,0.0,-0.23030149643325634,tinggi,1
-0.35695492920100974,Debit,Omaha,ATM,-1.5047760918469486,Student,-1.4199723686014343,0.0,0.9651649965297294,rendah,1
-0.6486906139970614,Debit,San Francisco,Branch,-0.9974163035696493,Engineer,-0.15903649736672745,0.0,-1.0738484716248435,rendah,1
-0.43610695672928373,Debit,San Jose,Online,0.07367658279353874,Doctor,2.221157057323506,0.0,1.0715306323233214,sedang,1
1.3096349837554264,Credit,Nashville,Branch,1.426636018199671,Retired,-0.7965883423730399,0.0,-0.7364624503972063,tinggi,1
0.2777270693127432,Credit,Sacramento,Online,1.2575160887739045,Doctor,-1.4624758249351884,0.0,2.4419110970770395,tinggi,1
0.11062834453083126,Debit,Houston,Branch,0.017303272984949897,Engineer,-1.2782941808222537,0.0,1.1860219186418204,sedang,0
-1.0656587312365744,Debit,San Diego,ATM,-0.8846696839524716,Engineer,-1.2924619996001718,0.0,-0.6002362009544269,rendah,1
0.5293828790583088,Debit,San Diego,ATM,0.5810363710708383,Retired,0.33683715986040447,0.0,-0.4779495126673253,sedang,1
-0.04428609823573292,Credit,Chicago,Branch,1.1447694691567267,Retired,0.4218440725279128,0.0,-0.637244519791246,tinggi,0
-0.9530228309518372,Credit,Kansas City,Branch,-1.5047760918469486,Student,0.23766242841497806,0.0,-1.1645106605628008,rendah,0
-1.157453096495059,Credit,Omaha,Branch,0.8629029201137824,Retired,-0.0031904908096288594,0.0,0.23464238965072742,tinggi,1
-0.8970942281671018,Debit,Oklahoma City,Branch,-0.6028031349095274,Engineer,-0.8674274362626301,0.0,0.5582603741666592,sedang,1
0.6932752138361816,Debit,Mesa,Branch,-1.053789613378238,Engineer,1.7252834000963737,0.0,0.4471560556000354,rendah,1
1.2264978715078472,Debit,El Paso,Branch,0.7501563004966048,Doctor,-0.6124066982601052,0.0,2.026775861469616,tinggi,0
-0.6773649017474662,Debit,Milwaukee,ATM,-1.053789613378238,Student,1.810290312763882,0.0,0.6392096714563812,rendah,1
-0.8556859915435141,Debit,Nashville,Branch,1.0320228495395491,Retired,-0.9949378052638926,0.0,0.5707662981786862,tinggi,1
0.30782132977922233,Debit,Virginia Beach,ATM,0.5246630612622495,Retired,-1.2641263620443357,0.0,-0.7303234113427864,sedang,1
-0.9946600954328563,Debit,Austin,Online,1.426636018199671,Retired,0.6201935354187655,0.0,-0.4035002237842638,tinggi,0
-0.804200529192947,Credit,Seattle,Online,-1.2792828526125934,Student,-0.7257492484834496,0.0,-0.8413227671899645,rendah,1
-0.2886588221149817,Debit,Kansas City,Branch,-0.4336832054837608,Engineer,0.8043751795317002,0.0,-0.3108027821155875,sedang,0
0.9949507076447539,Debit,San Jose,ATM,0.693782990688016,Retired,1.3427522930925864,0.0,-0.9258484771398301,tinggi,1
1.7447879128749886,Debit,Dallas,Branch,1.9339958064769707,Retired,0.46434752886166697,0.0,-0.2298662851575052,tinggi,0
-0.47293463620424453,Credit,Portland,Branch,1.2011427789653157,Retired,0.7760395419758641,0.0,-0.07365103782610624,tinggi,1
-0.32173044472806833,Debit,Tucson,Branch,-1.5047760918469486,Student,0.2801658847487323,0.0,1.1816928464812602,rendah,1
1.7737828396257973,Debit,Atlanta,Online,-1.1665362329954156,Student,-0.9099308925963843,0.0,-0.7987898252174331,rendah,0
0.22060752166936473,Debit,Phoenix,ATM,-1.2792828526125934,Student,1.4560948433159309,0.0,-1.0639589353999794,rendah,1
-0.10873453731691433,Credit,Nashville,Branch,-0.1518166564408166,Doctor,-1.1649516305989094,0.0,0.6063230594075586,sedang,1
2.456514882628647,Debit,Memphis,Online,1.3138893985824933,Doctor,-0.6124066982601052,0.0,2.12187208528758,tinggi,1
-0.14954730151118062,Debit,Houston,ATM,0.41191644164507174,Doctor,-0.37155377903549824,0.0,0.8639348537900018,sedang,0
-0.192421316422329,Credit,Tucson,ATM,-1.2229095428040044,Student,-0.7965883423730399,0.0,-1.0519624645872143,rendah,1
-0.42772453714729636,Credit,Baltimore,Branch,1.0320228495395491,Retired,-0.1165330410329733,0.0,0.4743772408651085,tinggi,0
-0.28329957025108804,Debit,Jacksonville,Branch,-0.6028031349095274,Engineer,-0.39988941659133437,0.0,-0.9551049151356221,sedang,0
-0.13438565734922533,Debit,Sacramento,Online,-0.6028031349095274,Doctor,2.235324876101424,0.0,1.6396042303623704,sedang,1
0.014024394266288345,Debit,Oklahoma City,Online,-1.053789613378238,Student,-0.27237904759007187,0.0,-1.0717799380318613,rendah,1
-0.9038734527470699,Credit,Dallas,Online,-0.49005651529234967,Doctor,-0.9099308925963843,0.0,1.2429296330457806,sedang,0
-0.6591342842959309,Credit,San Antonio,Online,1.5957559476254375,Retired,-1.2499585432664178,0.0,-0.33100938564208254,tinggi,1
-1.1223660287365762,Debit,Phoenix,ATM,-1.3356561624211822,Student,0.1668233345253878,0.0,-1.223855558110968,rendah,1
0.3311821712372197,Debit,Sacramento,Branch,0.5810363710708383,Doctor,-1.4908114624910245,0.0,1.7749216562587282,sedang,1
-0.469957274057637,Debit,Mesa,ATM,0.9192762299223713,Retired,-0.5273997855925969,0.0,0.25824364112808196,tinggi,1
-0.10717714788638115,Debit,Chicago,Online,-1.392029472229771,Student,2.518681251659785,0.0,-0.8727091803706093,rendah,0
-0.7243156125208927,Debit,Fort Worth,ATM,-0.715549754526705,Doctor,-0.03152612836546497,0.0,1.278604157325739,rendah,0
-0.7762133250148362,Debit,Atlanta,Branch,-1.3356561624211822,Student,1.8811294066534725,0.0,-0.9205542599736333,rendah,0
-0.7944897480378579,Debit,Omaha,Branch,-0.715549754526705,Doctor,0.5493544415291753,0.0,2.0688659119674124,rendah,1
0.04906565645328481,Debit,Charlotte,Online,0.07367658279353874,Engineer,-1.122448174265155,0.0,-0.19732272199662776,sedang,0
2.8088513385010327,Debit,El Paso,ATM,-0.8846696839524716,Doctor,-1.1366159930430733,0.0,-1.0740916779259986,rendah,0
-0.4229149521412381,Debit,Louisville,Branch,1.8776224966683817,Retired,-0.13070085981089136,0.0,-0.39607347136688603,tinggi,0
2.2961495768552167,Debit,San Francisco,ATM,1.370262708391082,Retired,-0.41405723536925243,0.0,0.2723496065950764,tinggi,1
-0.7011837989203265,Debit,Kansas City,Online,-0.9410429937610604,Engineer,0.9743890048667169,0.0,1.1585140059480168,rendah,0
1.4982165215643986,Debit,Kansas City,Online,0.5810363710708383,Engineer,0.2801658847487323,0.0,0.32342036977131516,sedang,0
-0.24175391691304146,Debit,Washington,Online,1.8212491868597929,Retired,0.5635222603070934,0.0,-0.19174433746802863,tinggi,1
-0.9313567956388317,Debit,New York,Online,0.6374096808794272,Retired,0.6485291729746017,0.0,0.17221261217738276,tinggi,1
-0.6260168561113578,Debit,Portland,ATM,0.24279651221930526,Doctor,-0.2015399537004816,0.0,0.07756439996680994,sedang,1
-0.165075390245026,Debit,Indianapolis,Online,-0.7719230643352939,Engineer,-1.2924619996001718,0.0,0.7768516375785162,rendah,0
-0.6313303024037652,Debit,Philadelphia,ATM,0.017303272984949897,Doctor,-0.45656069170300656,0.0,1.2025778675846615,sedang,1
-0.3367546721755648,Debit,Raleigh,ATM,-1.3356561624211822,Student,-0.6407423358159413,0.0,-1.270661250784845,rendah,1
2.7576865151508705,Debit,Jacksonville,Online,0.8629029201137824,Engineer,1.526933937205521,0.0,0.4901626098432371,tinggi,0
-1.1239692237385956,Credit,San Francisco,Online,-0.20818996624940544,Engineer,0.12431987819163362,0.0,-0.7025082906896293,sedang,1
-0.8953536164506236,Debit,Columbus,Branch,1.7085025672426153,Retired,0.6343613541966836,0.0,-0.20643655812412343,tinggi,0
-0.7042985777813928,Credit,Milwaukee,Branch,0.24279651221930526,Engineer,0.43601189130583085,0.0,1.0625729602418301,sedang,1
0.7710988797913539,Credit,Colorado Springs,Online,-1.053789613378238,Engineer,0.7477039044200281,0.0,1.2236856144585941,rendah,0
-0.8972316448815606,Debit,Colorado Springs,ATM,0.41191644164507174,Retired,1.6827799437626196,0.0,0.27864480969550104,sedang,0
-0.8823448341485232,Debit,Omaha,ATM,0.35554313183648295,Doctor,-1.1649516305989094,0.0,1.9045275741774337,sedang,1
1.2192605912130163,Debit,Jacksonville,Online,0.4682897514536606,Retired,-0.5132319668146789,0.0,-0.13176710353685833,sedang,0
-0.9462436063718693,Debit,Las Vegas,Branch,1.1447694691567267,Retired,0.6343613541966836,0.0,-0.9168703245277157,tinggi,0
-0.6722346777410041,Debit,Detroit,Branch,-1.4484027820383598,Student,-0.3432181414796621,0.0,-0.935333522884878,rendah,0
-0.9269594607761497,Credit,Philadelphia,Branch,-1.2229095428040044,Student,-1.2074550869326635,0.0,-1.016190657786794,rendah,1
-0.8111171704873738,Debit,Kansas City,Online,1.3138893985824933,Doctor,-0.059861765921301074,0.0,1.3255864945762443,tinggi,0
-1.099554854136414,Credit,Detroit,Online,-0.8282963741438827,Doctor,0.37934061619415865,0.0,-1.1688397327233613,rendah,0
-0.8621445771230781,Debit,Omaha,Branch,-0.8846696839524716,Doctor,0.5351866227512573,0.0,2.250466777006745,rendah,1
1.7705764496217582,Credit,Detroit,Online,-1.5047760918469486,Student,-0.2015399537004816,0.0,-1.0378692994518595,rendah,0
0.3275177255183181,Credit,San Diego,Online,-0.1518166564408166,Engineer,-1.2499585432664178,0.0,-0.5786676421414633,sedang,1
-0.8435475150996525,Debit,Seattle,Online,1.370262708391082,Retired,-1.065776899153483,0.0,0.2856926722963426,tinggi,1
0.4485360453850427,Debit,Detroit,Branch,0.35554313183648295,Doctor,2.26366051365726,0.0,1.2905571070109292,sedang,0
2.4599503004901173,Credit,Los Angeles,ATM,-1.2792828526125934,Student,1.8811294066534725,0.0,-0.9463930094216143,rendah,0
-1.0426185287789809,Debit,Detroit,ATM,-0.9974163035696493,Engineer,-0.7115814297055315,0.0,0.6899322656120188,rendah,0
0.5019911473095194,Credit,Portland,Online,-1.3356561624211822,Student,-0.3857215978134163,0.0,-0.9063561321188325,rendah,1
-0.105802980741793,Debit,Boston,Online,1.5393826378168487,Retired,0.3226693410824864,0.0,-0.08992793953920086,tinggi,0
0.9848276763462881,Debit,Raleigh,ATM,-1.5047760918469486,Student,0.2659980659708142,0.0,-1.0384862754368949,rendah,1
-0.19897151314486558,Credit,Fort Worth,Branch,1.5957559476254375,Retired,-0.27237904759007187,0.0,-0.790694895488461,tinggi,0
-0.012038975909398966,Debit,Phoenix,ATM,0.18642320241071644,Engineer,-1.037441261597647,0.0,-0.6691019851762333,sedang,1
1.4698628728143979,Debit,San Jose,ATM,-0.4336832054837608,Doctor,-0.7965883423730399,0.0,2.5286231036709728,sedang,1
-0.39657674853663305,Debit,Chicago,ATM,-0.9974163035696493,Student,2.0653110507664074,0.0,-0.8016417391067674,rendah,0
0.3379155902457015,Credit,Nashville,Branch,1.088396159348138,Retired,-0.08819740347713718,0.0,-0.6593609327983904,tinggi,1
-0.5703172811840539,Credit,Phoenix,ATM,-0.5464298251009385,Engineer,-1.0232734428197288,0.0,0.6034404247222889,sedang,1
-0.8373179573775198,Debit,Memphis,Online,-1.5047760918469486,Student,-0.7540848860392857,0.0,-0.8731315913147207,rendah,1
-0.27326815009559496,Debit,Tucson,Online,-0.9410429937610604,Engineer,0.22349460963706,0.0,-0.508401501638269,rendah,1
2.0199419807930106,Debit,New York,Online,-0.039070036823638944,Engineer,0.478515347639585,0.0,0.4411475799283409,sedang,1
-0.49853995066506934,Debit,Tucson,Branch,-1.392029472229771,Student,-1.1932872681547455,0.0,-0.9247374083535005,rendah,1
-1.0744992065334245,Debit,San Antonio,Branch,-1.4484027820383598,Student,-0.8957630738184662,0.0,0.12366863446682907,rendah,1
-1.1725231295140415,Debit,Colorado Springs,ATM,-1.1101629231868269,Student,0.2801658847487323,0.0,-0.9583843601017237,rendah,0
2.291477408563617,Debit,Atlanta,Branch,1.1447694691567267,Doctor,1.1869062865354878,0.0,1.3958551951457663,tinggi,0
-0.998690985723648,Credit,Virginia Beach,Online,-1.1101629231868269,Student,0.3651727974162406,0.0,-0.891213339789019,rendah,1
-1.0277775236174294,Debit,Charlotte,Online,-0.7719230643352939,Doctor,-1.5474827376026967,0.0,0.9101978124023539,rendah,0
-1.0819197091142003,Debit,Charlotte,Branch,-1.2792828526125934,Student,-0.8532596174847121,0.0,-1.062794105220763,rendah,0
1.8563702850155415,Debit,Atlanta,Branch,-1.2229095428040044,Student,1.4135913869821766,0.0,-0.7947551606845867,rendah,0
-1.0159138806024854,Debit,Boston,Branch,-0.8282963741438827,Doctor,-0.2015399537004816,0.0,2.362853688803671,rendah,0
-0.19287937213719178,Credit,Los Angeles,ATM,0.07367658279353874,Doctor,-1.320797637156008,0.0,0.0685094453648572,sedang,0
-1.0602078682297083,Debit,Louisville,Branch,0.693782990688016,Engineer,-0.7540848860392857,0.0,0.8999242662282975,tinggi,0
1.6527645197590726,Debit,Memphis,ATM,-0.20818996624940544,Engineer,-1.122448174265155,0.0,0.20628197486971736,sedang,1
0.8682524969137319,Debit,Houston,ATM,1.0320228495395491,Retired,-0.5982388794821871,0.0,0.7072920753818357,tinggi,0
0.5546217489472434,Debit,Raleigh,Branch,-0.6591764447181162,Engineer,1.2010741053134057,0.0,-0.7286209672347009,sedang,1
-1.125893057741019,Debit,Phoenix,Online,-0.8282963741438827,Engineer,-1.079944717931401,0.0,0.48186287480802903,rendah,1
0.08529786349892399,Debit,Fort Worth,ATM,-0.49005651529234967,Doctor,-0.7399170672613676,0.0,1.176846640922454,sedang,0
-0.35306145562467683,Debit,Philadelphia,Online,1.8776224966683817,Retired,-0.541567604370515,0.0,0.20703463437013425,tinggi,1
-1.0283271904752647,Debit,Kansas City,Branch,-0.039070036823638944,Doctor,-1.0516090803755649,0.0,0.7032010893897743,sedang,0
0.07824380549003862,Debit,Portland,Branch,1.9339958064769707,Retired,-0.14486867858880942,0.0,-0.14266018576227774,tinggi,1
0.6052827110110577,Debit,Fresno,ATM,-1.2229095428040044,Student,0.5068509851954212,0.0,-0.8399326511738886,rendah,0
1.0810193764674543,Debit,Indianapolis,ATM,-1.1101629231868269,Student,-1.1507838118209912,0.0,-1.1579543306969255,rendah,0
-0.49464647708873644,Debit,Mesa,ATM,0.693782990688016,Doctor,-1.334965455933926,0.0,0.6916142291894807,tinggi,1
-0.32452458458873074,Credit,Fresno,Branch,-0.20818996624940544,Engineer,-0.9382665301522204,0.0,-1.2028118128952339,sedang,0
0.3006756606273643,Debit,Jacksonville,ATM,-0.9974163035696493,Student,-0.8815952550405481,0.0,-0.9887953880114203,rendah,0
-1.083614515259192,Debit,Miami,Branch,-1.5047760918469486,Student,-1.3774689122676802,0.0,-1.1019708002373543,rendah,1
-0.6990309370604717,Credit,Louisville,Online,1.0320228495395491,Retired,-0.15903649736672745,0.0,-0.023430216670746438,tinggi,0
-0.9205924863395581,Debit,Seattle,Online,-0.32093658586658314,Engineer,-0.7257492484834496,0.0,0.06288753970868295,sedang,1
-0.7387901731105537,Debit,Louisville,Branch,-0.6591764447181162,Engineer,-0.9666021677080565,0.0,-0.6825320931326496,sedang,0
1.008783990233607,Debit,Columbus,Online,-0.9974163035696493,Engineer,2.249492694879342,0.0,0.3756278023971626,rendah,0
-1.0783926801097574,Debit,Louisville,Online,0.693782990688016,Doctor,-0.2865468663679899,0.0,-1.1371563518486745,tinggi,0
0.09821503465805201,Debit,Jacksonville,Branch,-0.9410429937610604,Student,-1.320797637156008,0.0,-0.9610314686848221,rendah,0
-0.18985620441909798,Debit,Detroit,ATM,-0.9974163035696493,Student,1.3710879306484225,0.0,-0.9006983855340669,rendah,0
-0.28613951568323676,Debit,Milwaukee,ATM,1.2011427789653157,Doctor,0.5918578978629295,0.0,2.37959908265478,tinggi,1
-1.0867292941202584,Debit,Charlotte,Branch,1.088396159348138,Retired,0.039312965524125304,0.0,-1.034042000291577,tinggi,0
-0.8038340846210568,Debit,Houston,Online,-0.20818996624940544,Engineer,-0.22987559125631774,0.0,0.5354732237815922,sedang,0
0.2643060368672661,Credit,Virginia Beach,Branch,0.7501563004966048,Engineer,1.541101755983439,0.0,1.2346273379442452,tinggi,1
0.961008779173428,Debit,Las Vegas,ATM,0.7501563004966048,Doctor,-1.5333149188247788,0.0,1.488498875421556,tinggi,0
0.9877592329214095,Debit,New York,Branch,0.5810363710708383,Engineer,-0.45656069170300656,0.0,0.5191835217368578,sedang,1
-0.8688779961315597,Debit,Indianapolis,Online,0.8065296103051937,Doctor,-1.4908114624910245,0.0,1.0055116418581929,tinggi,0
-0.7061766062123297,Debit,Albuquerque,Branch,1.9339958064769707,Retired,-0.0031904908096288594,0.0,-0.11363415373600128,tinggi,0
0.9007744526689834,Debit,Seattle,Branch,1.2011427789653157,Doctor,0.39350843497207666,0.0,0.3240066249604153,tinggi,1
0.047325044736806585,Debit,Seattle,ATM,-1.053789613378238,Student,0.719368266864192,0.0,-0.9518817916287353,rendah,1
-0.6668296203056242,Debit,Boston,ATM,1.2011427789653157,Doctor,-1.079944717931401,0.0,2.367881659071762,tinggi,0
-0.6214362989627308,Debit,Phoenix,ATM,1.3138893985824933,Doctor,0.5493544415291753,0.0,2.0198816028484514,tinggi,1
-0.19952118000270083,Debit,Mesa,Branch,0.35554313183648295,Retired,-0.3573859602575802,0.0,-0.06781664666471232,sedang,1
-0.3158673315778258,Debit,Nashville,ATM,0.8629029201137824,Engineer,0.8610464546433725,0.0,-0.7542549113764463,tinggi,1
0.9850108986322332,Credit,San Jose,Online,-0.6028031349095274,Doctor,0.3085015223045684,0.0,2.4915917442372026,sedang,1
-0.7926575251784069,Debit,Nashville,ATM,0.693782990688016,Engineer,-1.0232734428197288,0.0,-0.010115311699087805,tinggi,1
-0.7222543618040105,Debit,San Francisco,Online,1.9339958064769707,Retired,1.1727384677575696,0.0,-0.6382839067203929,tinggi,1
2.6681366228952133,Credit,Louisville,Branch,0.8629029201137824,Doctor,-0.4707285104809246,0.0,1.6482111733569318,tinggi,0
-1.1570408463516824,Debit,San Diego,Online,-0.377309895675172,Engineer,-1.1507838118209912,0.0,0.6968290842995112,sedang,1
-0.9461061896574104,Credit,Raleigh,Online,0.7501563004966048,Doctor,-0.7824205235951218,0.0,0.6410631594778156,tinggi,1
-0.5541937200208871,Debit,Fresno,Online,0.693782990688016,Retired,2.1219823258780797,0.0,-0.9268520231403856,tinggi,0
0.511610317321636,Debit,Raleigh,Branch,1.3138893985824933,Doctor,-1.2074550869326635,0.0,2.200504522550508,tinggi,1
-1.0942414078440068,Credit,Sacramento,Branch,1.088396159348138,Doctor,0.22349460963706,0.0,1.854534598925261,tinggi,1
-0.591067205067334,Credit,Virginia Beach,Branch,-0.7719230643352939,Engineer,-1.0232734428197288,0.0,0.9037490053222522,rendah,1
-1.0998296875653317,Debit,Houston,Online,0.017303272984949897,Engineer,-1.0091056240418108,0.0,-0.7419563527369831,sedang,0
0.27612387431072366,Debit,Fort Worth,Branch,-0.039070036823638944,Doctor,-0.5557354231484329,0.0,2.3831473345853165,sedang,0
1.0067685450882113,Debit,Charlotte,ATM,1.9339958064769707,Retired,-0.059861765921301074,0.0,-0.052881219707462485,tinggi,0
-0.4592387703298499,Debit,Portland,Branch,-1.1665362329954156,Student,0.5776900790850115,0.0,0.9935100509127721,rendah,1
-0.9239820986295422,Credit,Houston,Online,-0.6028031349095274,Engineer,2.008639775654735,0.0,-0.33506709077188057,sedang,0
-1.1043644391424723,Debit,Denver,Branch,-0.9974163035696493,Student,-1.1507838118209912,0.0,-1.1291561445738363,rendah,0
0.18465014805264293,Debit,Phoenix,Online,1.764875877051204,Retired,0.8327108170875364,0.0,0.08923318228959781,tinggi,1
1.7910515400761209,Debit,Omaha,Branch,-0.49005651529234967,Doctor,0.02514514674620725,0.0,2.2219220374501227,sedang,1
-0.8327374002288929,Debit,El Paso,ATM,0.24279651221930526,Engineer,0.8327108170875364,0.0,1.1642639149205887,sedang,0
0.07824380549003862,Debit,Virginia Beach,Online,-0.9410429937610604,Student,-1.1932872681547455,0.0,-1.0423724561227203,rendah,1
-0.18797817598816083,Credit,Jacksonville,Branch,0.35554313183648295,Retired,-0.7540848860392857,0.0,-0.3697227086533153,sedang,0
0.7501199280506424,Debit,Louisville,Branch,-1.053789613378238,Student,-0.9099308925963843,0.0,-0.8504698841797234,rendah,0
1.9766099101669994,Credit,Memphis,Branch,-1.2229095428040044,Student,-1.3774689122676802,0.0,0.02312202943666362,rendah,1
0.12982087898357825,Credit,Sacramento,Branch,0.5810363710708383,Doctor,0.43601189130583085,0.0,2.49533712127499,sedang,1
-0.1982844295725715,Debit,Boston,ATM,1.0320228495395491,Doctor,-1.4766436437131065,0.0,0.035215782769890853,tinggi,0
0.9448394124387749,Credit,Las Vegas,Branch,0.35554313183648295,Doctor,0.5635222603070934,0.0,1.3153641497287472,sedang,0
0.24149486226710373,Debit,Charlotte,Online,0.7501563004966048,Doctor,0.39350843497207666,0.0,-1.0569929949216326,tinggi,0
0.5507740809423965,Credit,Mesa,Branch,-1.053789613378238,Student,-0.6832457921496955,0.0,0.3405011323113854,rendah,1
-0.8226143689304274,Debit,Virginia Beach,Branch,1.3138893985824933,Doctor,0.5351866227512573,0.0,2.298212014022979,tinggi,1
-0.5034869523855865,Debit,Portland,ATM,1.088396159348138,Retired,2.164485782211834,0.0,-0.28422161343250135,tinggi,1
-0.5965638736456865,Debit,San Antonio,Branch,-1.2792828526125934,Student,0.37934061619415865,0.0,-1.0596529038363707,rendah,1
-0.7122687472200037,Debit,Boston,ATM,-1.1665362329954156,Student,-1.037441261597647,0.0,-1.125802457684224,rendah,0
-0.3291967528803303,Debit,Denver,Branch,0.7501563004966048,Doctor,2.1078145071001617,0.0,-1.0097264903087249,tinggi,0
0.8900559489411961,Debit,Colorado Springs,ATM,0.07367658279353874,Engineer,0.7902073607537822,0.0,-0.9585763650763197,sedang,0
1.18925794188951,Credit,Charlotte,ATM,-1.1101629231868269,Student,-0.3573859602575802,0.0,-0.9717376660683015,rendah,0
2.8546111044158162,Debit,Sacramento,ATM,-1.1101629231868269,Student,-1.2782941808222537,0.0,-1.2387756246702502,rendah,1
-0.8709850524199282,Credit,San Antonio,Branch,-1.1101629231868269,Student,0.29433370352665034,0.0,-0.9959891743929548,rendah,1
-0.7378740616808285,Debit,Los Angeles,Branch,-0.7719230643352939,Engineer,0.7052004480862739,0.0,-1.219408722899322,rendah,0
-0.727430391381959,Debit,El Paso,Branch,0.5246630612622495,Engineer,0.6485291729746017,0.0,0.31300345988289385,sedang,0
1.6527645197590726,Debit,Boston,ATM,-0.1518166564408166,Engineer,0.12431987819163362,0.0,0.5261289816845813,sedang,0
2.8936832568936053,Debit,San Antonio,Online,0.9756495397309601,Retired,-0.24404341003423577,0.0,0.715622531212979,tinggi,1
-0.684144126327434,Debit,Omaha,Branch,-1.2792828526125934,Student,0.13848769696955168,0.0,-1.1544828807562277,rendah,1
-1.0089514337365726,Debit,Omaha,ATM,0.9756495397309601,Retired,-0.7115814297055315,0.0,-0.6445586292901939,tinggi,1
1.460197897230795,Debit,Oklahoma City,Online,-0.09544334663222778,Doctor,0.13848769696955168,0.0,-1.2458311674700755,sedang,1
-0.7876189123149174,Debit,San Jose,ATM,-0.4336832054837608,Engineer,-0.6974136109276136,0.0,-0.09349411193403279,sedang,1
-1.1409172851885157,Credit,Las Vegas,Online,0.41191644164507174,Retired,-0.49906414803676075,0.0,0.5868435147182007,sedang,0
-0.6758075123169329,Debit,Fort Worth,Branch,0.6374096808794272,Doctor,-1.3066298183780898,0.0,2.1528360875241135,tinggi,0
-0.1225678199057677,Debit,Austin,Online,1.9339958064769707,Retired,0.06764860307996141,0.0,-0.16249045953856447,tinggi,0
0.4813328345692119,Debit,Detroit,ATM,0.5246630612622495,Retired,-0.1165330410329733,0.0,0.6076312533011403,sedang,0
-0.6155731858124884,Debit,New York,Branch,0.07367658279353874,Doctor,-0.300714685145908,0.0,0.5516118819129776,sedang,1
1.7666829760454252,Debit,Mesa,ATM,1.1447694691567267,Doctor,0.12431987819163362,0.0,1.617219010390791,tinggi,1
-0.37390299065092947,Credit,Mesa,ATM,1.370262708391082,Doctor,-0.7115814297055315,0.0,0.24019261344971918,tinggi,1
-0.4069288076925299,Credit,Tucson,Branch,-0.715549754526705,Engineer,-1.5333149188247788,0.0,-0.41018199690020857,rendah,1
-1.1239692237385956,Debit,Chicago,Online,1.2575160887739045,Retired,-0.6549101545938594,0.0,0.39116228487515237,tinggi,0
0.5736310611140452,Credit,Omaha,Branch,0.9756495397309601,Doctor,0.39350843497207666,0.0,1.2941847209976318,tinggi,1
-0.8772604157135472,Debit,Mesa,ATM,-0.9410429937610604,Student,-0.9240987113743023,0.0,1.04046422743367,rendah,1
2.1678023655506893,Credit,Chicago,Branch,1.8212491868597929,Retired,-0.37155377903549824,0.0,0.32851746183026,tinggi,0
-0.785695078312494,Debit,Kansas City,ATM,0.9756495397309601,Retired,-1.3066298183780898,0.0,0.2546851489322339,tinggi,0
2.151816221101981,Debit,Phoenix,ATM,-1.5047760918469486,Student,2.235324876101424,0.0,-1.0475924313654066,rendah,1
-0.579157756480904,Debit,Raleigh,Branch,0.017303272984949897,Engineer,-0.7965883423730399,0.0,-0.184215182397533,sedang,1
-0.8645264668403642,Debit,Milwaukee,ATM,-1.392029472229771,Student,-1.0232734428197288,0.0,-0.9518357104348322,rendah,1
-0.8775352491424647,Debit,Sacramento,Branch,-1.053789613378238,Student,-0.6690779733717774,0.0,0.5836485519409215,rendah,1
-0.29873604784196095,Debit,Jacksonville,Branch,1.0320228495395491,Doctor,-0.9666021677080565,0.0,-0.7985210182529985,tinggi,0
-0.20135340286215164,Debit,Fresno,Online,-0.32093658586658314,Doctor,0.039312965524125304,0.0,0.49560531085645504,sedang,0
-0.7716327678662093,Debit,Virginia Beach,ATM,-0.8282963741438827,Engineer,0.2659980659708142,0.0,-0.3566151690542204,rendah,1
0.6103671294460334,Debit,El Paso,Online,-1.053789613378238,Engineer,-0.9949378052638926,0.0,-0.6358134427139229,rendah,0
-0.9552673039546644,Debit,San Diego,Online,-0.4336832054837608,Engineer,1.7394512188742919,0.0,0.9683676395059926,sedang,1
0.3526649842642802,Debit,Fresno,ATM,1.0320228495395491,Retired,0.22349460963706,0.0,-0.8807017074464636,tinggi,0
-0.7171699433690346,Debit,Miami,Online,1.9339958064769707,Retired,-0.9666021677080565,0.0,-0.2024786955811155,tinggi,1
-0.9724443932620156,Debit,San Antonio,ATM,-0.7719230643352939,Engineer,0.6343613541966836,0.0,-1.2130648785386664,rendah,1
-0.8000780277591826,Debit,Fort Worth,Branch,-0.9410429937610604,Student,-1.3916367310455982,0.0,-0.8160856333290512,rendah,0
0.8729704707768178,Debit,Charlotte,Online,-0.715549754526705,Engineer,-0.7682527048172038,0.0,0.2643033181263354,rendah,0
1.5272572538866938,Credit,Austin,Branch,-1.1101629231868269,Student,-1.0091056240418108,0.0,-1.0323549165814592,rendah,0
-0.2936516294069851,Debit,Milwaukee,Branch,1.48300932800826,Retired,0.5351866227512573,0.0,-0.784164166285865,tinggi,1
-1.1234653624522468,Credit,New York,Branch,0.6374096808794272,Retired,-0.7824205235951218,0.0,-0.7780558480273806,tinggi,1
-1.1406424517595979,Debit,Boston,ATM,-0.49005651529234967,Engineer,2.178653600989752,0.0,-0.7322613815530433,sedang,0
-0.8126287543464206,Debit,Dallas,ATM,1.6521292574340263,Retired,-0.6690779733717774,0.0,0.37852067734774414,tinggi,0
0.5960757911423176,Debit,Raleigh,Branch,0.7501563004966048,Retired,0.25183024719289615,0.0,-0.825483636818949,tinggi,1
-0.9418462715091873,Debit,Fresno,Branch,-1.2229095428040044,Student,-0.5273997855925969,0.0,-0.8796956013795799,rendah,0
-0.0036107507559253274,Debit,Nashville,ATM,0.5246630612622495,Retired,-1.1932872681547455,0.0,0.46321023154259855,sedang,1
-1.1407798684740567,Debit,Los Angeles,Branch,-0.6028031349095274,Doctor,2.5328490704377034,0.0,-0.9679513279692661,sedang,0
-0.10594039745625182,Debit,Louisville,Branch,1.0320228495395491,Doctor,-1.5333149188247788,0.0,0.25464674793731473,tinggi,0
-0.3685895443585222,Debit,Boston,Branch,0.5810363710708383,Retired,0.09598424063579752,0.0,-0.6860854651958416,sedang,0
-0.7806564654490044,Debit,Fresno,ATM,1.7085025672426153,Retired,0.08181642185787946,0.0,-0.5048711701720284,tinggi,0
-1.077659790965977,Debit,San Francisco,ATM,0.5246630612622495,Retired,-0.6832457921496955,0.0,0.6366035239345298,sedang,1
-0.7977877491848692,Debit,Milwaukee,Branch,-1.053789613378238,Student,-1.037441261597647,0.0,-1.2314487148396625,rendah,1
1.312932984902438,Debit,Los Angeles,ATM,-1.5047760918469486,Student,0.039312965524125304,0.0,0.2724468891155385,rendah,0
0.41189158819602695,Credit,San Jose,Branch,-1.3356561624211822,Student,-0.045693947143383026,0.0,-0.8865668194037929,rendah,1
-0.9589775552450522,Debit,El Paso,Branch,-1.1665362329954156,Student,-0.7540848860392857,0.0,-1.1559446786294862,rendah,0
-0.8790926385729978,Debit,Atlanta,Branch,0.7501563004966048,Engineer,1.6544443062067835,0.0,0.0975252371258221,tinggi,0
0.4300305945045899,Credit,Fresno,ATM,-0.9410429937610604,Student,-1.0091056240418108,0.0,-0.7982061300946609,rendah,0
-1.1590562914970783,Debit,Charlotte,Online,1.1447694691567267,Doctor,0.7760395419758641,0.0,0.17053832879890465,tinggi,0
-1.073216650531809,Debit,El Paso,Online,-1.053789613378238,Engineer,-1.0941125367093192,0.0,0.5218178299883165,rendah,0
-0.4093565029813023,Debit,Sacramento,ATM,-0.5464298251009385,Engineer,-0.22987559125631774,0.0,-0.718785192402724,sedang,1
-0.9765210891242935,Credit,Charlotte,Branch,-0.8282963741438827,Engineer,1.3144166555367502,0.0,-0.5709311216984038,rendah,0
0.6134819083070998,Debit,Portland,Online,-0.039070036823638944,Doctor,-1.2074550869326635,0.0,0.10233816182236476,sedang,1
1.1511935119844197,Debit,Mesa,ATM,-0.32093658586658314,Engineer,0.1668233345253878,0.0,0.13021216400106453,sedang,1
0.3457941485413398,Debit,Kansas City,ATM,-0.9974163035696493,Student,-0.2582112288121538,0.0,-1.256527124588243,rendah,0
0.4821115292844783,Debit,New York,Branch,-0.715549754526705,Engineer,-1.2499585432664178,0.0,0.38131370971153555,rendah,1
-0.9814222852733244,Debit,San Jose,Online,-0.8282963741438827,Doctor,-0.5557354231484329,0.0,2.1464077609746353,rendah,1
-0.037461068084278695,Debit,Chicago,Online,-0.9410429937610604,Engineer,-0.08819740347713718,0.0,-0.6475487867612374,rendah,0
0.9363195761423286,Credit,Sacramento,Online,0.5246630612622495,Doctor,0.73353608564211,0.0,-1.1327555978309314,sedang,1
-0.8935213935911728,Debit,Charlotte,Branch,0.6374096808794272,Doctor,-0.9949378052638926,0.0,1.8564034473446636,tinggi,0
0.05534101974690378,Debit,Chicago,Branch,-0.8846696839524716,Engineer,0.4076762537499947,0.0,0.9381537367035478,rendah,0
-0.173228781969582,Credit,San Diego,Online,0.5246630612622495,Engineer,-0.7257492484834496,0.0,0.5823941194402268,sedang,1
-0.6032514870826818,Debit,Baltimore,Branch,-1.392029472229771,Student,-1.2499585432664178,0.0,-0.8334633635631634,rendah,0
-0.958427888387217,Debit,Austin,Online,0.4682897514536606,Engineer,-0.059861765921301074,0.0,-0.9519099523583426,sedang,0
1.5389834801871791,Debit,Memphis,Online,1.6521292574340263,Retired,1.8244581315418003,0.0,0.6165070032601364,tinggi,1
0.5297951292016851,Debit,Nashville,ATM,-1.2792828526125934,Student,1.3002488367588323,0.0,-0.3069498822920254,rendah,1
-1.1548421789203416,Debit,Fort Worth,Branch,-0.715549754526705,Engineer,-1.4058045498235163,0.0,-0.07905533784440481,rendah,0
-0.5126022611113541,Debit,Fresno,Branch,-0.1518166564408166,Engineer,-0.6407423358159413,0.0,0.45740912124346794,sedang,0
0.27355876230749254,Debit,Denver,Online,-0.9410429937610604,Engineer,2.008639775654735,0.0,0.9069542083648434,rendah,0
0.7530972901972499,Debit,Fort Worth,Online,-1.1101629231868269,Student,-0.7540848860392857,0.0,0.5309265459831561,rendah,0
-0.3258071405903463,Debit,Virginia Beach,Branch,0.18642320241071644,Engineer,1.0593959175342254,0.0,-0.6197669469703436,sedang,1
-1.0561311723674303,Credit,Portland,Online,0.017303272984949897,Engineer,0.8185429983096183,0.0,0.9608231240375295,sedang,1
0.18410048119480768,Debit,Austin,Online,0.9192762299223713,Retired,0.4501797100837489,0.0,-1.0271477416704125,tinggi,0
-0.7206053612305049,Debit,San Diego,ATM,0.41191644164507174,Engineer,0.11015205941371557,0.0,-0.33350545031183204,sedang,1
-0.5366043805701595,Debit,Indianapolis,Online,0.41191644164507174,Engineer,0.8610464546433725,0.0,1.1436144199193587,sedang,0
-0.6601420068686288,Debit,Washington,Branch,-0.7719230643352939,Doctor,-1.4483080061572704,0.0,1.159502191550605,rendah,1
1.429324942049049,Debit,Nashville,Branch,-1.4484027820383598,Student,-0.2015399537004816,0.0,-0.9710208474964761,rendah,1
-0.3105996908569048,Debit,Oklahoma City,ATM,-0.9410429937610604,Student,-0.9807699864859746,0.0,-0.8152152107775487,rendah,1
-0.3103706629994734,Debit,Miami,Branch,1.3138893985824933,Doctor,1.6827799437626196,0.0,1.4566746908988315,tinggi,1
0.12052234797186537,Debit,Baltimore,Online,-1.1665362329954156,Student,0.8610464546433725,0.0,-1.151267437448325,rendah,0
-0.4810422223573143,Debit,Chicago,ATM,0.35554313183648295,Retired,-0.2015399537004816,0.0,-0.7433643892173546,sedang,0
0.8325241511544414,Debit,San Jose,Online,-0.4336832054837608,Engineer,-0.22987559125631774,0.0,0.9967818156798897,sedang,1
1.1190838063725446,Debit,Phoenix,Branch,0.1300498926021276,Engineer,1.257745380425078,0.0,0.9526078711911437,sedang,1
-1.1354664221816495,Debit,Oklahoma City,Online,1.764875877051204,Retired,-0.24404341003423577,0.0,-0.461060755101851,tinggi,1
-0.38127768766021897,Debit,Austin,Online,-1.3356561624211822,Student,0.5776900790850115,0.0,-1.1979502469384604,rendah,0
-0.4921271706569915,Debit,Chicago,ATM,0.4682897514536606,Retired,0.05348078430204335,0.0,-1.0408184958616558,sedang,0
0.6017556820066148,Credit,Columbus,Branch,0.4682897514536606,Doctor,1.6686121249847015,0.0,1.1836922582833875,sedang,0
-0.5991289856489175,Credit,Charlotte,Branch,1.1447694691567267,Retired,0.6768648105304378,0.0,0.24087103102662535,tinggi,0
-0.9380902146473132,Credit,Colorado Springs,Branch,0.2991698220278941,Doctor,-1.2499585432664178,0.0,0.853860992789526,sedang,0
0.608580712158069,Credit,Austin,Branch,0.9756495397309601,Doctor,1.3710879306484225,0.0,0.5182439773945008,tinggi,0
0.2424567792683153,Credit,San Antonio,Online,1.2575160887739045,Retired,0.25183024719289615,0.0,-0.18500880295919683,tinggi,1
2.140685467230817,Debit,Fort Worth,Branch,-0.20818996624940544,Doctor,0.20932679085914196,0.0,1.4904624462950922,sedang,0
-0.6039843762264621,Debit,Washington,ATM,-1.1665362329954156,Student,-0.5840710607042691,0.0,-1.1414854240092347,rendah,1
1.0557347010070335,Debit,Kansas City,Branch,0.41191644164507174,Doctor,0.6343613541966836,0.0,0.6674472030536498,sedang,0
1.7363596877215148,Credit,Jacksonville,Branch,0.07367658279353874,Doctor,-0.5840710607042691,0.0,2.090621355622316,sedang,0
-0.2344708310467246,Debit,Houston,Branch,0.9756495397309601,Retired,0.35100497863832253,0.0,-0.3887849625312176,tinggi,0
-0.9959426514344719,Debit,Louisville,Branch,-1.1101629231868269,Student,0.18099115330330584,0.0,-1.0698266074236369,rendah,0
-0.013000892910610667,Debit,Nashville,Branch,-0.5464298251009385,Doctor,-0.7965883423730399,0.0,0.17606039186828884,sedang,1
0.8243249538583993,Debit,Houston,Branch,-0.49005651529234967,Engineer,1.3285844743146682,0.0,-0.14986165234279603,sedang,0
-0.1470738006509221,Debit,Miami,Branch,1.764875877051204,Retired,-0.7965883423730399,0.0,0.6274922478733623,tinggi,1
2.2712771515381727,Credit,Dallas,ATM,1.1447694691567267,Doctor,-0.059861765921301074,0.0,2.4036150648772625,tinggi,0
-0.8168886724946437,Credit,San Jose,Branch,-0.7719230643352939,Doctor,-1.1082803554872371,0.0,2.2760751204852117,rendah,1
-0.9474345512305122,Credit,Jacksonville,ATM,0.4682897514536606,Doctor,-0.45656069170300656,0.0,-1.2582577294259358,sedang,0
-0.5699050310406776,Debit,Denver,ATM,-1.5047760918469486,Student,0.6343613541966836,0.0,-1.1198810242676798,rendah,0
-0.795543276182042,Debit,Los Angeles,ATM,0.9192762299223713,Retired,0.8185429983096183,0.0,-0.520958626976855,tinggi,0
-0.4938677823734698,Credit,Fort Worth,Branch,0.07367658279353874,Engineer,0.8043751795317002,0.0,1.0954288514947175,sedang,0
-0.8362644292333358,Credit,Memphis,Online,0.8065296103051937,Doctor,0.4076762537499947,0.0,2.200581324540347,tinggi,1
2.8387165711100817,Credit,Portland,ATM,0.9756495397309601,Retired,-0.017358309587546913,0.0,-0.34744757153383793,tinggi,1
1.6432369608899289,Debit,Jacksonville,ATM,-0.1518166564408166,Doctor,0.1951589720812239,0.0,2.3660614519125907,sedang,0
1.7689732546197388,Credit,Jacksonville,Online,-0.49005651529234967,Engineer,-0.9524343489301385,0.0,-0.5679896054875914,sedang,0
-1.1400469793302765,Debit,Phoenix,ATM,1.9339958064769707,Retired,-0.7682527048172038,0.0,0.13578286833067987,tinggi,1
0.06450213404415772,Credit,Louisville,Branch,1.8212491868597929,Retired,0.33683715986040447,0.0,-0.13475726100790167,tinggi,0
1.1114342759343376,Debit,Charlotte,ATM,-1.1665362329954156,Student,0.1951589720812239,0.0,-0.9877227202200101,rendah,0
2.678076431907733,Credit,Atlanta,Branch,-1.1101629231868269,Student,2.3770030638806046,0.0,-1.215647985463566,rendah,0
-0.5405894652894649,Debit,Fort Worth,Online,1.8212491868597929,Retired,-0.9382665301522204,0.0,-0.512164799140353,tinggi,0
-0.11624665104066251,Credit,Miami,Branch,0.8629029201137824,Engineer,-0.5132319668146789,0.0,-0.10075702010642179,tinggi,1
0.16142672330910424,Debit,Columbus,ATM,1.5393826378168487,Retired,-1.2357907244884996,0.0,0.7295339316390493,tinggi,0
-0.8833983622927073,Debit,Baltimore,Online,0.5246630612622495,Doctor,1.9661363193209809,0.0,0.7304657957824227,sedang,0
-0.09906956173331137,Debit,Boston,Branch,1.2575160887739045,Doctor,-0.6407423358159413,0.0,0.21652992038049393,tinggi,0
-0.25242661506934233,Debit,Baltimore,Online,0.693782990688016,Engineer,-0.5840710607042691,0.0,0.3967841905313266,tinggi,0
-0.43757273501684435,Debit,Nashville,ATM,-0.9410429937610604,Student,-1.5049792812689426,0.0,-0.981053747435705,rendah,1
-1.0921343515556383,Debit,Atlanta,Branch,0.4682897514536606,Doctor,0.6910326293083559,0.0,0.8158235272888716,sedang,0
0.9844154262029118,Credit,San Jose,Branch,-0.6028031349095274,Doctor,-1.1082803554872371,0.0,2.009060202480214,sedang,1
0.15199077558293267,Debit,Milwaukee,Branch,0.5810363710708383,Engineer,1.7961224939859641,0.0,-0.09065243831001019,sedang,1
-0.9563666376703348,Debit,New York,Branch,-0.9974163035696493,Engineer,-1.1507838118209912,0.0,0.05994602349787053,rendah,1
0.46988144169764445,Debit,Baltimore,Branch,0.5810363710708383,Doctor,-1.2641263620443357,0.0,-0.8538747723958945,sedang,0
-1.0257162729005473,Debit,Fort Worth,Online,-1.4484027820383598,Student,1.9236328629872268,0.0,-1.1964500480702824,rendah,0
-1.030754885764037,Debit,Fort Worth,Online,0.35554313183648295,Retired,0.4218440725279128,0.0,-0.9457427525743155,sedang,0
-0.16782372453420227,Debit,Boston,Online,-0.9410429937610604,Student,-0.24404341003423577,0.0,-1.0305961510141586,rendah,0
1.004020210799035,Credit,Houston,Branch,1.8212491868597929,Retired,-0.2865468663679899,0.0,0.21953287818317727,tinggi,0
-0.5264355437002076,Debit,Miami,Branch,-1.2229095428040044,Student,-0.9949378052638926,0.0,-1.1030921092889956,rendah,1
-0.7375076171089383,Debit,Washington,Online,-0.9974163035696493,Student,-0.39988941659133437,0.0,-0.8638718314065321,rendah,1
-0.9421669105095912,Credit,Los Angeles,Branch,0.07367658279353874,Engineer,1.1302350114238155,0.0,0.9962339614857089,sedang,0
-0.9439991333690421,Debit,Boston,ATM,0.9756495397309601,Doctor,0.9318855485329627,0.0,0.8117095006998585,tinggi,0
-0.3287386971654676,Debit,Colorado Springs,Branch,-1.2792828526125934,Student,0.5635222603070934,0.0,-1.1429139410202298,rendah,0
0.16811433674609977,Debit,Sacramento,Online,-0.26456327605799435,Engineer,-1.0516090803755649,0.0,-0.7195608925000923,sedang,1
0.13018732355546833,Debit,Atlanta,ATM,-0.9410429937610604,Student,-0.37155377903549824,0.0,-1.2629042498111618,rendah,0
2.2270289694824354,Debit,New York,ATM,0.2991698220278941,Engineer,0.7760395419758641,0.0,-0.253301132323543,sedang,1
0.18790234362816824,Credit,Milwaukee,ATM,-0.9410429937610604,Student,-0.3290503227017441,0.0,-0.8757146982396204,rendah,1
-0.1141395947522942,Debit,Indianapolis,ATM,1.2011427789653157,Doctor,-1.5191471000468606,0.0,0.15725670468950936,tinggi,0
0.17855800704496913,Credit,Chicago,Branch,0.1300498926021276,Engineer,-1.037441261597647,0.0,0.2040163161694831,sedang,0
-0.8050708350511862,Debit,Omaha,ATM,0.7501563004966048,Engineer,-0.8957630738184662,0.0,0.6881709399783904,tinggi,1
2.3762177158132163,Credit,Mesa,Branch,1.9339958064769707,Retired,0.5493544415291753,0.0,-0.307763983384313,tinggi,1
-0.2057965432963198,Debit,Indianapolis,Online,-1.392029472229771,Student,0.8752142734212905,0.0,-1.0684032105452976,rendah,0
-1.0976310201339907,Debit,Omaha,Online,-1.2229095428040044,Student,1.4135913869821766,0.0,-1.0718106588277967,rendah,1
-1.000706430869044,Debit,San Antonio,ATM,1.0320228495395491,Doctor,0.22349460963706,0.0,0.9078579117786093,tinggi,1
0.05932610446620926,Debit,San Jose,ATM,0.41191644164507174,Engineer,-1.4483080061572704,0.0,-0.9750555120293224,sedang,1
1.5966985002598784,Debit,Mesa,ATM,-1.3356561624211822,Student,-1.2216229057105816,0.0,-1.2054000399527895,rendah,1
-1.0427559454934396,Credit,Nashville,Branch,0.7501563004966048,Doctor,-1.1082803554872371,0.0,1.7815599082470979,tinggi,1
2.037714542529683,Credit,Seattle,Online,0.9192762299223713,Retired,-0.7824205235951218,0.0,0.3948718209843492,tinggi,1
2.77353524288512,Debit,Kansas City,Branch,0.693782990688016,Doctor,-0.6690779733717774,0.0,1.2295148854873321,tinggi,0
-1.0071192108771219,Debit,Virginia Beach,Branch,-0.20818996624940544,Engineer,-0.569903241926351,0.0,-0.5759872526961014,sedang,1
-0.546223550582276,Debit,Nashville,ATM,-0.8282963741438827,Doctor,-0.3432181414796621,0.0,1.4282246737963435,rendah,1
-0.40642494640618093,Credit,New York,Online,0.35554313183648295,Doctor,-1.5191471000468606,0.0,1.4211742511291738,sedang,1
0.7976661112533904,Debit,Baltimore,Branch,-1.1665362329954156,Student,-0.37155377903549824,0.0,-1.160109906545058,rendah,0
-1.1129300810104048,Debit,Phoenix,Branch,-1.1665362329954156,Student,-1.4058045498235163,0.0,-1.0613988690720313,rendah,1
0.2106219070853579,Debit,Jacksonville,ATM,-0.49005651529234967,Engineer,0.7902073607537822,0.0,1.0966628034647887,sedang,0
0.6869540449710765,Debit,New York,Online,1.2011427789653157,Retired,-0.49906414803676075,0.0,-0.8019284665354977,tinggi,1
-0.002465611468768585,Debit,New York,Online,0.4682897514536606,Retired,0.7477039044200281,0.0,-0.22983300429524184,sedang,1
-0.8056205019090213,Credit,Jacksonville,Online,-1.4484027820383598,Student,-0.31488250392382605,0.0,-1.0600906751784498,rendah,0
-0.7377366449663696,Debit,Atlanta,Online,-1.2792828526125934,Student,-1.3066298183780898,0.0,-1.2363000405311242,rendah,0
0.5620422515280191,Credit,Indianapolis,Branch,-0.20818996624940544,Doctor,-0.017358309587546913,0.0,1.912612263641094,sedang,0
2.960651002406531,Debit,El Paso,Online,-1.2792828526125934,Student,-0.7682527048172038,0.0,0.9027480193880245,rendah,0
2.7053307469420638,Debit,Jacksonville,Branch,-0.9410429937610604,Student,0.7902073607537822,0.0,-1.1977249611016008,rendah,0
0.17562645046984793,Credit,Dallas,Branch,1.2011427789653157,Doctor,-1.2499585432664178,0.0,2.012395968905531,tinggi,0
-1.091905323698207,Debit,Charlotte,Branch,1.3138893985824933,Retired,1.3285844743146682,0.0,0.32789024557991275,tinggi,0
1.5866670801043856,Debit,Detroit,Branch,-0.9410429937610604,Student,-1.0091056240418108,0.0,-1.2756380197263764,rendah,0
-0.9268220440616909,Credit,Philadelphia,Branch,0.693782990688016,Retired,0.39350843497207666,0.0,-0.8667339855611782,tinggi,1
0.723415279874147,Debit,San Francisco,Online,-0.8846696839524716,Doctor,2.19282141976767,0.0,0.1277468201272506,rendah,1
2.8827815308798725,Debit,Colorado Springs,Branch,0.9192762299223713,Retired,-0.7115814297055315,0.0,0.717696184938617,tinggi,0
0.8391201534484642,Debit,San Jose,Online,0.24279651221930526,Engineer,-0.4423928729250885,0.0,-0.9242791564807978,sedang,1
-0.8265536480782466,Debit,Denver,Branch,-1.5047760918469486,Student,1.4135913869821766,0.0,0.22405395531833375,rendah,0
1.5531374017764359,Credit,San Antonio,ATM,-1.4484027820383598,Student,0.6060257166408475,0.0,-0.8773480205568513,rendah,1
-1.1488416490556401,Debit,Chicago,Branch,1.764875877051204,Retired,-0.6974136109276136,0.0,-0.46339553559293983,tinggi,0
-0.034346289223212326,Debit,Charlotte,ATM,-1.053789613378238,Engineer,1.1018993738679794,0.0,-0.5298932584613942,rendah,0
0.7543340406273791,Debit,San Jose,Branch,-1.392029472229771,Student,-0.7399170672613676,0.0,-1.211155069058017,rendah,1
-0.3072100785669208,Debit,Raleigh,Branch,0.7501563004966048,Engineer,-1.349133274711844,0.0,0.37621405758626275,tinggi,1
-0.8412114309538529,Debit,Atlanta,Branch,1.764875877051204,Retired,1.3285844743146682,0.0,-0.7259917791158981,tinggi,0
-0.3147221922906691,Credit,Jacksonville,Online,1.7085025672426153,Retired,1.1160671926458976,0.0,-0.018161600167829067,tinggi,0
-1.0366638044857657,Debit,Jacksonville,Branch,0.9756495397309601,Doctor,0.039312965524125304,0.0,1.8501415251065019,tinggi,0
-0.3966683596796055,Debit,San Francisco,Branch,0.9756495397309601,Retired,0.1951589720812239,0.0,0.018478069117765505,tinggi,1
-0.9171112629066017,Debit,Austin,Branch,0.5246630612622495,Doctor,0.02514514674620725,0.0,0.9933794875300467,sedang,0
-0.9330516017838236,Debit,Las Vegas,ATM,-0.6028031349095274,Doctor,-0.6974136109276136,0.0,0.7204508163074893,sedang,0
1.513378165726354,Debit,Omaha,Online,-0.9974163035696493,Student,0.35100497863832253,0.0,-1.1776233202945514,rendah,1
-1.0790339581105652,Credit,Indianapolis,Online,0.9756495397309601,Retired,-0.07402958469921914,0.0,0.5867615925957065,tinggi,0
-0.8282484542232386,Credit,Albuquerque,Online,-0.6028031349095274,Doctor,0.9885568236446349,0.0,2.4742012136714506,sedang,0
-0.5574001100249258,Debit,Colorado Springs,Online,1.5393826378168487,Retired,-0.9807699864859746,0.0,0.19900114623303278,tinggi,0
-0.995622012434068,Debit,Omaha,ATM,0.6374096808794272,Retired,-1.1507838118209912,0.0,0.20191194164790985,tinggi,1
0.8924836442299686,Debit,Houston,Online,-0.6591764447181162,Engineer,-1.4766436437131065,0.0,-0.18413838040769454,sedang,0
0.4496353791007132,Credit,Fort Worth,Online,-1.053789613378238,Student,-1.2216229057105816,0.0,-1.2583601320790538,rendah,0
0.7825960782344076,Debit,Raleigh,ATM,-0.09544334663222778,Engineer,1.6544443062067835,0.0,-0.6802792347640552,sedang,1
-0.009061613762791411,Debit,Boston,Branch,-1.2229095428040044,Student,-0.24404341003423577,0.0,-1.1266626399704147,rendah,0
-0.3053778557074701,Debit,Baltimore,ATM,0.24279651221930526,Doctor,2.0653110507664074,0.0,1.9950694399979776,sedang,0
-0.2299818850410702,Credit,Oklahoma City,Online,0.8065296103051937,Retired,0.12431987819163362,0.0,0.6466005829451675,tinggi,1
-0.7494628712668546,Debit,Charlotte,Online,0.41191644164507174,Retired,-0.9524343489301385,0.0,-1.046089672430901,sedang,0
1.7599495570369434,Debit,Colorado Springs,ATM,-1.2229095428040044,Student,-1.334965455933926,0.0,-0.8956857756639444,rendah,0
2.654944618307167,Debit,Virginia Beach,Online,0.9192762299223713,Retired,-0.7965883423730399,0.0,-0.8624663549924885,tinggi,1
-0.3086758568544815,Credit,Boston,Branch,0.4682897514536606,Doctor,-0.8107561611509579,0.0,1.9144017500043298,sedang,0
-0.7557840401319599,Credit,Mesa,Branch,1.2575160887739045,Retired,-0.5557354231484329,0.0,-0.8674533641993317,tinggi,1
1.615478784569249,Debit,Washington,ATM,1.8776224966683817,Retired,0.7052004480862739,0.0,-0.41365088677457834,tinggi,1
2.759610349153293,Credit,Colorado Springs,Branch,1.8776224966683817,Retired,-0.7257492484834496,0.0,-1.0122583959070657,tinggi,0
-0.7183608882276776,Debit,Philadelphia,ATM,0.2991698220278941,Doctor,-0.7965883423730399,0.0,0.33083944198970894,sedang,1
-1.0446339739243766,Credit,Tucson,Online,-0.26456327605799435,Doctor,-0.9666021677080565,0.0,-1.1316163683149945,sedang,1
-0.667654120592377,Debit,Chicago,Online,1.426636018199671,Doctor,-0.5132319668146789,0.0,0.4957640349687878,tinggi,0
-0.9372199087890741,Credit,San Francisco,Branch,-0.9410429937610604,Student,-0.3290503227017441,0.0,-1.278958425753725,rendah,1
-0.8163390056368084,Debit,Oklahoma City,Branch,-0.715549754526705,Doctor,-0.9524343489301385,0.0,-0.9574550560246785,rendah,1
0.35330626226508816,Debit,Fresno,Branch,0.41191644164507174,Doctor,-1.0516090803755649,0.0,0.03495721607076803,sedang,0
-1.0350606094837462,Debit,Fresno,ATM,-0.6591764447181162,Doctor,2.490345614103949,0.0,2.367507889387881,sedang,0
2.0777028064371965,Debit,San Diego,Online,1.2575160887739045,Retired,-0.059861765921301074,0.0,0.13433643085538924,tinggi,1
-0.16768630781974345,Debit,Milwaukee,ATM,-0.20818996624940544,Engineer,-1.0091056240418108,0.0,-0.4256857585822629,sedang,1
-1.0515048096473172,Debit,Atlanta,ATM,-0.8846696839524716,Doctor,-0.3290503227017441,0.0,1.4252985179834987,rendah,0
-0.7114442469332509,Debit,Tucson,ATM,0.24279651221930526,Engineer,-0.300714685145908,0.0,-0.7889898913140474,sedang,1
-0.4314347884376842,Debit,New York,ATM,0.8065296103051937,Engineer,0.39350843497207666,0.0,1.1264645355884337,tinggi,1
-1.1282749474583051,Debit,Kansas City,ATM,0.5810363710708383,Retired,-1.2641263620443357,0.0,-0.6727398394282478,sedang,0
0.06358602261443237,Debit,Los Angeles,Branch,-0.377309895675172,Doctor,-1.1649516305989094,0.0,0.36395389994171895,sedang,0
-0.04240806980479575,Debit,San Antonio,ATM,-0.32093658586658314,Engineer,0.46434752886166697,0.0,-1.1064790770408712,sedang,1
0.4709349698418285,Credit,Jacksonville,Online,-1.1101629231868269,Student,2.405338701436441,0.0,-1.2496405461660622,rendah,0
-0.6730133724562706,Debit,Seattle,Branch,-0.377309895675172,Doctor,-0.41405723536925243,0.0,1.9956352146564538,sedang,1
-0.18834462056005102,Credit,Columbus,Branch,-0.8282963741438827,Engineer,0.25183024719289615,0.0,0.920676163882646,rendah,0
-0.14913505136780417,Debit,Chicago,Online,1.088396159348138,Retired,-0.7257492484834496,0.0,0.17067913244694186,tinggi,0
1.6121349778507512,Debit,Fort Worth,Online,0.5810363710708383,Engineer,0.5351866227512573,0.0,-0.540082322446628,sedang,0
2.6719384853285733,Credit,Colorado Springs,Branch,-1.392029472229771,Student,-0.7257492484834496,0.0,-0.9892229190881876,rendah,0
-0.2450519180600529,Debit,Phoenix,ATM,0.8629029201137824,Doctor,-0.7540848860392857,0.0,2.1725178774533784,tinggi,1
-0.7601813749946418,Debit,Colorado Springs,ATM,-1.053789613378238,Engineer,2.3344996075468503,0.0,0.5162471256587015,rendah,0
-0.9011251184578936,Credit,Albuquerque,Branch,0.9192762299223713,Retired,0.039312965524125304,0.0,0.5465890317775434,tinggi,0
0.6279106633252749,Debit,Memphis,Branch,1.5393826378168487,Retired,-1.0232734428197288,0.0,0.5677787007739706,tinggi,1
-1.087645405549984,Debit,Colorado Springs,ATM,-0.09544334663222778,Doctor,-1.0516090803755649,0.0,1.2152092348467578,sedang,0
1.3767859515542977,Credit,Washington,Online,1.9903691162855595,Retired,-0.9949378052638926,0.0,-0.5458219911538879,tinggi,1
-0.9150500121897196,Credit,Boston,Online,-0.7719230643352939,Doctor,-0.2865468663679899,0.0,1.0810899199918795,rendah,0
0.6340944154759212,Credit,Miami,Online,-1.5047760918469486,Student,0.6768648105304378,0.0,-0.8542255014828234,rendah,1
0.14754763514876465,Debit,New York,ATM,1.7085025672426153,Retired,-0.045693947143383026,0.0,0.14916945515952099,tinggi,1
-0.9652529185386711,Debit,San Francisco,Online,-0.6591764447181162,Doctor,1.6119408498730294,0.0,0.03197985893136425,sedang,1
0.3603145147024873,Debit,Sacramento,ATM,1.0320228495395491,Retired,-1.0232734428197288,0.0,0.34422346875222204,tinggi,1
0.6011144040058071,Debit,Seattle,Online,-1.1665362329954156,Student,-0.7257492484834496,0.0,-1.2316740006765219,rendah,1
1.2093665877719821,Credit,Sacramento,Online,0.35554313183648295,Engineer,-0.7540848860392857,0.0,1.0496087843571007,sedang,1
2.4303140957385008,Debit,Memphis,Online,-1.1101629231868269,Student,-1.1366159930430733,0.0,-1.2288169666545317,rendah,1
-1.031258747050386,Credit,Raleigh,ATM,0.18642320241071644,Doctor,0.02514514674620725,0.0,-1.1153983481274428,sedang,1
-1.0743159842474794,Debit,Philadelphia,ATM,-1.3356561624211822,Student,-0.41405723536925243,0.0,-0.998544120588247,rendah,1
-0.24605964063275082,Debit,San Jose,ATM,0.6374096808794272,Retired,0.8752142734212905,0.0,-0.9058594792512105,tinggi,1
0.27071881687534377,Credit,Raleigh,Branch,0.24279651221930526,Doctor,0.7477039044200281,0.0,0.670455280988989,sedang,1
-1.1752714638032178,Debit,Oklahoma City,Online,-1.392029472229771,Student,0.761871723197946,0.0,-0.8364099999066318,rendah,1
-0.21101837844575447,Debit,Mesa,ATM,1.48300932800826,Retired,0.5918578978629295,0.0,0.07573651260865485,tinggi,1
0.686221155827296,Debit,Mesa,ATM,0.693782990688016,Doctor,-0.17320431614464551,0.0,2.02114371554813,tinggi,1
0.7606552094924842,Debit,Tucson,ATM,-0.26456327605799435,Engineer,-0.1165330410329733,0.0,0.64401491595394,sedang,1
-1.0820113202571726,Credit,Philadelphia,ATM,-0.5464298251009385,Doctor,1.498598299649685,0.0,1.8944460329779733,sedang,1
-0.37765904751280366,Debit,San Francisco,ATM,-1.4484027820383598,Student,-1.1791194493768273,0.0,-1.0173017265731237,rendah,1
-0.9252188490596714,Credit,San Francisco,Branch,0.7501563004966048,Retired,-1.122448174265155,0.0,-0.6075963916472779,tinggi,1
-1.1006541878520844,Debit,Tucson,Branch,-1.053789613378238,Engineer,0.5635222603070934,0.0,0.2531849500640563,rendah,1
-0.7581659298492459,Debit,Milwaukee,Branch,0.7501563004966048,Engineer,-0.5982388794821871,0.0,-0.6355907169433914,tinggi,1
-0.9491751629469904,Debit,Portland,ATM,0.5810363710708383,Engineer,-0.1165330410329733,0.0,-0.32241268291283254,sedang,1
1.0550018118632534,Credit,Los Angeles,Branch,-0.9410429937610604,Student,-0.49906414803676075,0.0,-1.223609791743485,rendah,0
0.6814115708212379,Debit,Tucson,Online,-0.4336832054837608,Engineer,-1.065776899153483,0.0,1.1914338988591027,sedang,1
1.173134380726343,Debit,Columbus,Branch,0.693782990688016,Engineer,0.33683715986040447,0.0,1.1478590098910968,tinggi,0
0.40813553133415287,Debit,Portland,ATM,-0.7719230643352939,Doctor,0.6201935354187655,0.0,0.646096249878562,rendah,1
0.45678104825257126,Debit,New York,Online,0.1300498926021276,Engineer,-0.9524343489301385,0.0,-0.6694783149264417,sedang,1
-1.1292368644595168,Debit,Louisville,Online,-0.49005651529234967,Engineer,2.277828332435178,0.0,-0.7585251020114638,sedang,0
-0.20680426586901773,Debit,Atlanta,Branch,-0.8282963741438827,Doctor,-0.1165330410329733,0.0,0.33589045285475083,rendah,0
-0.1619148058124734,Credit,Oklahoma City,Branch,-1.2229095428040044,Student,1.0877315550900615,0.0,-1.1247809912193727,rendah,1
-0.6410868891303406,Debit,Memphis,ATM,0.017303272984949897,Doctor,2.0369754132105715,0.0,0.6698485452692653,sedang,1
0.3294873650922277,Credit,San Diego,Online,-0.32093658586658314,Doctor,1.810290312763882,0.0,0.4777642086169839,sedang,1
-0.8213318129288119,Debit,Louisville,Branch,0.5246630612622495,Retired,-0.9099308925963843,0.0,0.014794133671848201,sedang,0
0.7553417632000772,Debit,San Jose,Online,1.2575160887739045,Doctor,-0.22987559125631774,0.0,1.7742099578195583,tinggi,1
0.2604125632909331,Debit,Oklahoma City,Branch,1.5957559476254375,Retired,0.46434752886166697,0.0,0.510187448660448,tinggi,1
0.709444580570835,Debit,Washington,Branch,-0.8846696839524716,Doctor,0.478515347639585,0.0,0.8804191208756605,rendah,1
1.153804429559137,Debit,Chicago,Branch,0.8065296103051937,Retired,-0.42822505414717044,0.0,0.6501949160696068,tinggi,0
-0.47527072035004425,Debit,Omaha,ATM,-1.1665362329954156,Student,1.1585706489796517,0.0,-0.975027351299715,rendah,1
-1.0710637886719543,Debit,Las Vegas,Branch,1.0320228495395491,Retired,0.6626969917525197,0.0,0.21963784090262312,tinggi,0
-0.8591214094049843,Debit,Los Angeles,Online,-1.1101629231868269,Student,0.13848769696955168,0.0,-1.1243995413365087,rendah,0
-0.9417088547947285,Credit,Austin,Branch,-0.9410429937610604,Student,-0.7540848860392857,0.0,-0.8592637120162254,rendah,0
0.690801712975923,Debit,Denver,ATM,-1.1101629231868269,Student,2.0369754132105715,0.0,-1.2357521863369434,rendah,0
0.9271584618450747,Debit,Tucson,Branch,-1.1101629231868269,Student,-0.8532596174847121,0.0,-1.2723662549592583,rendah,1
0.20485040507808797,Debit,Seattle,Branch,0.24279651221930526,Doctor,-0.017358309587546913,0.0,1.35396482982155,sedang,1
-1.0955239638456222,Debit,San Diego,Online,1.0320228495395491,Doctor,-0.39988941659133437,0.0,-1.0375006499006347,tinggi,1
-1.1522312613456243,Credit,San Francisco,Online,-0.715549754526705,Doctor,0.18099115330330584,0.0,1.9957939387687869,rendah,1
0.6620358140825457,Debit,Los Angeles,Branch,-0.09544334663222778,Engineer,1.8669615878755546,0.0,0.7955990032980809,sedang,0
-0.5104493992514995,Debit,Tucson,Online,-0.377309895675172,Engineer,-1.349133274711844,0.0,0.03678254336259512,sedang,1
-1.0193034928924696,Debit,Philadelphia,ATM,-1.1665362329954156,Student,1.8669615878755546,0.0,-0.9257332741550723,rendah,1
2.399074695984865,Credit,Tucson,Online,-1.2229095428040044,Student,0.3651727974162406,0.0,0.3616165593843022,rendah,1
0.11823206939755189,Debit,Fort Worth,ATM,-0.5464298251009385,Doctor,0.5918578978629295,0.0,2.227344257932717,sedang,0
0.22184427209949395,Debit,Las Vegas,Online,1.3138893985824933,Doctor,0.39350843497207666,0.0,2.0116586698030816,tinggi,0
-0.32534908487548364,Debit,Austin,Online,-0.715549754526705,Doctor,-0.045693947143383026,0.0,1.1489316776825067,rendah,0
0.8753981660655898,Debit,Tucson,Branch,-0.8846696839524716,Engineer,-0.6265745170380232,0.0,0.625574758193729,rendah,1
0.10288720294965169,Debit,Oklahoma City,ATM,-1.4484027820383598,Student,-1.0091056240418108,0.0,-1.0002696052932845,rendah,1
1.622945092721511,Debit,Detroit,ATM,-0.9974163035696493,Student,0.02514514674620725,0.0,-1.0772712803053102,rendah,0
0.08410691864028103,Debit,New York,Online,0.5246630612622495,Engineer,-0.541567604370515,0.0,-0.9909228031299453,sedang,1
0.7830541339492704,Debit,San Jose,Branch,-1.5047760918469486,Student,0.9885568236446349,0.0,-0.927036347915998,rendah,1
-0.705535328211522,Debit,Seattle,Branch,1.764875877051204,Retired,-1.0232734428197288,0.0,-0.4792295458312994,tinggi,1
-1.072896011531405,Debit,Seattle,Online,-1.4484027820383598,Student,0.3651727974162406,0.0,-1.0212467887844918,rendah,1
-0.8637019665536113,Debit,Boston,Online,0.6374096808794272,Engineer,2.4620099765481127,0.0,-0.48325141003250605,tinggi,0
-1.0223266606105632,Credit,New York,Online,1.0320228495395491,Doctor,0.37934061619415865,0.0,1.9505447664223023,tinggi,1
0.48481405800216837,Credit,Miami,ATM,1.0320228495395491,Retired,0.25183024719289615,0.0,-0.7833910262548247,tinggi,1
-0.8410282086679077,Debit,San Francisco,Branch,-1.392029472229771,Student,0.7477039044200281,0.0,-0.9705113942972143,rendah,1
1.821466439543004,Credit,Austin,Online,-1.1101629231868269,Student,-0.21570777247839967,0.0,-1.263700430439154,rendah,0
-1.0914472679833442,Credit,Memphis,Branch,0.24279651221930526,Engineer,0.5918578978629295,0.0,-0.22283890308728746,sedang,1
0.6056033500114615,Debit,Dallas,ATM,-0.9974163035696493,Student,-1.1082803554872371,0.0,-1.1110206347066511,rendah,0
-0.8699773298472302,Debit,Seattle,ATM,-0.32093658586658314,Doctor,-0.4848963292588427,0.0,-1.0828343044359414,sedang,1
0.36022290355951486,Debit,Oklahoma City,Branch,0.017303272984949897,Engineer,0.5068509851954212,0.0,-0.5318926702635217,sedang,1
-1.0017599590132282,Debit,Albuquerque,Online,-1.4484027820383598,Student,0.7760395419758641,0.0,-1.0193164987732188,rendah,0
0.4726297759868205,Debit,Dallas,Online,1.3138893985824933,Retired,-0.7257492484834496,0.0,0.3327518115366863,tinggi,0
1.4239656901851558,Debit,Memphis,Online,1.0320228495395491,Doctor,-0.5557354231484329,0.0,2.248615849051639,tinggi,1
-0.17703064440294242,Debit,Austin,ATM,-1.4484027820383598,Student,0.9318855485329627,0.0,-1.146905084425501,rendah,0
-0.21459121302168352,Debit,Denver,ATM,-1.4484027820383598,Student,-1.122448174265155,0.0,-0.8096982678408203,rendah,0
-1.1259846688839916,Debit,Tucson,Branch,-1.4484027820383598,Student,2.277828332435178,0.0,-1.0588490430093949,rendah,1
-0.7943065257519126,Debit,New York,Online,0.6374096808794272,Retired,-0.14486867858880942,0.0,-0.8270683178759489,tinggi,1
0.4036923908999848,Debit,Austin,Online,-0.6028031349095274,Doctor,-0.18737213492256358,0.0,0.12214795506802771,sedang,0
-0.3872782175249203,Debit,El Paso,ATM,-0.49005651529234967,Engineer,2.3203317887689323,0.0,0.9216208283576585,sedang,0
-0.2807802638193433,Debit,Omaha,Online,0.8629029201137824,Retired,1.9236328629872268,0.0,-0.5903901858571381,tinggi,1
-0.3498550656206379,Debit,Fresno,ATM,-1.1101629231868269,Student,-1.2074550869326635,0.0,-1.0929081654364177,rendah,0
1.9958024446197462,Debit,Charlotte,Branch,0.4682897514536606,Retired,-0.14486867858880942,0.0,-0.6782260615690406,sedang,0
-0.5017005350976219,Credit,Mesa,Online,-0.6028031349095274,Doctor,-0.3857215978134163,0.0,2.1823818130149637,sedang,1
-0.684144126327434,Debit,Los Angeles,Branch,-1.392029472229771,Student,-0.22987559125631774,0.0,-0.9527086930526625,rendah,0
-0.8031011954772765,Debit,Washington,Branch,-1.1101629231868269,Student,-0.31488250392382605,0.0,-1.0842705016459206,rendah,1
0.4976396180183239,Credit,Seattle,Online,1.764875877051204,Retired,1.3710879306484225,0.0,0.5239401249741855,tinggi,1
1.0730492070288435,Credit,Houston,Online,-0.5464298251009385,Engineer,0.08181642185787946,0.0,0.6996758780561898,sedang,0
0.8976138682364307,Debit,Los Angeles,Branch,1.9903691162855595,Retired,0.4501797100837489,0.0,-0.06659805509260892,tinggi,0
-0.771449545580264,Debit,El Paso,ATM,0.9756495397309601,Doctor,-0.39988941659133437,0.0,1.863891641353912,tinggi,0
-0.46404835533590827,Debit,Baltimore,ATM,-0.8846696839524716,Engineer,-0.7540848860392857,0.0,-0.2797542976902317,rendah,0
-0.9967213461497384,Debit,Dallas,ATM,1.8212491868597929,Retired,-0.18737213492256358,0.0,0.348578141576062,tinggi,0
-0.8156519220645144,Credit,Las Vegas,ATM,0.18642320241071644,Engineer,-0.9807699864859746,0.0,0.35066715569966767,sedang,0
-1.0550776442232461,Debit,Indianapolis,Online,0.18642320241071644,Engineer,0.8468786358654544,0.0,-0.06297300117223431,sedang,0
-0.7934362198936735,Debit,Raleigh,ATM,0.18642320241071644,Doctor,0.37934061619415865,0.0,1.933210557315765,sedang,1
-0.5224504589809021,Debit,San Diego,Branch,1.3138893985824933,Doctor,0.43601189130583085,0.0,1.6909412404367152,tinggi,1
-0.9199970139102367,Debit,El Paso,ATM,-0.5464298251009385,Doctor,-0.3432181414796621,0.0,-1.0670873364527322,sedang,0
2.3710874918067537,Debit,Louisville,Branch,0.9192762299223713,Doctor,-1.2499585432664178,0.0,1.6673118282297534,tinggi,0
-0.693809101911037,Debit,Sacramento,ATM,-1.1101629231868269,Student,0.5776900790850115,0.0,-1.0322857947906043,rendah,1
-0.632154802690518,Debit,Virginia Beach,Online,-0.9410429937610604,Student,2.490345614103949,0.0,-0.8920581616772417,rendah,1
-0.9647490572523222,Debit,San Jose,Branch,-1.2229095428040044,Student,1.3852557494263404,0.0,-1.1851908763599666,rendah,1
1.8453769478588369,Credit,San Jose,Branch,-1.3356561624211822,Student,0.4076762537499947,0.0,-1.2784848134830546,rendah,1
0.5548507768046748,Debit,Miami,Online,1.5393826378168487,Retired,0.5776900790850115,0.0,-0.6768077848233574,tinggi,1
-0.6538208380035236,Debit,Boston,Branch,1.370262708391082,Retired,0.4076762537499947,0.0,0.20002005263155606,tinggi,0
-1.124702112882376,Credit,Louisville,Online,0.5810363710708383,Retired,-1.1082803554872371,0.0,-0.8094473813406815,sedang,0
-0.7390192009679852,Debit,Omaha,Online,0.693782990688016,Retired,-1.4483080061572704,0.0,-0.2615675864964877,tinggi,1
-0.5767300611921317,Credit,Houston,Branch,-0.9410429937610604,Engineer,0.4218440725279128,0.0,-1.0856452572640287,rendah,0
0.07389227619884306,Debit,Boston,Online,1.3138893985824933,Retired,0.7760395419758641,0.0,0.6939054885529945,tinggi,0
-0.8404785418100725,Debit,San Francisco,Branch,-1.1665362329954156,Student,-1.0232734428197288,0.0,-1.0032828033612793,rendah,1
-1.0393205276319695,Debit,San Francisco,ATM,0.7501563004966048,Doctor,1.7536190376522098,0.0,1.488608958273658,tinggi,1
2.581701509500622,Credit,Fort Worth,Online,0.4682897514536606,Engineer,1.7536190376522098,0.0,0.1333917663803762,sedang,0
-0.4753165259215306,Debit,Detroit,ATM,0.6374096808794272,Engineer,-0.045693947143383026,0.0,0.9658152533770284,tinggi,0
-0.933967713213549,Debit,Tucson,Branch,-0.20818996624940544,Doctor,0.37934061619415865,0.0,0.48388020707445223,sedang,1
0.5843495648418324,Debit,Jacksonville,ATM,0.8629029201137824,Engineer,-0.7682527048172038,0.0,0.6990896228670896,tinggi,0
-0.0981076447320998,Debit,Phoenix,Branch,0.35554313183648295,Retired,0.7902073607537822,0.0,0.27454614350445594,sedang,1
-0.653225365574202,Debit,Dallas,ATM,0.6374096808794272,Doctor,-0.7824205235951218,0.0,1.1322938066171715,tinggi,0
-1.1186557774461885,Debit,El Paso,Branch,-0.6591764447181162,Doctor,-0.824923979928876,0.0,0.33784122339664735,sedang,0
0.5344672974932846,Debit,Colorado Springs,ATM,-0.5464298251009385,Engineer,1.6402764874288656,0.0,0.34038592932662776,sedang,0
0.3628338211342322,Debit,San Antonio,Branch,-0.9410429937610604,Student,0.6343613541966836,0.0,-0.8872580373123389,rendah,1
-0.662203257585511,Debit,Seattle,Branch,0.7501563004966048,Doctor,-0.24404341003423577,0.0,0.5808990407047052,tinggi,1
1.0907301576225434,Debit,Sacramento,ATM,-0.26456327605799435,Engineer,0.18099115330330584,0.0,0.4615461884294322,sedang,1
1.3958868748640725,Debit,Sacramento,Online,1.1447694691567267,Doctor,-1.363301093489762,0.0,1.701944405514237,tinggi,1
0.8432884604537149,Debit,San Antonio,Online,-0.1518166564408166,Doctor,0.4076762537499947,0.0,0.5638336385626023,sedang,1
-0.8471203496755816,Debit,Los Angeles,Branch,-0.8846696839524716,Doctor,-0.9666021677080565,0.0,1.4127823537061601,rendah,0
-0.0008166108952628141,Credit,Raleigh,Online,0.5246630612622495,Retired,0.25183024719289615,0.0,-0.8464377797132049,sedang,1
-0.413570615558039,Credit,Houston,Branch,0.8065296103051937,Doctor,-0.2865468663679899,0.0,2.01461810647819,tinggi,0
0.08896230921782562,Debit,Louisville,Branch,0.6374096808794272,Doctor,0.33683715986040447,0.0,-1.2748930404249432,tinggi,0
-1.0140358521715485,Debit,Indianapolis,ATM,1.2575160887739045,Doctor,0.6343613541966836,0.0,0.15142743366077144,tinggi,0
-1.0017599590132282,Debit,Portland,Branch,0.2991698220278941,Engineer,0.6485291729746017,0.0,1.2234705688870469,sedang,1
1.1424904534020284,Credit,Baltimore,ATM,1.088396159348138,Retired,-0.4707285104809246,0.0,0.298462283140148,tinggi,0
2.196293431015149,Debit,Indianapolis,Online,-0.7719230643352939,Doctor,-1.2924619996001718,0.0,2.3471041607541343,rendah,0
0.6073439617279398,Credit,Austin,ATM,0.41191644164507174,Engineer,0.4501797100837489,0.0,0.34535757813550316,sedang,0
-1.059291756799983,Debit,Omaha,ATM,0.8629029201137824,Engineer,0.6626969917525197,0.0,0.4200039921258167,tinggi,1
0.8669241353406302,Debit,Seattle,ATM,-1.1101629231868269,Student,1.7536190376522098,0.0,-1.047674353487901,rendah,1
-0.4997308955237123,Debit,Raleigh,Branch,-1.2229095428040044,Student,-1.4766436437131065,0.0,-0.8676146483779925,rendah,1
-0.9647032516808359,Debit,Fresno,Online,1.8212491868597929,Retired,2.3061639699910144,0.0,0.0017761963942315244,tinggi,0
0.039080041869277986,Debit,Washington,Branch,-0.6591764447181162,Engineer,-0.5982388794821871,0.0,0.03306020692175845,sedang,1
0.39269905374327996,Debit,Boston,Online,-1.392029472229771,Student,-0.39988941659133437,0.0,-1.219014472684818,rendah,0
0.7348208671742282,Credit,New York,Online,-0.715549754526705,Doctor,-1.0516090803755649,0.0,1.36750246056374,rendah,1
-1.022418271753536,Debit,Columbus,Online,1.0320228495395491,Retired,-0.6124066982601052,0.0,-0.1987665994055906,tinggi,0
-0.8806500280035311,Debit,El Paso,Branch,0.5810363710708383,Retired,0.761871723197946,0.0,0.3050262932050073,sedang,0
-1.0700560660992564,Credit,Miami,Branch,-1.3356561624211822,Student,0.039312965524125304,0.0,-1.2369733379753745,rendah,1
0.13124085169965263,Credit,Charlotte,Branch,0.4682897514536606,Doctor,-0.14486867858880942,0.0,0.32411158767986115,sedang,0
-0.8472577663900405,Debit,Nashville,ATM,-1.2792828526125934,Student,1.9661363193209809,0.0,-0.835019883890556,rendah,1
0.23801363883414728,Debit,Baltimore,ATM,0.4682897514536606,Retired,-1.1082803554872371,0.0,-0.2903811330175447,sedang,0
0.1447076897166159,Debit,Phoenix,Branch,1.2011427789653157,Retired,-0.6690779733717774,0.0,-0.13407628336466748,tinggi,1
-0.5010134515253278,Credit,Albuquerque,Online,1.1447694691567267,Doctor,1.215241924091324,0.0,0.6034634653192404,tinggi,0
-0.39611869282177026,Debit,Indianapolis,ATM,-0.8282963741438827,Doctor,-0.017358309587546913,0.0,0.2390892248623734,rendah,0
2.1972553480163604,Debit,Philadelphia,ATM,0.5810363710708383,Engineer,0.010977327968289194,0.0,1.2097460533029165,sedang,1
-0.19887990200189312,Debit,Columbus,ATM,0.017303272984949897,Engineer,-1.4483080061572704,0.0,-0.3493036196216004,sedang,0
-0.7454777865475491,Debit,Miami,Branch,-0.9974163035696493,Student,1.1869062865354878,0.0,-1.1402437918401798,rendah,1
0.03243823400376893,Credit,San Diego,Branch,0.693782990688016,Retired,1.6119408498730294,0.0,-0.24041631849497974,tinggi,1
-0.8214692296432706,Credit,Fort Worth,Online,0.35554313183648295,Doctor,1.1585706489796517,0.0,1.530652927577551,sedang,0
-1.1597433750693724,Debit,Miami,Online,1.370262708391082,Doctor,0.37934061619415865,0.0,1.2586049191718078,tinggi,1
-0.14679896722200445,Debit,Boston,Online,-1.5047760918469486,Student,0.13848769696955168,0.0,-1.1705728976273821,rendah,0
-0.8819325840051465,Debit,Louisville,ATM,0.5810363710708383,Retired,-0.7399170672613676,0.0,0.6219650646713222,sedang,0
-0.6644019250168518,Debit,Jacksonville,Online,0.9756495397309601,Doctor,-0.9949378052638926,0.0,1.4814535728870424,tinggi,0
1.63462551345051,Credit,Fort Worth,Branch,0.9192762299223713,Retired,-1.1649516305989094,0.0,0.5648269442978462,tinggi,0
-0.39570644267839394,Debit,San Francisco,Branch,0.8629029201137824,Engineer,1.1302350114238155,0.0,-0.7210175702406948,tinggi,1
0.40048600089594577,Debit,San Antonio,Branch,-1.2792828526125934,Student,0.05348078430204335,0.0,-0.8147287981752387,rendah,1
2.821081426087867,Debit,Washington,Online,-1.2792828526125934,Student,2.3911708826585225,0.0,-1.1770677859013867,rendah,1
0.1654118080284097,Debit,Memphis,Branch,-0.4336832054837608,Engineer,-0.8957630738184662,0.0,-0.9943046507491649,sedang,1
-1.0461913633549098,Debit,Fresno,ATM,-1.5047760918469486,Student,1.7536190376522098,0.0,-1.0316483382749453,rendah,0
-0.21903435345585168,Debit,El Paso,ATM,-1.3356561624211822,Student,-0.6407423358159413,0.0,-1.2577380359613626,rendah,0
-1.08462223783189,Debit,Chicago,ATM,1.5393826378168487,Retired,0.73353608564211,0.0,0.5234972334994507,tinggi,0
-0.3747732965091686,Debit,Phoenix,Online,-0.9410429937610604,Student,-0.6832457921496955,0.0,-0.9233984936639836,rendah,1
-0.766502543859747,Credit,Louisville,Branch,-0.20818996624940544,Engineer,0.20932679085914196,0.0,0.9109069507751956,sedang,0
-0.856006630543918,Debit,Baltimore,Branch,-0.9410429937610604,Student,-1.2499585432664178,0.0,-1.2638258736892232,rendah,0
0.5493999137978085,Credit,Nashville,Online,-1.3356561624211822,Student,-0.4423928729250885,0.0,-1.090373699771749,rendah,1
-0.4960664498048108,Credit,Columbus,Branch,1.48300932800826,Retired,-0.17320431614464551,0.0,0.14752077244432243,tinggi,0
0.6043207940098458,Credit,Jacksonville,Online,-1.053789613378238,Student,-1.2641263620443357,0.0,-0.8812572418396284,rendah,0
-0.7166660820826856,Debit,Seattle,Branch,1.0320228495395491,Doctor,-0.9949378052638926,0.0,1.2981758644029031,tinggi,1
-0.5478725511557818,Debit,Fresno,Branch,1.088396159348138,Doctor,-0.7965883423730399,0.0,2.2393356086128264,tinggi,0
2.8099964777881894,Debit,San Jose,ATM,0.35554313183648295,Retired,1.5552695747613572,0.0,-0.3614383340160749,sedang,1
0.9257384891290004,Debit,Detroit,Branch,0.41191644164507174,Engineer,0.8610464546433725,0.0,0.13290279371173813,sedang,0
0.32298297394117764,Credit,Memphis,Branch,-1.392029472229771,Student,0.7902073607537822,0.0,-1.218266933317057,rendah,1
2.2917064364210487,Debit,Raleigh,Online,0.4682897514536606,Engineer,-1.1507838118209912,0.0,-0.10187832915806312,sedang,1
-0.960122694532209,Credit,Memphis,Online,1.5957559476254375,Retired,0.5776900790850115,0.0,0.39911385088975954,tinggi,1
-0.39332455296110785,Debit,Nashville,Branch,-1.053789613378238,Student,2.4478421577701948,0.0,-0.9819241699872073,rendah,1
1.8428118358556056,Debit,Boston,ATM,-1.2792828526125934,Student,1.2010741053134057,0.0,-0.9879864070517886,rendah,0
-1.0320374417656524,Debit,Kansas City,Online,-1.1101629231868269,Student,2.3203317887689323,0.0,-1.0818537990323374,rendah,0
-0.03127731593363231,Debit,Kansas City,ATM,0.9756495397309601,Retired,-0.4423928729250885,0.0,-0.9112125779429502,tinggi,0
1.3618533352497737,Debit,Raleigh,ATM,0.24279651221930526,Doctor,-0.15903649736672745,0.0,2.4874649173165495,sedang,1
-1.0464661967838274,Debit,Sacramento,Branch,0.5810363710708383,Doctor,-0.300714685145908,0.0,-1.2613733301470489,sedang,1
-1.0995090485649277,Debit,San Diego,ATM,0.24279651221930526,Doctor,-0.3573859602575802,0.0,1.7270868169210158,sedang,1
2.931335436655318,Debit,Dallas,Online,-0.6591764447181162,Doctor,0.6910326293083559,0.0,1.5477976917758198,sedang,0
-0.4481538220301727,Debit,Las Vegas,ATM,0.24279651221930526,Engineer,-1.1507838118209912,0.0,-1.2111729895223127,sedang,0
-0.918531235622676,Credit,Houston,Online,1.7085025672426153,Retired,1.0735637363121433,0.0,0.3315972216227816,tinggi,0
-0.24207455591344532,Debit,Philadelphia,Online,0.41191644164507174,Retired,1.3569201118705043,0.0,-0.06669021748041497,sedang,1
-0.9428997996533716,Debit,Detroit,Branch,-0.8846696839524716,Doctor,-0.6124066982601052,0.0,-0.9641752301355425,rendah,0
-0.7125435806489213,Credit,Chicago,Online,-0.715549754526705,Engineer,-0.6265745170380232,0.0,-0.5955896805692008,rendah,0
0.1973382913543398,Debit,Denver,ATM,-0.9974163035696493,Student,0.039312965524125304,0.0,-0.9556246086001955,rendah,0
-1.0924091849845559,Debit,Nashville,Branch,-1.3356561624211822,Student,-0.5840710607042691,0.0,-0.9747252634730169,rendah,1
2.1789331194218526,Credit,San Jose,ATM,-1.053789613378238,Student,-0.045693947143383026,0.0,-1.1928045136192844,rendah,1
-0.8782223327147587,Debit,Nashville,ATM,-0.6028031349095274,Engineer,0.43601189130583085,0.0,0.8664104379291276,sedang,1
-0.86924444070345,Credit,Los Angeles,ATM,-1.1665362329954156,Student,-0.8957630738184662,0.0,-1.0499323319891514,rendah,0
-0.5467274118686251,Debit,Seattle,Branch,0.5810363710708383,Doctor,-1.0232734428197288,0.0,2.3482485104027266,sedang,1
0.6482483370651786,Debit,Columbus,ATM,-1.2792828526125934,Student,-0.8957630738184662,0.0,-0.8287221207238035,rendah,0
0.9739259503325559,Debit,New York,ATM,-1.392029472229771,Student,0.4218440725279128,0.0,0.9061989887980986,rendah,1
-1.0043250710164593,Debit,Indianapolis,ATM,0.693782990688016,Doctor,0.8893820921992086,0.0,-1.2394233214512211,tinggi,0
-0.4424739311658752,Debit,Washington,ATM,-0.7719230643352939,Engineer,-1.4766436437131065,0.0,0.10909929699447592,rendah,1
0.2681995104435989,Credit,New York,Branch,-1.2229095428040044,Student,-0.37155377903549824,0.0,-1.0678579164174444,rendah,1
-0.4165021721331603,Debit,Jacksonville,ATM,-1.053789613378238,Student,-0.49906414803676075,0.0,-1.1555350680170144,rendah,0
-0.20831584972806455,Debit,San Francisco,Branch,0.1300498926021276,Engineer,1.0593959175342254,0.0,-0.08716306790501677,sedang,1
-0.07048688512587918,Debit,Portland,Online,-1.053789613378238,Student,0.5493544415291753,0.0,-0.8977568693232545,rendah,1
-1.07001026052777,Debit,Indianapolis,Branch,1.3138893985824933,Doctor,0.13848769696955168,0.0,2.2213639429906307,tinggi,0
-0.8517925179671811,Credit,Omaha,Branch,1.6521292574340263,Retired,0.8043751795317002,0.0,-0.8463993787182856,tinggi,1
0.26421442572429343,Debit,Memphis,ATM,1.9903691162855595,Retired,1.5552695747613572,0.0,0.5044631403511557,tinggi,1
-0.3436713134699915,Credit,Austin,Online,1.8776224966683817,Retired,0.039312965524125304,0.0,0.6207951143594497,tinggi,0
2.738264952840692,Debit,Fort Worth,Branch,0.6374096808794272,Retired,-0.017358309587546913,0.0,-0.5405738551815941,tinggi,0
0.01993331298801723,Debit,Oklahoma City,ATM,1.088396159348138,Retired,-0.9524343489301385,0.0,0.6450824636126945,tinggi,1
-0.16562505710286124,Credit,Raleigh,Online,1.48300932800826,Retired,1.3852557494263404,0.0,0.11479032444150465,tinggi,1
-1.122137000879145,Debit,Sacramento,Branch,-0.7719230643352939,Engineer,0.13848769696955168,0.0,0.4305514653969632,rendah,1
-0.614657074382763,Debit,Columbus,Online,-0.9410429937610604,Student,-1.1082803554872371,0.0,-0.8018900655405783,rendah,0
0.6335905541895723,Debit,Milwaukee,Online,0.6374096808794272,Retired,-1.4483080061572704,0.0,0.06142062170276852,tinggi,1
2.051410408404078,Debit,Las Vegas,Online,0.35554313183648295,Retired,0.43601189130583085,0.0,-0.46925296735128524,sedang,0
0.5178398750437687,Debit,San Antonio,ATM,1.370262708391082,Retired,-0.7115814297055315,0.0,0.47122067908274845,tinggi,1
-1.1264427245988544,Debit,Jacksonville,ATM,1.2575160887739045,Retired,2.1078145071001617,0.0,0.631411709421451,tinggi,0
-0.2642902580842862,Debit,Seattle,Branch,-0.7719230643352939,Engineer,-1.1791194493768273,0.0,0.4865247555912227,rendah,1
1.6659565243471182,Credit,Omaha,Branch,-0.9410429937610604,Student,-0.300714685145908,0.0,-1.2512201070904063,rendah,1
2.2946379929961696,Debit,Charlotte,Online,-1.2792828526125934,Student,-0.03152612836546497,0.0,-0.9364189910079281,rendah,0
-0.6139241852389826,Debit,San Jose,Branch,0.41191644164507174,Doctor,-1.5191471000468606,0.0,0.8576294104242655,sedang,1
-0.735583783106515,Debit,Houston,Online,0.9192762299223713,Retired,0.73353608564211,0.0,0.7413665582068261,tinggi,0
-0.5235039871250863,Debit,Kansas City,Online,1.2575160887739045,Doctor,-0.31488250392382605,0.0,-0.9825872271661459,tinggi,0
-1.0118371847402075,Credit,Fresno,Branch,-1.2229095428040044,Student,0.3085015223045684,0.0,-0.8713267445535173,rendah,0
-1.0625897579469943,Debit,Jacksonville,Branch,0.7501563004966048,Engineer,2.4478421577701948,0.0,-0.6423620923808143,tinggi,0
-0.7042985777813928,Debit,San Francisco,Online,0.8629029201137824,Doctor,-0.14486867858880942,0.0,1.7667908856011645,tinggi,1
-0.6438810289910031,Debit,Portland,Online,0.693782990688016,Engineer,-0.3573859602575802,0.0,0.9283077216062593,tinggi,1
-0.943312049796748,Credit,Jacksonville,Online,-0.9410429937610604,Student,0.43601189130583085,0.0,-0.9787420075415678,rendah,0
-0.2290199680398585,Debit,Philadelphia,Branch,-1.392029472229771,Student,0.49268316641750304,0.0,-1.1894457065970163,rendah,1
-0.26323672994010194,Debit,Chicago,Online,-1.1665362329954156,Student,-0.569903241926351,0.0,-0.9650200520237654,rendah,0
-1.0929588518423912,Debit,Nashville,ATM,0.6374096808794272,Engineer,-1.2924619996001718,0.0,0.850297380461022,tinggi,1
0.6498057264957117,Debit,Albuquerque,ATM,0.1300498926021276,Doctor,2.221157057323506,0.0,0.7390727387769844,sedang,0
0.5559043049488588,Debit,Mesa,Branch,-0.26456327605799435,Engineer,0.6768648105304378,0.0,0.5816465800724661,sedang,1
-0.6050837099421326,Debit,Los Angeles,ATM,0.24279651221930526,Engineer,-1.2216229057105816,0.0,-0.5409015436715715,sedang,0
-1.0981348814203398,Debit,Albuquerque,ATM,0.4682897514536606,Retired,-0.2582112288121538,0.0,-0.8912287001869866,sedang,0
0.1383865208515107,Debit,Milwaukee,ATM,-1.2792828526125934,Student,1.3144166555367502,0.0,-0.9974432920672294,rendah,1
2.8302425403851212,Debit,San Francisco,Online,-0.9410429937610604,Engineer,0.761871723197946,0.0,-0.12038248857647263,rendah,1
-0.9926904558589467,Credit,Dallas,ATM,-0.49005651529234967,Doctor,2.1219823258780797,0.0,2.356174475754054,sedang,0
-0.6038927650834897,Credit,Indianapolis,Online,0.24279651221930526,Engineer,0.8185429983096183,0.0,-0.4825857927872394,sedang,0
0.4195869242057203,Debit,Baltimore,Online,-1.1665362329954156,Student,0.39350843497207666,0.0,-1.0439622573123761,rendah,0
-0.5883188707781579,Debit,Tucson,ATM,1.370262708391082,Retired,-1.2499585432664178,0.0,-0.6375005264240408,tinggi,1
0.2935757970469924,Debit,Atlanta,Online,0.5810363710708383,Engineer,0.8327108170875364,0.0,1.113845968657977,sedang,0
-1.170003823082297,Debit,Sacramento,ATM,0.4682897514536606,Retired,2.249492694879342,0.0,-0.987325909939178,sedang,1
-0.9450526615132262,Debit,Los Angeles,Branch,0.5246630612622495,Doctor,2.4620099765481127,0.0,1.9749447585939766,sedang,0
0.5822425085534639,Credit,San Diego,Online,-0.7719230643352939,Engineer,0.33683715986040447,0.0,1.2372155650018004,rendah,1
-1.1171899991586278,Debit,Fresno,Branch,-1.2229095428040044,Student,0.5493544415291753,0.0,-1.070000691933937,rendah,0
0.33397631109788223,Debit,Sacramento,Online,0.6374096808794272,Retired,1.3002488367588323,0.0,0.23261225705266467,tinggi,1
-0.7218421116606341,Credit,Phoenix,Online,1.0320228495395491,Retired,-0.37155377903549824,0.0,-0.6478175937256719,tinggi,1
-0.4866305020786392,Debit,Miami,ATM,1.370262708391082,Retired,-0.8532596174847121,0.0,-0.4763443510797018,tinggi,1
-1.0413359727773652,Debit,San Antonio,Online,1.5957559476254375,Retired,0.13848769696955168,0.0,-0.9911276084361812,tinggi,1
-0.9275549332054712,Debit,Albuquerque,ATM,1.1447694691567267,Doctor,-1.037441261597647,0.0,0.747303352021338,tinggi,0
-1.0928672406994187,Debit,Kansas City,ATM,0.4682897514536606,Doctor,-1.4341401873793524,0.0,2.3622955943441792,sedang,0
1.727015351138316,Debit,Kansas City,Online,-0.9974163035696493,Student,0.7902073607537822,0.0,-1.2213185323799713,rendah,0
-0.8047501960507821,Debit,Miami,ATM,-1.4484027820383598,Student,-0.07402958469921914,0.0,-0.8974445412312447,rendah,1
-0.7919246360346267,Debit,New York,Online,1.7085025672426153,Retired,0.719368266864192,0.0,0.591981567838393,tinggi,1
0.7033982451346472,Credit,Virginia Beach,ATM,0.9192762299223713,Retired,-0.5840710607042691,0.0,-0.6494637163745427,tinggi,1
-0.38549180023695573,Debit,Baltimore,ATM,-0.6591764447181162,Doctor,-1.4483080061572704,0.0,1.4398166541292932,sedang,0
-0.5357340747119204,Debit,Colorado Springs,ATM,-0.6028031349095274,Engineer,0.6060257166408475,0.0,-0.5455762247864048,sedang,0
-0.41815117270666596,Debit,Dallas,Branch,-0.9410429937610604,Student,-0.059861765921301074,0.0,-1.1108209495330714,rendah,0
0.13215696312937797,Debit,Miami,ATM,1.0320228495395491,Retired,-1.1932872681547455,0.0,-0.6523745117894197,tinggi,1
1.2622262172671372,Debit,Jacksonville,ATM,-1.2792828526125934,Student,0.4218440725279128,0.0,-1.04119994574452,rendah,0
0.16953430946217415,Debit,Charlotte,Online,-1.1101629231868269,Student,0.35100497863832253,0.0,-0.8143166274964388,rendah,0
-1.0484816419292233,Debit,Atlanta,Branch,1.9339958064769707,Retired,0.010977327968289194,0.0,-0.8211084834644854,tinggi,0
0.061937022040926604,Debit,Oklahoma City,ATM,-1.1101629231868269,Student,-1.1649516305989094,0.0,-0.8493716157250336,rendah,1
1.141436925257844,Debit,Detroit,Branch,-1.3356561624211822,Student,-1.3916367310455982,0.0,-1.018118387731739,rendah,0
-0.22851610675350958,Debit,Seattle,Branch,-1.2792828526125934,Student,-1.2499585432664178,0.0,-0.8405112261640049,rendah,1
0.43112992822026014,Debit,Tucson,ATM,1.0320228495395491,Retired,0.6768648105304378,0.0,0.09296319892941826,tinggi,1
0.021948758133413085,Debit,Chicago,Branch,-1.392029472229771,Student,0.43601189130583085,0.0,-1.1837188382213963,rendah,0
-0.9652071129671849,Debit,Fresno,Branch,0.8065296103051937,Doctor,-1.2641263620443357,0.0,0.9659637372240494,tinggi,0
-1.051642226361776,Credit,Kansas City,Branch,1.0320228495395491,Retired,-0.3857215978134163,0.0,0.06768510400725782,tinggi,0
0.3427251752517599,Debit,Las Vegas,ATM,1.764875877051204,Retired,0.3651727974162406,0.0,0.5415789819737488,tinggi,0
1.8831207387635231,Credit,Oklahoma City,ATM,0.9756495397309601,Doctor,1.8952972254313907,0.0,2.1652396088830215,tinggi,1
1.3705105882606787,Debit,Denver,ATM,1.5393826378168487,Retired,-1.3066298183780898,0.0,0.025403048534865427,tinggi,0
-0.7730985461537698,Credit,Raleigh,Online,-1.5047760918469486,Student,2.3911708826585225,0.0,-0.8501882768836491,rendah,1
-0.868419940416697,Debit,Miami,Online,-1.4484027820383598,Student,0.5351866227512573,0.0,-1.1861841820952104,rendah,1
-0.7475848428359176,Debit,New York,ATM,-0.8846696839524716,Engineer,0.3085015223045684,0.0,1.2218705274320791,rendah,1
-0.9880640931388335,Credit,Philadelphia,Branch,1.8212491868597929,Retired,-0.8674274362626301,0.0,0.24748880248437155,tinggi,1
-0.2969038249825101,Credit,Indianapolis,Online,1.9339958064769707,Retired,0.49268316641750304,0.0,0.017474523117209796,tinggi,0
0.15771647201871639,Debit,Detroit,Branch,1.8212491868597929,Retired,0.02514514674620725,0.0,0.45519210380346464,tinggi,0
0.3893552470247822,Credit,El Paso,Branch,-0.9974163035696493,Student,-0.42822505414717044,0.0,-0.9474221560854496,rendah,0
-0.7256897796654808,Debit,Sacramento,Online,-0.9974163035696493,Student,-1.0091056240418108,0.0,-1.072181868445349,rendah,1
-1.0504512815031328,Credit,Columbus,Online,-0.26456327605799435,Doctor,-0.22987559125631774,0.0,2.1875301064004664,sedang,0
-1.0584214509417438,Credit,San Diego,Online,0.017303272984949897,Doctor,2.235324876101424,0.0,1.70217737155008,sedang,1
-0.5921207332115184,Debit,Nashville,ATM,0.41191644164507174,Retired,-0.6265745170380232,0.0,0.26045809850175705,sedang,1
0.6193450214573425,Debit,Denver,ATM,0.8629029201137824,Engineer,0.7477039044200281,0.0,-0.18358796614718575,tinggi,0
1.2100536713442762,Credit,Seattle,Branch,-0.20818996624940544,Engineer,-0.6549101545938594,0.0,-0.2806503209050136,sedang,1
2.715911833955392,Debit,Seattle,ATM,-1.1101629231868269,Student,2.1219823258780797,0.0,-1.2101259223941818,rendah,1
-0.3863163005237086,Debit,Columbus,Online,1.3138893985824933,Doctor,-1.2499585432664178,0.0,0.44810072007504814,tinggi,0
-0.4786603326400283,Debit,Omaha,Branch,0.5810363710708383,Doctor,-0.059861765921301074,0.0,0.4487023356621161,sedang,1
-1.079675236111373,Debit,Dallas,Branch,-0.9410429937610604,Student,0.478515347639585,0.0,-1.0629681897310637,rendah,0
-0.6655012587325223,Debit,Denver,ATM,0.07367658279353874,Doctor,-0.2582112288121538,0.0,1.8228588982495582,sedang,0
0.29765249290927037,Credit,Raleigh,Branch,-0.715549754526705,Engineer,-1.079944717931401,0.0,0.3583294342192167,rendah,1
-0.4950129216606265,Debit,San Jose,Branch,1.2575160887739045,Retired,0.7902073607537822,0.0,-0.7583919785624105,tinggi,1
1.4176445213200506,Credit,Charlotte,ATM,-1.1665362329954156,Student,-0.7540848860392857,0.0,-1.2086052429953806,rendah,0
-0.347656398189297,Debit,Raleigh,Branch,1.7085025672426153,Retired,-0.8815952550405481,0.0,0.6551665648784822,tinggi,1
-0.8196370067838198,Debit,Washington,Branch,-1.3356561624211822,Student,0.12431987819163362,0.0,-1.1356689533121365,rendah,1
0.28436887717825227,Credit,Washington,Branch,-1.3356561624211822,Student,-0.8390917987067941,0.0,-1.0070179401337558,rendah,1
-0.7152919149380974,Debit,Memphis,Online,1.0320228495395491,Retired,0.2801658847487323,0.0,-1.0181542286603305,tinggi,1
1.524417308454545,Debit,Charlotte,Online,0.9756495397309601,Retired,1.2860810179809141,0.0,-0.7837417553417535,tinggi,0
-0.14157713207256964,Credit,Omaha,Branch,-1.1101629231868269,Student,1.1302350114238155,0.0,-0.8285761969431104,rendah,1
1.8079996015260404,Debit,Phoenix,Online,1.5393826378168487,Retired,-0.5273997855925969,0.0,-0.710426575841973,tinggi,1
-0.8055746963375351,Debit,Seattle,Online,-0.377309895675172,Doctor,0.5351866227512573,0.0,0.21133298573475925,sedang,1
-0.29749929741183173,Debit,San Antonio,Branch,-1.1101629231868269,Student,-1.4908114624910245,0.0,-1.203549111997683,rendah,1
0.219462382382208,Credit,Austin,Branch,1.8776224966683817,Retired,0.08181642185787946,0.0,-0.815245931573484,tinggi,0
-0.2533427264990677,Debit,Tucson,Online,1.3138893985824933,Retired,2.3770030638806046,0.0,-0.6062113957638579,tinggi,1
-1.137756700755963,Debit,Philadelphia,ATM,-1.2792828526125934,Student,0.3085015223045684,0.0,-1.0203174847074465,rendah,1
2.2279908864836475,Credit,Indianapolis,Online,-1.4484027820383598,Student,-0.14486867858880942,0.0,-1.0436422490213826,rendah,0
-1.1019367438537,Debit,Atlanta,ATM,0.693782990688016,Doctor,-1.065776899153483,0.0,1.5028890082509525,tinggi,0
0.15583844358777946,Debit,Louisville,Online,0.017303272984949897,Doctor,-1.1791194493768273,0.0,2.4400166479943577,sedang,0
1.3689990044016322,Credit,Boston,Branch,-1.2792828526125934,Student,-0.6549101545938594,0.0,-1.0932614545896746,rendah,0
-0.8420359312406057,Credit,Milwaukee,Online,-1.1101629231868269,Student,-0.8107561611509579,0.0,-0.7945119543834317,rendah,1
0.4089600316209057,Debit,San Francisco,Branch,-0.039070036823638944,Doctor,-1.5191471000468606,0.0,2.043818223014767,sedang,1
-1.141833396618241,Debit,Milwaukee,ATM,-0.26456327605799435,Doctor,0.3651727974162406,0.0,0.8775672069863258,sedang,1
1.298870674456153,Debit,Houston,Branch,0.017303272984949897,Doctor,2.164485782211834,0.0,-1.1968417382184589,sedang,0
0.033445956576466734,Debit,Baltimore,ATM,1.088396159348138,Doctor,0.08181642185787946,0.0,0.859784986272398,tinggi,0
-0.03979715223007841,Debit,Milwaukee,ATM,1.7085025672426153,Retired,1.1727384677575696,0.0,-0.6276212304644886,tinggi,1
-1.0649716476642803,Debit,Raleigh,Branch,0.5246630612622495,Engineer,-0.13070085981089136,0.0,0.398937206313131,sedang,1
0.7868101908111444,Debit,Fort Worth,ATM,1.2011427789653157,Doctor,-0.8107561611509579,0.0,1.750119733673566,tinggi,0
-0.6375140545544116,Credit,Memphis,Branch,-0.32093658586658314,Doctor,0.09598424063579752,0.0,0.43351090207207144,sedang,1
-0.4170060334195092,Debit,Nashville,Online,0.8629029201137824,Engineer,2.3770030638806046,0.0,-0.7772494271340769,tinggi,1
0.14814310757808613,Debit,Baltimore,ATM,1.1447694691567267,Retired,-0.7824205235951218,0.0,-0.5020448569459737,tinggi,0
-0.6021063477955252,Debit,Los Angeles,ATM,-1.3356561624211822,Student,0.29433370352665034,0.0,-1.253951697862327,rendah,0
1.1454220099771495,Credit,Houston,Branch,1.088396159348138,Doctor,-0.8957630738184662,0.0,1.6310331282964,tinggi,0
1.1326880611039667,Credit,Baltimore,Branch,-1.1101629231868269,Student,-0.2582112288121538,0.0,-1.0223706579024612,rendah,0
-0.9836667582761516,Debit,Denver,Branch,-0.8846696839524716,Engineer,-0.017358309587546913,0.0,0.10892265241784736,rendah,0
1.6052183365563246,Debit,Baltimore,ATM,-0.715549754526705,Doctor,-0.49906414803676075,0.0,1.1722206010678518,rendah,0
-0.7555092067030422,Debit,Chicago,Online,1.8212491868597929,Retired,0.08181642185787946,0.0,-1.0411461843516332,tinggi,0
0.21341604694602043,Debit,Virginia Beach,Branch,-1.2792828526125934,Student,-1.2641263620443357,0.0,-0.8365200827587337,rendah,1
1.8869226011968832,Debit,Mesa,ATM,-1.392029472229771,Student,0.3085015223045684,0.0,-1.0540130777159007,rendah,1
0.0627615223276795,Credit,Sacramento,ATM,-1.392029472229771,Student,0.2801658847487323,0.0,-1.2367762128681226,rendah,1
-0.040804874802776336,Debit,Indianapolis,Branch,-0.4336832054837608,Engineer,-0.569903241926351,0.0,1.2034022089422607,sedang,0
-1.0176544923189637,Debit,Chicago,Online,-1.4484027820383598,Student,-0.6832457921496955,0.0,-1.0783541883620322,rendah,0
0.3169366385049898,Credit,New York,Online,-1.5047760918469486,Student,0.25183024719289615,0.0,-1.2315383171611407,rendah,1
0.5366201593531393,Debit,Sacramento,ATM,0.8629029201137824,Doctor,0.29433370352665034,0.0,0.89338329676039,tinggi,1
2.5772125634949674,Debit,Virginia Beach,ATM,-1.1101629231868269,Student,-1.320797637156008,0.0,-0.8438777133852567,rendah,1
-1.1123346085810832,Debit,San Antonio,ATM,0.24279651221930526,Engineer,0.761871723197946,0.0,0.7358572954690816,sedang,1
-0.9146377620463432,Debit,Columbus,ATM,-0.26456327605799435,Engineer,-0.6407423358159413,0.0,-1.2489518883238442,sedang,0
0.11644565210958743,Debit,Memphis,Online,-0.4336832054837608,Engineer,2.249492694879342,0.0,0.4496470001371289,sedang,1
0.9910572340684208,Debit,Houston,Online,-0.6028031349095274,Doctor,0.761871723197946,0.0,-1.2422189138813404,sedang,0
-0.2925522956913145,Debit,Sacramento,ATM,0.8065296103051937,Retired,0.29433370352665034,0.0,-0.5329474175906364,tinggi,1
-0.4023940561153892,Debit,Baltimore,ATM,-1.5047760918469486,Student,1.1869062865354878,0.0,-0.9157976567363055,rendah,0
-1.1681257946513597,Debit,San Francisco,Online,1.9903691162855595,Retired,-0.8390917987067941,0.0,0.12047111162322183,tinggi,1
-0.9891176212830176,Debit,Charlotte,ATM,0.5810363710708383,Doctor,-1.1649516305989094,0.0,-0.9181605979570016,sedang,0
-0.8150106440637066,Debit,Sacramento,Online,0.9192762299223713,Doctor,0.5351866227512573,0.0,-0.8405675476232196,tinggi,1
-0.39790511010973484,Credit,San Diego,ATM,-1.2792828526125934,Student,-1.5191471000468606,0.0,0.2990946195231513,rendah,1
1.0524825054315086,Credit,Sacramento,ATM,0.18642320241071644,Engineer,0.15265551574746974,0.0,-0.792115732300472,sedang,1
-0.49794447823574783,Debit,Phoenix,Branch,0.7501563004966048,Retired,-0.8957630738184662,0.0,-0.7453458805551865,tinggi,1
-0.4228691465697518,Debit,Dallas,ATM,0.9192762299223713,Doctor,0.6060257166408475,0.0,1.5196369621683896,tinggi,0
0.05433329717420572,Debit,Milwaukee,ATM,0.4682897514536606,Retired,-0.7965883423730399,0.0,-0.7670142819549401,sedang,1
1.7429098844440516,Debit,Indianapolis,ATM,0.35554313183648295,Retired,2.249492694879342,0.0,0.02116869882843912,sedang,0
-0.183580841125479,Credit,Omaha,Online,0.1300498926021276,Engineer,0.2659980659708142,0.0,-1.1410655731314512,sedang,1
0.7383020906071847,Debit,Los Angeles,ATM,0.07367658279353874,Doctor,-0.13070085981089136,0.0,1.5132675171444547,sedang,0
0.16119769545167284,Credit,Memphis,ATM,0.07367658279353874,Engineer,0.49268316641750304,0.0,-1.0622948922868132,sedang,1
-0.02491034149704076,Debit,Tucson,ATM,0.693782990688016,Retired,0.8327108170875364,0.0,-0.650037171232003,tinggi,1
-0.33107478131126733,Debit,Virginia Beach,Online,-1.3356561624211822,Student,-0.37155377903549824,0.0,-0.9092182862734786,rendah,1
-1.0218227993242144,Debit,Seattle,Online,-1.053789613378238,Engineer,1.526933937205521,0.0,-0.47292154239923495,rendah,1
-0.5412307432902727,Credit,Colorado Springs,Branch,-1.2792828526125934,Student,-1.065776899153483,0.0,-1.2530531145812174,rendah,0
-0.9815138964162969,Debit,Fresno,Online,-1.5047760918469486,Student,0.37934061619415865,0.0,-0.1892841137268705,rendah,0
-0.929891017351271,Debit,Baltimore,Branch,1.426636018199671,Retired,0.1668233345253878,0.0,-0.13318026014988563,tinggi,0
-1.1256640298835876,Debit,Charlotte,Branch,0.35554313183648295,Engineer,-0.3432181414796621,0.0,-0.5403690498753582,sedang,0
0.8810322513584011,Debit,Denver,Online,1.2575160887739045,Retired,-0.9807699864859746,0.0,-1.043181437082352,tinggi,0
0.18671139876952528,Debit,Milwaukee,Online,-0.32093658586658314,Doctor,0.6060257166408475,0.0,-0.9317724706227022,sedang,1
1.955493541711829,Debit,Las Vegas,Branch,-0.715549754526705,Doctor,-0.18737213492256358,0.0,0.3156326480016967,rendah,0
0.27071881687534377,Debit,Omaha,ATM,1.8776224966683817,Retired,-0.37155377903549824,0.0,-0.21167189376477744,tinggi,1
-0.15151694108509023,Credit,Boston,Branch,1.6521292574340263,Retired,-0.13070085981089136,0.0,-0.2556435930136157,tinggi,0
-0.18692464784397667,Debit,Boston,ATM,-0.1518166564408166,Doctor,2.5611847079935393,0.0,1.3726968351431472,sedang,0
-1.0966691031327789,Debit,Dallas,ATM,1.6521292574340263,Retired,0.43601189130583085,0.0,0.4481391210699675,tinggi,0
1.0767594583192315,Debit,Milwaukee,Online,1.8776224966683817,Retired,0.5068509851954212,0.0,-0.6858089780324232,tinggi,1
-0.1775803112607777,Debit,Austin,Branch,-1.2229095428040044,Student,1.7536190376522098,0.0,-1.1922720198230712,rendah,0
0.7571739860595278,Credit,Albuquerque,Branch,-1.053789613378238,Student,-0.14486867858880942,0.0,-0.9381342354476535,rendah,0
1.6323810404476828,Debit,Tucson,ATM,0.9192762299223713,Retired,0.5351866227512573,0.0,-0.4663652125333597,tinggi,1
-0.8382798743787316,Debit,Las Vegas,Online,1.370262708391082,Doctor,-0.7115814297055315,0.0,0.2353924890848163,tinggi,0
-0.868053495844807,Debit,Detroit,Online,0.8065296103051937,Engineer,-1.1791194493768273,0.0,0.21124850354593677,tinggi,0
-1.0531538102208227,Debit,Indianapolis,ATM,0.9756495397309601,Retired,-1.079944717931401,0.0,-0.8770459327301535,tinggi,0
-1.0926382128419871,Debit,Mesa,Online,0.18642320241071644,Engineer,0.5068509851954212,0.0,-0.3500357985913936,sedang,1
0.27987993117259774,Debit,Los Angeles,ATM,0.5246630612622495,Engineer,0.06764860307996141,0.0,-0.5387152470275036,sedang,0
-0.35480206734115505,Debit,Mesa,Online,-0.26456327605799435,Doctor,0.761871723197946,0.0,1.6807777771147612,sedang,1
-1.1127010531529735,Debit,Los Angeles,ATM,-0.4336832054837608,Engineer,1.2719131992029962,0.0,-0.6054484959981292,sedang,0
0.4974105901608925,Debit,Portland,ATM,-1.1101629231868269,Student,0.8043751795317002,0.0,-1.031016001891942,rendah,1
0.03092665014472185,Debit,Dallas,Branch,1.48300932800826,Retired,-1.4624758249351884,0.0,0.48527032309052814,tinggi,0
-0.9254478769171027,Debit,Albuquerque,Branch,-0.6028031349095274,Engineer,0.29433370352665034,0.0,-0.040275453108645616,sedang,0
-1.0326787197664604,Debit,Tucson,ATM,-1.392029472229771,Student,-1.4766436437131065,0.0,-1.0502216194842096,rendah,1
-1.1503074273432008,Debit,Tucson,Branch,-1.3356561624211822,Student,-0.18737213492256358,0.0,-0.9767656363363917,rendah,1
-0.35933681891829583,Debit,Tucson,Online,-0.6028031349095274,Engineer,-0.300714685145908,0.0,0.8623885737279212,sedang,1
-1.0111501011679136,Debit,Columbus,Branch,0.4682897514536606,Doctor,0.6768648105304378,0.0,1.847970588860402,sedang,0
-0.7561046791323639,Debit,Omaha,Branch,0.35554313183648295,Doctor,0.7760395419758641,0.0,1.0598464896025654,sedang,1
-0.5452158280095781,Debit,Detroit,Branch,0.7501563004966048,Engineer,-1.065776899153483,0.0,-0.6321679082629247,tinggi,0
-0.002282389182823673,Debit,Kansas City,Branch,1.370262708391082,Retired,-0.2865468663679899,0.0,0.6069451555252501,tinggi,0
-0.9194473470524014,Debit,Boston,Branch,-0.49005651529234967,Doctor,-0.14486867858880942,0.0,1.5418864986245875,sedang,0
-0.6354986094090157,Debit,Fort Worth,ATM,0.2991698220278941,Engineer,-0.9807699864859746,0.0,0.7362208248876503,sedang,0
-0.5449868001521467,Credit,Sacramento,Online,1.2011427789653157,Doctor,0.010977327968289194,0.0,0.7542283314384377,tinggi,1
2.5511033877477933,Credit,Atlanta,ATM,0.5246630612622495,Doctor,-0.9099308925963843,0.0,2.5177453818435214,sedang,0
-0.08642722400310097,Debit,Columbus,ATM,1.370262708391082,Doctor,-0.7115814297055315,0.0,2.146702168602349,tinggi,0
1.9610360158616678,Debit,Mesa,ATM,-1.3356561624211822,Student,-1.2499585432664178,0.0,-1.1710106689694613,rendah,1
2.848152518836253,Debit,Columbus,ATM,0.8629029201137824,Engineer,0.2801658847487323,0.0,-0.03749010094383795,tinggi,0
0.09033647636241376,Debit,Austin,Branch,1.3138893985824933,Doctor,-1.4766436437131065,0.0,0.9835181120347901,tinggi,0
-1.1363825336113749,Debit,Louisville,ATM,1.9339958064769707,Retired,1.1302350114238155,0.0,-0.27039213512892524,tinggi,0
1.7435511624448592,Debit,Colorado Springs,Online,1.1447694691567267,Retired,1.24357756164716,0.0,-0.24370856379272104,tinggi,0
-0.7039779387809888,Debit,San Diego,Branch,0.35554313183648295,Doctor,0.8468786358654544,0.0,1.6096002529988171,sedang,1
1.1394672856839347,Debit,Denver,Branch,0.41191644164507174,Retired,0.9035499109771267,0.0,0.06317170707108512,sedang,0
0.5268635726265639,Debit,Miami,ATM,0.07367658279353874,Doctor,-0.39988941659133437,0.0,-0.9654936642944358,sedang,1
-1.1111436637224403,Debit,Virginia Beach,Branch,0.2991698220278941,Engineer,-1.1649516305989094,0.0,-0.6720588617850134,sedang,1
-1.11618227658593,Debit,Mesa,Branch,-0.09544334663222778,Engineer,-0.300714685145908,0.0,-1.0448531603945022,sedang,1
-0.8420359312406057,Debit,Houston,ATM,0.6374096808794272,Retired,-0.2582112288121538,0.0,-0.5805441707598493,tinggi,0
-0.2534801432135265,Credit,Dallas,Online,0.9192762299223713,Doctor,1.0877315550900615,0.0,1.8042088150504554,tinggi,0
-0.4880046692232272,Debit,Las Vegas,Online,-0.20818996624940544,Doctor,1.2010741053134057,0.0,2.3732501181614687,sedang,0
-1.0679032042394017,Debit,San Francisco,ATM,0.07367658279353874,Doctor,-1.2357907244884996,0.0,0.7287556714753531,sedang,1
-0.9493125796614493,Debit,Boston,Branch,0.18642320241071644,Engineer,0.39350843497207666,0.0,0.23967804011780153,sedang,0
2.1221342107788783,Credit,Omaha,ATM,-1.2792828526125934,Student,-0.3290503227017441,0.0,-1.206761995239258,rendah,1
-0.5584536381691101,Debit,Los Angeles,Online,-1.4484027820383598,Student,-0.2582112288121538,0.0,-1.028850185778498,rendah,0
-0.6406746389869642,Debit,Oklahoma City,ATM,-1.5047760918469486,Student,2.5470168892156213,0.0,-1.119033642313129,rendah,1
-0.7720450180095856,Credit,Houston,Online,0.2991698220278941,Engineer,2.3770030638806046,0.0,0.03715119291381979,sedang,0
-1.149849371628338,Debit,Houston,ATM,-1.1101629231868269,Student,1.4560948433159309,0.0,-0.9753499196570364,rendah,0
-0.7024663549219419,Debit,Baltimore,ATM,-0.715549754526705,Engineer,-1.2216229057105816,0.0,0.3567293927642491,rendah,0
-0.45850588118606955,Debit,Oklahoma City,ATM,1.426636018199671,Retired,0.23766242841497806,0.0,-0.2807015222315726,tinggi,1
1.137360229395566,Debit,Portland,ATM,1.3138893985824933,Retired,0.8468786358654544,0.0,-0.6593046113391756,tinggi,1
-1.0341903036255071,Debit,Kansas City,ATM,0.07367658279353874,Doctor,-0.824923979928876,0.0,1.5138793729968343,sedang,0
-1.1416043687608095,Debit,Atlanta,ATM,0.2991698220278941,Doctor,0.6201935354187655,0.0,0.30059993852398487,sedang,0
0.08850425350296308,Credit,Portland,ATM,0.4682897514536606,Retired,-0.6832457921496955,0.0,-0.862095145374936,sedang,1
-0.5087545931065074,Debit,Memphis,ATM,1.3138893985824933,Retired,1.6686121249847015,0.0,0.049708318252405514,tinggi,1
0.5157786243268866,Debit,Detroit,Online,-0.6028031349095274,Engineer,-1.4199723686014343,0.0,-0.021028874455131002,sedang,0
1.383427759419807,Debit,Austin,ATM,0.8629029201137824,Doctor,-0.3432181414796621,0.0,1.2143695330911908,tinggi,0
0.7892836916714028,Debit,Las Vegas,Branch,-1.053789613378238,Student,1.3994235682042586,0.0,-1.123531678851334,rendah,0
-1.008172739021306,Debit,Tucson,Branch,-0.6591764447181162,Doctor,0.1951589720812239,0.0,0.2859000376689063,sedang,1
-0.8139571159195225,Credit,Portland,Online,0.693782990688016,Retired,-1.3774689122676802,0.0,-0.7350595340494906,tinggi,1
-0.5696301976117599,Debit,Charlotte,Branch,-0.49005651529234967,Engineer,-0.2582112288121538,0.0,1.0783608892862868,sedang,0
-0.24312808405762962,Debit,Colorado Springs,Branch,0.5810363710708383,Retired,-1.1649516305989094,0.0,0.4214760302643869,sedang,0
2.2633069820995617,Debit,Chicago,Branch,1.8776224966683817,Retired,-1.3066298183780898,0.0,0.008591092959229598,tinggi,0
-1.1726147406570142,Debit,Austin,ATM,0.41191644164507174,Engineer,-1.2499585432664178,0.0,-0.7406968001036326,sedang,0
0.0015652788220231262,Debit,Los Angeles,Online,1.2575160887739045,Doctor,-1.2924619996001718,0.0,2.108301173683126,tinggi,0
2.339848092053118,Debit,San Jose,ATM,1.0320228495395491,Doctor,0.5068509851954212,0.0,-0.8445970920234102,tinggi,1
-0.34147264603865063,Debit,San Diego,Online,0.5246630612622495,Doctor,0.05348078430204335,0.0,-1.172106377357823,sedang,1
-0.3313038091686987,Credit,Portland,Online,0.5246630612622495,Doctor,-0.017358309587546913,0.0,1.0959203842296834,sedang,1
-0.5164041235447145,Debit,Chicago,Branch,0.693782990688016,Doctor,-1.2641263620443357,0.0,1.6442865916761873,tinggi,0
-0.8443720153864055,Debit,Fort Worth,ATM,-0.26456327605799435,Doctor,-1.2641263620443357,0.0,1.9514894308973154,sedang,0
-1.0750030678197735,Debit,Denver,Branch,-0.039070036823638944,Doctor,-0.6549101545938594,0.0,0.6018762241959126,sedang,0
2.3868446083980306,Debit,Austin,Branch,0.9756495397309601,Doctor,-0.31488250392382605,0.0,0.5019696357477342,tinggi,0
2.4424983777538487,Debit,Miami,Online,-0.9410429937610604,Student,1.1018993738679794,0.0,-1.0534780238533596,rendah,1
2.3387029527659613,Debit,Fort Worth,ATM,0.6374096808794272,Doctor,-1.3066298183780898,0.0,1.970874253132539,tinggi,0
-1.1554834569211492,Credit,Atlanta,Online,-1.3356561624211822,Student,0.22349460963706,0.0,-1.0981588614750395,rendah,0
-0.948946135089559,Debit,Atlanta,Online,-1.3356561624211822,Student,0.37934061619415865,0.0,-1.0900434512154438,rendah,0
-0.8199576457842238,Credit,Kansas City,Branch,0.24279651221930526,Engineer,0.37934061619415865,0.0,-0.673113609112128,sedang,0
2.043073794393577,Debit,Washington,ATM,-1.4484027820383598,Student,0.9177177297550447,0.0,-0.9890334741799195,rendah,1
2.799690224203779,Credit,San Diego,Online,0.24279651221930526,Engineer,-0.0031904908096288594,0.0,-0.2994719285480887,sedang,1
-0.9342883522139528,Debit,Indianapolis,Branch,-1.1665362329954156,Student,-0.6974136109276136,0.0,-1.0598295484129991,rendah,0
-0.3565426790576333,Debit,Houston,ATM,1.8776224966683817,Retired,0.02514514674620725,0.0,0.5657920893034828,tinggi,0
0.5829753976972443,Debit,Fort Worth,ATM,0.7501563004966048,Retired,-1.5191471000468606,0.0,0.71725585353021,tinggi,0
-0.1338817960628763,Debit,Houston,Online,1.48300932800826,Retired,-0.824923979928876,0.0,-0.17806078294514557,tinggi,0
-0.9894382602834216,Debit,Indianapolis,ATM,0.18642320241071644,Engineer,-1.349133274711844,0.0,-0.2961208017248046,sedang,0
1.0416265849892625,Debit,Raleigh,Branch,1.2575160887739045,Doctor,-0.5982388794821871,0.0,0.7530404606622699,tinggi,1
0.20443815493471165,Debit,Colorado Springs,Branch,-1.3356561624211822,Student,2.433674338992277,0.0,-1.1622910830564697,rendah,0
-0.2645192859417175,Debit,Detroit,Online,1.426636018199671,Doctor,-0.42822505414717044,0.0,-0.8812495616406445,tinggi,0
1.1868302466007377,Debit,San Francisco,ATM,-0.8846696839524716,Engineer,-1.1649516305989094,0.0,-0.9500206234083168,rendah,1
-0.9843996474199319,Debit,Fresno,ATM,0.18642320241071644,Engineer,0.23766242841497806,0.0,-0.005005419308503195,sedang,0
-0.7397062845402792,Debit,Chicago,Online,-1.3356561624211822,Student,0.1668233345253878,0.0,-0.8860164051432841,rendah,0
-0.7498293158387449,Debit,Memphis,Online,1.2575160887739045,Retired,0.4501797100837489,0.0,0.0954925444614311,tinggi,1
-0.8130868100612834,Credit,Las Vegas,Online,0.35554313183648295,Doctor,-0.14486867858880942,0.0,2.4825700704975127,sedang,0
-0.10594039745625182,Debit,Jacksonville,Online,-1.4484027820383598,Student,2.518681251659785,0.0,-0.9904466307929469,rendah,0
-1.1081204960043465,Debit,Las Vegas,Branch,-1.053789613378238,Engineer,0.010977327968289194,0.0,0.386684728867571,rendah,0
-0.06718888397886777,Debit,Jacksonville,ATM,0.8629029201137824,Doctor,0.39350843497207666,0.0,-1.0796035007300708,tinggi,0
-0.613145490523716,Debit,Jacksonville,Online,1.9339958064769707,Retired,1.541101755983439,0.0,-0.011474706919228401,tinggi,0
-0.5839673414869623,Debit,Las Vegas,ATM,0.41191644164507174,Engineer,0.15265551574746974,0.0,0.5289271341810288,sedang,0
-0.5428339382922921,Debit,Dallas,Online,-1.3356561624211822,Student,-0.7115814297055315,0.0,-1.2463047797407456,rendah,0
-0.9964007071493346,Debit,Portland,Online,-1.1101629231868269,Student,0.8327108170875364,0.0,-0.9893202016086496,rendah,1
-0.7557382345604736,Debit,Seattle,Online,-1.3356561624211822,Student,0.4076762537499947,0.0,-1.100501322165112,rendah,1
0.09555831151184845,Debit,Nashville,Branch,0.7501563004966048,Engineer,-0.17320431614464551,0.0,-0.9414930424699215,tinggi,1
-0.6541414770039274,Debit,Portland,ATM,0.35554313183648295,Doctor,0.7477039044200281,0.0,2.1217184813079024,sedang,1
0.2097516012271188,Credit,San Jose,Branch,-0.9974163035696493,Engineer,-1.5474827376026967,0.0,-0.5886954219480363,rendah,1
-1.0335948311961856,Debit,Charlotte,ATM,0.41191644164507174,Engineer,-0.6407423358159413,0.0,0.11396086295124949,sedang,0
-0.6592717010103897,Credit,Tucson,Online,-0.9974163035696493,Engineer,0.22349460963706,0.0,-0.08610320044524636,rendah,1
2.223501940477993,Debit,San Diego,Online,-0.9974163035696493,Engineer,-1.1791194493768273,0.0,0.7084671458263637,rendah,1
-0.00017533289445510096,Debit,Charlotte,ATM,-1.053789613378238,Student,-0.5557354231484329,0.0,-1.0169689179504904,rendah,0
0.5581029723801999,Debit,Fort Worth,ATM,0.8629029201137824,Doctor,1.6969477625405376,0.0,0.646731146327893,tinggi,0
1.4432956413523612,Debit,Washington,Online,0.41191644164507174,Retired,-0.0031904908096288594,0.0,-0.27515129843258085,sedang,1
-1.0559479500814852,Credit,Austin,Online,1.8212491868597929,Retired,0.6201935354187655,0.0,0.5107199424566612,tinggi,0
1.2677686914169761,Debit,Mesa,Online,0.18642320241071644,Engineer,-0.059861765921301074,0.0,-0.36964334659714887,sedang,1
0.7868559963826307,Debit,Raleigh,Branch,0.5810363710708383,Retired,-0.6690779733717774,0.0,-0.41666920497522936,sedang,1
0.47812644456517306,Debit,Raleigh,ATM,1.088396159348138,Retired,0.6768648105304378,0.0,0.5020080367426534,tinggi,1
2.6587922863120133,Debit,Phoenix,Branch,-1.1101629231868269,Student,1.3710879306484225,0.0,0.2334417185429198,rendah,1
-0.5568504431670905,Debit,Atlanta,ATM,0.18642320241071644,Doctor,0.1668233345253878,0.0,1.10331129571847,sedang,0
-0.3286012804510088,Debit,Albuquerque,Branch,0.4682897514536606,Retired,-1.363301093489762,0.0,0.25980016145547447,sedang,0
0.449452156814768,Debit,Fort Worth,Online,1.370262708391082,Doctor,-0.3290503227017441,0.0,0.4127154832901481,tinggi,0
-0.1494098847967218,Debit,Fresno,Branch,0.4682897514536606,Doctor,-1.1649516305989094,0.0,0.8448367589835085,sedang,0
2.199866265591078,Debit,Washington,ATM,0.8629029201137824,Retired,-0.3857215978134163,0.0,-0.11689823830413522,tinggi,1
-0.15399044194534878,Debit,Fort Worth,ATM,-0.9974163035696493,Student,-0.3290503227017441,0.0,-0.8618698595380766,rendah,0
1.3760988679820036,Debit,San Jose,ATM,1.370262708391082,Doctor,-0.9382665301522204,0.0,0.03489577447889733,tinggi,1
-1.0507719205035368,Debit,Boston,ATM,0.9756495397309601,Retired,0.6343613541966836,0.0,0.21752066604940984,tinggi,0
0.24392255755587589,Debit,Detroit,Branch,-0.49005651529234967,Doctor,0.6626969917525197,0.0,1.2446243969548827,sedang,0
-0.8082772250552249,Debit,Kansas City,Online,0.41191644164507174,Doctor,-0.045693947143383026,0.0,1.1679196896368984,sedang,0
-1.0569098670826969,Credit,Detroit,Branch,1.2011427789653157,Doctor,-0.059861765921301074,0.0,0.036401093479730896,tinggi,0
2.694749659928736,Credit,Oklahoma City,Branch,1.5957559476254375,Retired,0.9035499109771267,0.0,-0.869951988935409,tinggi,1
-0.9028657301743719,Debit,Fresno,ATM,-0.9974163035696493,Student,-0.8957630738184662,0.0,-1.100798289859154,rendah,0
2.299126939001824,Debit,San Antonio,ATM,0.8629029201137824,Engineer,-0.07402958469921914,0.0,0.5454626025932462,tinggi,1
0.20462137722065657,Debit,Charlotte,ATM,-1.2792828526125934,Student,2.3344996075468503,0.0,-1.0364433425071924,rendah,0
-0.6356818316949607,Credit,Las Vegas,Branch,-0.715549754526705,Doctor,-1.2499585432664178,0.0,2.165769542612907,rendah,0
1.040160806701702,Debit,New York,ATM,1.426636018199671,Retired,-0.059861765921301074,0.0,-0.5024928685533646,tinggi,1
-0.814919032920734,Debit,Mesa,ATM,-0.377309895675172,Doctor,0.3651727974162406,0.0,1.2327815301217941,sedang,1
-1.008676600307655,Debit,Miami,ATM,1.7085025672426153,Retired,2.008639775654735,0.0,0.7272938736020947,tinggi,1
-0.7740604631549816,Debit,Colorado Springs,Branch,0.24279651221930526,Engineer,-0.7965883423730399,0.0,-0.3449873477926798,sedang,0
2.0543877705506857,Debit,Washington,Online,0.8065296103051937,Doctor,0.06764860307996141,0.0,-0.02498417693181092,tinggi,1
-0.6410410835588544,Debit,Columbus,Online,1.48300932800826,Retired,1.512766118427603,0.0,-0.05644995216862217,tinggi,0
-0.689045322476465,Debit,Los Angeles,Branch,0.693782990688016,Retired,-0.45656069170300656,0.0,-0.970375710781833,tinggi,0
1.5004609945672258,Debit,Las Vegas,ATM,-1.2229095428040044,Student,-1.1082803554872371,0.0,-0.16015567904747574,rendah,0
1.5030719121419434,Credit,Chicago,Branch,0.5810363710708383,Retired,0.02514514674620725,0.0,0.3635903705231503,sedang,0
-0.8136364769191186,Debit,Colorado Springs,Branch,0.6374096808794272,Retired,0.29433370352665034,0.0,-0.8923807300345633,tinggi,0
-0.3834305495200736,Credit,Atlanta,Online,-1.392029472229771,Student,2.3911708826585225,0.0,-0.9243047571440772,rendah,0
0.760242959349108,Debit,Los Angeles,Branch,-0.9410429937610604,Student,1.0452280987563072,0.0,-0.8119332057451192,rendah,0
-0.5561175540233103,Debit,San Jose,ATM,0.693782990688016,Retired,-0.3857215978134163,0.0,0.0550460565461776,tinggi,1
0.238654916834955,Debit,Los Angeles,Online,-1.1101629231868269,Student,0.6768648105304378,0.0,-0.8113239099590674,rendah,0
0.17906186833131815,Debit,Boston,Branch,-0.49005651529234967,Doctor,-0.03152612836546497,0.0,-1.0368734336502876,sedang,0
-0.8217440630721883,Debit,Washington,Branch,0.7501563004966048,Retired,2.1078145071001617,0.0,-0.8064674641349497,tinggi,1
-0.7527608724138661,Credit,Seattle,Online,-0.26456327605799435,Engineer,-0.6974136109276136,0.0,0.3058352741646389,sedang,1
-0.7287587529550608,Credit,Los Angeles,Online,-0.20818996624940544,Engineer,0.25183024719289615,0.0,-0.2527251173997547,sedang,0
0.15959450044965354,Debit,Columbus,ATM,-1.3356561624211822,Student,-0.41405723536925243,0.0,-0.9343709379455696,rendah,0
-0.9155538734760685,Debit,Albuquerque,ATM,-1.2792828526125934,Student,0.22349460963706,0.0,-0.8967814840523063,rendah,0
0.8243249538583993,Debit,Seattle,Online,-0.9974163035696493,Student,-0.3857215978134163,0.0,-0.9842128692843931,rendah,1
0.012146365835351433,Debit,Austin,Online,1.5393826378168487,Retired,2.4478421577701948,0.0,0.5682830338405763,tinggi,0
2.1502130260999612,Debit,Omaha,Online,0.693782990688016,Retired,0.39350843497207666,0.0,-0.7553301392341845,tinggi,1
1.4284088306193234,Debit,Houston,ATM,1.5393826378168487,Retired,-0.2582112288121538,0.0,-0.5531719415814271,tinggi,0
-1.111601719437303,Credit,Oklahoma City,Branch,1.6521292574340263,Retired,2.419506520214359,0.0,0.07653269323664688,tinggi,1
-0.8955368387365688,Debit,Raleigh,ATM,-0.9974163035696493,Engineer,0.13848769696955168,0.0,0.6237827117641652,rendah,1
-1.0498558090738115,Debit,New York,Online,0.5246630612622495,Engineer,-1.363301093489762,0.0,0.6138266138147749,sedang,1
-1.158827263639647,Debit,San Jose,ATM,-0.8846696839524716,Doctor,-1.2357907244884996,0.0,1.3838689645983129,rendah,1
0.7987654449690609,Credit,Austin,Branch,1.5957559476254375,Retired,0.13848769696955168,0.0,0.3597323505669322,tinggi,0
-0.3586039297745154,Debit,Houston,Branch,0.5810363710708383,Engineer,-0.7399170672613676,0.0,0.6317189173808047,sedang,0
-0.03700301236941603,Debit,Denver,ATM,-1.5047760918469486,Student,-0.8957630738184662,0.0,-1.1659442977064518,rendah,0
-0.8276071762224307,Debit,San Francisco,ATM,-1.2229095428040044,Student,-0.2865468663679899,0.0,-1.0313385702492637,rendah,1
0.4141360611988542,Debit,Indianapolis,ATM,1.370262708391082,Doctor,1.8527937690976364,0.0,0.5562353617012522,tinggi,0
0.31670761064755865,Debit,Washington,ATM,-1.4484027820383598,Student,2.235324876101424,0.0,-1.1055548930964818,rendah,1
-0.0333385666505144,Debit,New York,Branch,1.764875877051204,Retired,1.7961224939859641,0.0,-0.16790499982217505,tinggi,1
-1.0966232975612926,Debit,Albuquerque,ATM,0.6374096808794272,Doctor,-1.2216229057105816,0.0,1.4229022959005388,tinggi,0
-0.2694662876622347,Credit,Austin,Branch,-1.053789613378238,Student,-1.122448174265155,0.0,-1.2416019378963048,rendah,0
1.5058202464311197,Debit,Raleigh,Branch,-1.2229095428040044,Student,-0.9099308925963843,0.0,-0.8632010940286097,rendah,1
0.8145683671318239,Credit,Virginia Beach,Online,-0.9974163035696493,Student,0.06764860307996141,0.0,-0.9735117920335695,rendah,1
1.162828127141932,Credit,Nashville,Online,-0.9974163035696493,Student,2.476177795326031,0.0,0.18628785684844185,rendah,1
0.34419095353932044,Debit,Denver,ATM,1.6521292574340263,Retired,-1.5191471000468606,0.0,0.6400621735435879,tinggi,0
-0.2624580352248354,Debit,Portland,Online,0.6374096808794272,Engineer,2.1078145071001617,0.0,1.152776897307085,tinggi,1
-0.2009411527187752,Debit,Atlanta,Online,0.8065296103051937,Engineer,0.8327108170875364,0.0,-0.23563155452804466,tinggi,0
0.06285313347065194,Debit,Philadelphia,Online,-1.2229095428040044,Student,0.2801658847487323,0.0,-0.9811126289612477,rendah,1
0.2268828849629837,Debit,Colorado Springs,ATM,-1.053789613378238,Engineer,0.010977327968289194,0.0,1.1542975767058863,rendah,0
1.7689274490482525,Credit,Detroit,ATM,-0.377309895675172,Doctor,-0.4848963292588427,0.0,1.7635216809003746,sedang,0
-0.7253691406650767,Debit,Miami,Branch,0.1300498926021276,Engineer,-1.5191471000468606,0.0,1.1361851074356528,sedang,1
2.895698702039,Debit,Virginia Beach,Online,-0.49005651529234967,Engineer,0.7052004480862739,0.0,-0.07012838655884947,sedang,1
1.2872360592986407,Debit,Kansas City,Online,-0.9974163035696493,Student,0.20932679085914196,0.0,-1.230816378456659,rendah,0
-0.07172363555600837,Debit,Mesa,ATM,-1.1101629231868269,Student,0.6060257166408475,0.0,-0.9357764143596132,rendah,1
-0.5785164784800962,Debit,Atlanta,ATM,1.088396159348138,Doctor,-0.3573859602575802,0.0,1.5626153556819844,tinggi,0
2.4893116718128154,Credit,San Diego,Branch,-1.392029472229771,Student,-0.49906414803676075,0.0,-1.1283266830835812,rendah,1
-1.136107700182457,Debit,Dallas,Online,0.693782990688016,Doctor,0.6485291729746017,0.0,2.1563024173321548,tinggi,0
-1.0458249187830195,Debit,Detroit,ATM,-1.392029472229771,Student,0.6201935354187655,0.0,-1.1362347279706129,rendah,0
0.7991776951124372,Credit,Atlanta,Online,-1.2229095428040044,Student,-0.2865468663679899,0.0,-1.2181005290057403,rendah,0
2.878842251732054,Credit,Raleigh,ATM,0.1300498926021276,Engineer,-0.8532596174847121,0.0,0.6818347758167186,sedang,1
-0.26387800794090976,Debit,Tucson,ATM,-0.8846696839524716,Engineer,-0.9240987113743023,0.0,1.2117275446407483,rendah,1
-0.982888063560885,Debit,Raleigh,ATM,-0.039070036823638944,Doctor,0.73353608564211,0.0,-1.2370347795672454,sedang,1
-0.41581508856086624,Debit,Indianapolis,ATM,-0.8282963741438827,Engineer,0.7477039044200281,0.0,0.07600019944043368,rendah,0
1.5186000008757887,Debit,Dallas,Online,-0.9410429937610604,Student,2.3344996075468503,0.0,-0.8127524269700626,rendah,0
-0.8429062370988448,Debit,Houston,Online,1.3138893985824933,Doctor,0.11015205941371557,0.0,0.46357888109382295,tinggi,0
-0.43276315001078597,Debit,Tucson,Online,-0.49005651529234967,Engineer,0.39350843497207666,0.0,0.621130483048411,sedang,1
1.5023390229981632,Credit,Nashville,Online,-0.09544334663222778,Doctor,-0.14486867858880942,0.0,1.7844399828660396,sedang,1
-1.001714153441742,Credit,Oklahoma City,Online,1.5393826378168487,Retired,0.13848769696955168,0.0,-0.9409119074134772,tinggi,1
1.7531245268854898,Debit,Philadelphia,Branch,0.8629029201137824,Doctor,-1.079944717931401,0.0,1.6962124170059607,tinggi,1
-0.9097365658973123,Debit,Phoenix,Online,-0.9410429937610604,Student,-1.2074550869326635,0.0,1.0467978315290136,rendah,1
2.3790118556738786,Credit,Raleigh,Online,1.8776224966683817,Retired,-0.2865468663679899,0.0,-0.052466488962334905,tinggi,1
-0.31252352485932805,Debit,Boston,Online,1.2575160887739045,Retired,-1.320797637156008,0.0,0.5291037787576571,tinggi,0
1.917108472806335,Credit,Jacksonville,Online,0.6374096808794272,Retired,-1.2499585432664178,0.0,-0.1013535155608337,tinggi,0
-0.7421339798290516,Credit,Columbus,Branch,1.2575160887739045,Retired,-0.8957630738184662,0.0,-0.98129695373686,tinggi,0
0.7710988797913539,Credit,Fresno,Online,0.8065296103051937,Engineer,0.22349460963706,0.0,0.17657752526653447,tinggi,0
-0.9461519952288967,Debit,Oklahoma City,Branch,0.8629029201137824,Engineer,-0.7682527048172038,0.0,0.16084591768129286,tinggi,1
-0.8527086293969065,Debit,El Paso,Online,-1.1101629231868269,Student,-0.2015399537004816,0.0,-0.9273589162733196,rendah,0
0.0225900361342208,Debit,Chicago,Online,-0.9410429937610604,Student,-1.037441261597647,0.0,-1.0947104521312934,rendah,0
-0.3372127278904275,Debit,Milwaukee,ATM,-0.9974163035696493,Student,-0.7965883423730399,0.0,-1.04358336749584,rendah,1
-0.4579562143282343,Debit,Charlotte,ATM,0.35554313183648295,Doctor,-0.24404341003423577,0.0,2.3943117838414985,sedang,0
-0.6237265775370443,Debit,Colorado Springs,ATM,-0.1518166564408166,Doctor,1.6119408498730294,0.0,0.07007620595756146,sedang,0
0.23718913854739437,Credit,Sacramento,Branch,0.8065296103051937,Engineer,-0.2582112288121538,0.0,1.0361274750741254,tinggi,1
1.1450097598337732,Debit,Milwaukee,ATM,0.8065296103051937,Engineer,-1.1082803554872371,0.0,-0.5999725141226481,tinggi,1
0.3277467533757495,Debit,New York,ATM,-0.20818996624940544,Engineer,-0.15903649736672745,0.0,-0.659724462216959,sedang,1
2.4710352487897937,Debit,Austin,Branch,1.2575160887739045,Retired,-0.7824205235951218,0.0,-0.922141501096961,tinggi,0
-0.8445094321008643,Debit,Boston,Online,-0.8846696839524716,Doctor,-0.6690779733717774,0.0,-0.9716096627519041,rendah,0
0.10426137009423983,Debit,Fort Worth,ATM,-1.1101629231868269,Student,0.1668233345253878,0.0,-0.8166386076558879,rendah,0
0.2169430759504631,Debit,Indianapolis,Online,-1.1101629231868269,Student,-0.24404341003423577,0.0,-1.1973870323463116,rendah,0
0.43305376222268355,Debit,New York,Branch,1.088396159348138,Retired,-1.3916367310455982,0.0,0.6415060509525508,tinggi,1
-0.7822138548795375,Debit,Dallas,Branch,-0.7719230643352939,Doctor,-1.363301093489762,0.0,-1.0901407337359057,rendah,0
1.5924843876831418,Debit,Portland,ATM,-0.9410429937610604,Student,-0.5557354231484329,0.0,-1.124225456826208,rendah,1
0.008527725687936034,Debit,Charlotte,ATM,-0.9974163035696493,Student,0.05348078430204335,0.0,-0.9580899524740096,rendah,0
-1.1239692237385956,Credit,Austin,Branch,1.7085025672426153,Retired,-0.7824205235951218,0.0,0.552338940750115,tinggi,0
-0.8844060848654052,Debit,San Antonio,ATM,1.370262708391082,Retired,-0.27237904759007187,0.0,-0.03086208922077999,tinggi,1
0.8702679420591277,Credit,Miami,Branch,0.5810363710708383,Retired,0.33683715986040447,0.0,-0.8902149139211191,sedang,1
-0.8854138074381032,Debit,Dallas,ATM,-1.053789613378238,Engineer,0.23766242841497806,0.0,-0.17895680615992743,rendah,0
-0.8049334183367272,Debit,Charlotte,Online,0.18642320241071644,Engineer,-0.13070085981089136,0.0,-0.7806773559471996,sedang,0
-0.3933703585325941,Debit,Washington,Branch,1.088396159348138,Doctor,-0.7115814297055315,0.0,2.1182188706375977,tinggi,1
-0.9542595813819664,Debit,Austin,Branch,-1.2792828526125934,Student,-0.7115814297055315,0.0,-0.4448324946489874,rendah,0
0.31235608135636284,Debit,Jacksonville,Branch,0.8629029201137824,Doctor,-0.18737213492256358,0.0,2.1558185647961725,tinggi,0
2.2082944907445516,Debit,Philadelphia,Branch,-0.20818996624940544,Doctor,0.761871723197946,0.0,2.2414323029354164,sedang,1
-0.3503131213355006,Credit,Oklahoma City,Online,-0.6591764447181162,Engineer,-0.9099308925963843,0.0,1.2299628970947232,sedang,1
2.1236457946379255,Debit,Tucson,Branch,0.5246630612622495,Retired,-1.065776899153483,0.0,-0.5118268703850637,sedang,1
0.1585867778769555,Debit,Miami,ATM,0.693782990688016,Retired,0.22349460963706,0.0,0.5226933726724748,tinggi,1
-0.7264684743807472,Debit,Mesa,Online,-0.9410429937610604,Student,0.4076762537499947,0.0,-1.157188870864869,rendah,1
-0.7162080263678228,Credit,Milwaukee,Branch,-1.5047760918469486,Student,-0.21570777247839967,0.0,0.2685504681644015,rendah,1
-0.9662148355398829,Debit,Columbus,Branch,0.6374096808794272,Engineer,2.0511432319884895,0.0,0.15294811305957257,tinggi,0
0.006283252685108779,Debit,San Antonio,Online,-0.32093658586658314,Doctor,1.498598299649685,0.0,1.1421987032400032,sedang,1
0.140493577139879,Debit,El Paso,Online,-1.2792828526125934,Student,1.9236328629872268,0.0,-1.2578020376195613,rendah,0
1.1197708899448386,Credit,San Antonio,Online,-1.053789613378238,Engineer,0.37934061619415865,0.0,0.8753553096789788,rendah,1
-1.0569098670826969,Debit,Mesa,ATM,-0.9974163035696493,Student,-1.2357907244884996,0.0,-0.9382878394273303,rendah,1
0.8241875371439403,Debit,Jacksonville,ATM,-1.392029472229771,Student,0.8043751795317002,0.0,-1.0944595656311544,rendah,0
-0.6114506843787241,Credit,Baltimore,Online,-0.7719230643352939,Doctor,-1.5474827376026967,0.0,0.448356726707843,rendah,0
-0.537383075285426,Debit,Portland,Branch,-1.2229095428040044,Student,-1.2499585432664178,0.0,-0.903854947316427,rendah,1
-1.164965210218807,Debit,Baltimore,Online,1.0320228495395491,Retired,-1.2357907244884996,0.0,-0.05356987754968045,tinggi,0
-1.0728502059599188,Debit,Virginia Beach,ATM,1.088396159348138,Doctor,-0.24404341003423577,0.0,0.6608012708662963,tinggi,1
-0.5955103455015023,Debit,Austin,Branch,0.693782990688016,Retired,-1.1366159930430733,0.0,0.25604966428503023,tinggi,0
-0.963008445535844,Debit,Detroit,Online,0.5810363710708383,Doctor,-0.7257492484834496,0.0,-0.9057289158684851,sedang,0
-0.059722575826605694,Debit,San Francisco,Branch,0.693782990688016,Doctor,-1.0091056240418108,0.0,2.209848764647519,tinggi,1
-0.11601762318323124,Credit,Oklahoma City,Branch,0.8629029201137824,Retired,-0.3290503227017441,0.0,0.17661592626145362,tinggi,1
2.3173117508818732,Debit,Los Angeles,ATM,1.088396159348138,Doctor,1.767786856430128,0.0,-1.2528227086117019,tinggi,0
-1.020586048894085,Debit,Los Angeles,Branch,0.693782990688016,Engineer,-1.1507838118209912,0.0,-0.5180580718272897,tinggi,0
-0.7114900525047372,Credit,Tucson,Online,0.07367658279353874,Engineer,1.1302350114238155,0.0,-0.5243891158563055,sedang,1
0.24085358426629602,Debit,Fresno,Branch,-0.9974163035696493,Engineer,-1.0941125367093192,0.0,0.8867168840424127,rendah,0
0.003489112824446526,Credit,Fort Worth,Online,0.8065296103051937,Retired,2.4620099765481127,0.0,0.7296004933635761,tinggi,0
-0.800810916902963,Credit,Sacramento,Branch,-1.2229095428040044,Student,0.5210188039733392,0.0,-1.2322500156003102,rendah,1
1.008417545661717,Debit,San Diego,Online,-1.2229095428040044,Student,0.9602211860887988,0.0,-1.0102871448345456,rendah,1
0.35064953911888436,Debit,Philadelphia,ATM,1.3138893985824933,Doctor,-1.1932872681547455,0.0,1.4151478549931842,tinggi,1
-1.129282670031003,Debit,Fresno,ATM,0.1300498926021276,Engineer,1.1018993738679794,0.0,0.6913479822913741,sedang,0
-0.7232162788052222,Debit,Mesa,Branch,1.7085025672426153,Retired,-0.6549101545938594,0.0,0.1459258511220106,tinggi,1
-0.19104714927774097,Debit,Charlotte,Online,0.07367658279353874,Engineer,-0.07402958469921914,0.0,-0.2929027983505737,sedang,0
-0.1752900326864642,Credit,Memphis,Branch,0.9756495397309601,Doctor,-0.24404341003423577,0.0,2.24493447367205,tinggi,1
0.38953846931072733,Debit,Austin,ATM,-0.09544334663222778,Engineer,-0.42822505414717044,0.0,-0.2409769730208003,sedang,0
-0.9454649116566026,Debit,San Jose,Branch,-0.715549754526705,Doctor,-0.9666021677080565,0.0,1.201553841053482,rendah,1
0.8409523763079152,Debit,Colorado Springs,Branch,1.8776224966683817,Retired,-1.363301093489762,0.0,0.0057417391362232255,tinggi,0
-1.1673929055075793,Debit,Seattle,ATM,1.2011427789653157,Doctor,0.719368266864192,0.0,1.668724984842781,tinggi,1
-0.38196477123251305,Debit,Philadelphia,ATM,-0.7719230643352939,Engineer,0.5918578978629295,0.0,1.0180892477274026,rendah,1
0.833302845869708,Debit,San Antonio,Branch,-1.2792828526125934,Student,-0.6549101545938594,0.0,-0.8388369427855267,rendah,1
1.2036866969076847,Credit,Washington,Online,1.48300932800826,Retired,-1.122448174265155,0.0,-0.24102561428103145,tinggi,1
2.207103545885908,Debit,Chicago,Online,0.2991698220278941,Doctor,0.06764860307996141,0.0,2.368449993796566,sedang,0
-0.4841570012183807,Debit,Memphis,Online,1.088396159348138,Retired,-1.1507838118209912,0.0,-0.7537531383761684,tinggi,1
0.8596868550457993,Debit,Louisville,Online,-0.9974163035696493,Engineer,-1.4483080061572704,0.0,0.08289189799527025,rendah,0
-1.1522312613456243,Debit,Indianapolis,Online,0.41191644164507174,Doctor,2.221157057323506,0.0,1.5777888688077328,sedang,0
-0.7292626142414098,Credit,Milwaukee,Online,0.18642320241071644,Doctor,0.11015205941371557,0.0,1.8858723708456748,sedang,1
0.0005117506778388402,Debit,San Diego,Branch,-1.053789613378238,Engineer,-0.6832457921496955,0.0,-0.6578274530679494,rendah,1
2.1896058175781534,Credit,Boston,Branch,0.18642320241071644,Engineer,2.419506520214359,0.0,0.2921593998407396,sedang,0
-0.7904130521755798,Debit,Memphis,Branch,-0.32093658586658314,Doctor,0.3226693410824864,0.0,2.172279791284879,sedang,1
-0.2489453916363858,Credit,Virginia Beach,ATM,0.18642320241071644,Engineer,-0.7115814297055315,0.0,0.6006653128227932,sedang,1
-0.46652185619616676,Debit,Mesa,Branch,-1.1101629231868269,Student,-0.9382665301522204,0.0,-0.9424889082714933,rendah,1
1.0292132751164833,Debit,Atlanta,Branch,0.7501563004966048,Retired,2.235324876101424,0.0,0.26668929994398305,tinggi,0
-0.38439246652128534,Debit,Miami,Online,-1.392029472229771,Student,1.3144166555367502,0.0,-1.19924820056673,rendah,1
0.08589333592824547,Credit,Philadelphia,Branch,0.4682897514536606,Retired,1.6827799437626196,0.0,0.3103845120294029,sedang,1
-0.22737096746635285,Debit,Columbus,Online,0.8629029201137824,Engineer,0.1951589720812239,0.0,0.7660046365469995,tinggi,0
-0.5497505795867189,Debit,Chicago,Branch,-0.7719230643352939,Engineer,-1.4908114624910245,0.0,0.2888569142776865,rendah,0
-1.0559937556529715,Debit,Virginia Beach,ATM,-0.715549754526705,Doctor,-1.2216229057105816,0.0,0.607482769454119,rendah,1
0.2870256003244558,Credit,Virginia Beach,Branch,-0.8846696839524716,Engineer,-0.7115814297055315,0.0,-0.700053187081127,rendah,1
-0.3408771736093291,Debit,Kansas City,Branch,0.35554313183648295,Retired,0.25183024719289615,0.0,-0.5246912036830035,sedang,0
2.1060564551871974,Debit,Atlanta,ATM,-0.039070036823638944,Doctor,1.7252834000963737,0.0,0.4829790637270143,sedang,0
-0.15518138680399174,Credit,Fresno,ATM,1.1447694691567267,Doctor,0.43601189130583085,0.0,0.5810321641537584,tinggi,0
-0.8110713649158875,Debit,San Francisco,ATM,1.3138893985824933,Retired,0.6768648105304378,0.0,-0.02316908990529561,tinggi,1
1.536326757040975,Debit,Tucson,ATM,0.41191644164507174,Doctor,0.29433370352665034,0.0,1.207388232214876,sedang,1
-0.2594806730782278,Credit,San Antonio,Branch,0.41191644164507174,Retired,-0.15903649736672745,0.0,-0.18198280455956214,sedang,1
0.3986995836079813,Debit,Nashville,Online,1.0320228495395491,Retired,-0.31488250392382605,0.0,0.354663419237595,tinggi,1
-0.4339540948694291,Debit,Milwaukee,Branch,-0.20818996624940544,Engineer,0.4501797100837489,0.0,0.8898376048961817,sedang,1
-1.0110126844534546,Debit,Houston,Online,-1.2792828526125934,Student,1.6261086686509474,0.0,-0.8980154360223773,rendah,0
0.4492231289573369,Debit,Boston,ATM,1.6521292574340263,Retired,1.016892461200471,0.0,-0.31444319643392976,tinggi,0
-1.0005232085830988,Debit,Denver,ATM,-0.26456327605799435,Doctor,-0.03152612836546497,0.0,1.031416953030701,sedang,0
-1.1155409985851221,Debit,San Antonio,ATM,-1.2229095428040044,Student,-0.7965883423730399,0.0,-1.2513122694782124,rendah,1
-0.30775974542475604,Debit,Charlotte,ATM,-1.3356561624211822,Student,-0.8390917987067941,0.0,0.8592294518792332,rendah,0
-0.006954557474423098,Debit,Baltimore,ATM,1.9903691162855595,Retired,-1.3066298183780898,0.0,0.30459876212823994,tinggi,0
-0.1205981803318582,Credit,Memphis,Branch,0.35554313183648295,Engineer,-0.8957630738184662,0.0,1.131948197662899,sedang,1
-0.08748075214728514,Debit,Tucson,ATM,0.9192762299223713,Doctor,0.46434752886166697,0.0,1.7137872723473253,tinggi,1
-0.7870692454570821,Credit,Portland,ATM,-1.1101629231868269,Student,0.5351866227512573,0.0,-0.9731866636099201,rendah,1
0.8594578271883683,Debit,San Jose,Online,0.693782990688016,Retired,-0.824923979928876,0.0,0.2463111719735153,tinggi,1
-0.9200428194817231,Credit,Kansas City,Branch,-1.1665362329954156,Student,-0.45656069170300656,0.0,0.4982472993068975,rendah,0
-0.9249440156307539,Credit,Columbus,ATM,-0.20818996624940544,Engineer,2.206989238545588,0.0,0.7235920176918819,sedang,0
0.627086163038522,Debit,Charlotte,Online,-1.053789613378238,Student,-0.41405723536925243,0.0,-0.8529505884515052,rendah,0
1.1851354404557457,Debit,Columbus,ATM,-0.9974163035696493,Engineer,-0.8957630738184662,0.0,1.0672553215556477,rendah,0
0.34496964825458687,Debit,Dallas,ATM,0.8065296103051937,Doctor,-0.2015399537004816,0.0,1.1900847439042739,tinggi,0
-0.3613980696351779,Debit,Milwaukee,Online,-1.4484027820383598,Student,0.761871723197946,0.0,-1.2742914248378756,rendah,1
-0.07699127627692941,Debit,Atlanta,Online,-0.6591764447181162,Engineer,-1.2499585432664178,0.0,0.6929889848075889,sedang,0
0.9982487087917652,Debit,Boston,Online,0.07367658279353874,Engineer,2.3344996075468503,0.0,0.8688143402110713,sedang,0
0.892575255372941,Debit,Chicago,Online,-0.8846696839524716,Engineer,-0.22987559125631774,0.0,0.9968534975370723,rendah,0
-0.05949354796917442,Debit,Omaha,Branch,-0.32093658586658314,Engineer,-1.079944717931401,0.0,-0.13415564542083397,sedang,1
0.8164463955627608,Debit,San Francisco,Online,0.5810363710708383,Engineer,-0.5840710607042691,0.0,-0.7673547707765572,sedang,1
-0.5911588162103066,Debit,Miami,ATM,-1.392029472229771,Student,0.719368266864192,0.0,-1.037889779982483,rendah,1
-1.0704683162426327,Credit,Mesa,Online,0.1300498926021276,Doctor,-0.37155377903549824,0.0,1.3915824444444211,sedang,1
1.3239263220591426,Debit,Miami,Branch,-0.9974163035696493,Engineer,-1.1082803554872371,0.0,-0.06164688681435706,rendah,1
-1.0793087915394828,Debit,Nashville,Online,0.5810363710708383,Engineer,-1.1649516305989094,0.0,1.1455293495326637,sedang,1
0.7635409604961192,Credit,Kansas City,Branch,0.2991698220278941,Doctor,-0.541567604370515,0.0,0.09026488901976087,sedang,0
-0.6535918101460921,Debit,Atlanta,ATM,-1.4484027820383598,Student,-0.9524343489301385,0.0,-0.8930565875451416,rendah,0
0.08767975321621019,Credit,Washington,Online,1.5393826378168487,Retired,-0.7399170672613676,0.0,0.268867916389067,tinggi,1
1.5291810878891168,Debit,Washington,Branch,-0.9974163035696493,Student,-1.363301093489762,0.0,-1.0876728297957636,rendah,1
-0.47829388806813816,Debit,San Jose,ATM,-0.1518166564408166,Doctor,0.8043751795317002,0.0,1.0345171933538464,sedang,1
0.6363846940502347,Credit,El Paso,Branch,-0.09544334663222778,Doctor,-0.017358309587546913,0.0,0.3392543800096746,sedang,0
1.6413131268875052,Debit,Boston,Online,-1.053789613378238,Student,0.29433370352665034,0.0,-1.2509000987994128,rendah,0
-0.2245310220342041,Credit,Las Vegas,Online,-1.4484027820383598,Student,-1.2641263620443357,0.0,-1.2472110432208394,rendah,0
-0.16635794624664152,Debit,Seattle,ATM,0.693782990688016,Retired,0.46434752886166697,0.0,-0.8467987490654456,tinggi,1
0.11282701196217229,Debit,Philadelphia,ATM,-0.6028031349095274,Engineer,0.3226693410824864,0.0,-0.16981736936915243,sedang,1
-0.911202344184873,Credit,Sacramento,Branch,0.7501563004966048,Engineer,-0.31488250392382605,0.0,-0.37370617185960264,tinggi,1
-1.036847026771711,Credit,Seattle,Branch,-0.715549754526705,Doctor,-0.5840710607042691,0.0,1.633588074491692,rendah,1
0.7678466842158288,Debit,Oklahoma City,Online,-1.2792828526125934,Student,-0.045693947143383026,0.0,0.10003154206088338,rendah,1
-0.13026315591546103,Debit,Omaha,ATM,1.2575160887739045,Doctor,-0.045693947143383026,0.0,1.1514200621532726,tinggi,1
-0.8687863849885872,Debit,Seattle,Online,1.0320228495395491,Doctor,-1.0091056240418108,0.0,2.383326539228273,tinggi,1
-0.6327960806913258,Debit,Omaha,Online,-0.6591764447181162,Doctor,2.504513432881867,0.0,-1.1140056720450389,sedang,1
-0.16264769495625367,Debit,Louisville,ATM,-0.9974163035696493,Student,2.221157057323506,0.0,-1.0023637395495457,rendah,0
-0.020742034491790233,Credit,Seattle,ATM,-1.053789613378238,Student,0.7477039044200281,0.0,-0.9001735719368376,rendah,1
0.8093465319823889,Debit,Philadelphia,Branch,-0.377309895675172,Doctor,1.5836052123171933,0.0,0.32449047749639737,sedang,1
-0.3599322913476173,Debit,Oklahoma City,ATM,0.8065296103051937,Retired,-0.8532596174847121,0.0,-1.0147288599135356,tinggi,1
-0.09087036443726913,Debit,Tucson,Online,0.24279651221930526,Doctor,-0.059861765921301074,0.0,2.283729718805776,sedang,1
0.4158766729153324,Credit,Chicago,Online,-1.1101629231868269,Student,2.164485782211834,0.0,-0.9474221560854496,rendah,0
1.1948004160393482,Debit,Omaha,ATM,-0.7719230643352939,Doctor,-1.349133274711844,0.0,1.5885206668544918,rendah,1
-1.0104172120241333,Debit,Tucson,Branch,0.41191644164507174,Doctor,-0.6124066982601052,0.0,-1.256417041736141,sedang,1
-0.9633290845362479,Debit,San Francisco,ATM,-0.1518166564408166,Engineer,-1.2074550869326635,0.0,-0.16197332614031906,sedang,1
-0.22613421703622352,Debit,Miami,ATM,0.4682897514536606,Doctor,-1.5191471000468606,0.0,-0.8734720801363378,sedang,1
-0.26172514608105507,Debit,Indianapolis,ATM,-0.09544334663222778,Engineer,2.3486674263247687,0.0,0.6332677575092134,sedang,0
0.2338453318288966,Credit,Nashville,Online,0.9756495397309601,Retired,-0.41405723536925243,0.0,-0.6306113879355321,tinggi,1
-1.084576432260404,Debit,Memphis,ATM,-0.9974163035696493,Student,0.35100497863832253,0.0,-1.1918649692769274,rendah,1
-0.09284000401117876,Debit,Sacramento,ATM,1.9339958064769707,Retired,-0.10236522225505525,0.0,-0.41269342196792574,tinggi,1
-1.1749966303743002,Debit,Boston,ATM,-0.32093658586658314,Engineer,0.23766242841497806,0.0,0.5268022791288317,sedang,0
-1.1110520525794676,Debit,Phoenix,ATM,-1.2229095428040044,Student,-0.541567604370515,0.0,-0.8968685263074564,rendah,1
-0.11216995517838456,Credit,Atlanta,Branch,-0.6591764447181162,Engineer,0.478515347639585,0.0,-0.23413391572619488,sedang,0
0.27800190274166053,Debit,Miami,Online,-0.039070036823638944,Engineer,-0.21570777247839967,0.0,0.29104577098808226,sedang,1
-0.8344322063738848,Debit,Indianapolis,ATM,-0.09544334663222778,Engineer,2.3203317887689323,0.0,-0.42278520343269754,sedang,0
-0.8786803884296215,Credit,Austin,Online,-0.8846696839524716,Doctor,-0.7399170672613676,0.0,1.314434845651702,rendah,0
-1.1744011579449787,Debit,Kansas City,Branch,-0.6028031349095274,Engineer,0.7477039044200281,0.0,0.9137947055931209,sedang,0
0.4914558658676774,Debit,Fort Worth,ATM,1.0320228495395491,Doctor,-0.824923979928876,0.0,0.7929006933884233,tinggi,0
-0.15655555394857987,Debit,Detroit,Online,-0.32093658586658314,Doctor,-0.4423928729250885,0.0,2.397647550266815,sedang,0
1.7470323858778158,Debit,Phoenix,Branch,0.18642320241071644,Engineer,-0.7824205235951218,0.0,0.15231577667656931,sedang,1
-0.07158621884154956,Debit,Omaha,ATM,-0.7719230643352939,Engineer,-0.15903649736672745,0.0,-0.9932934245496254,rendah,1
-0.39245424710286875,Debit,New York,Online,0.35554313183648295,Retired,-1.0941125367093192,0.0,0.2625829535539541,sedang,1
-1.0040044320160555,Credit,San Jose,Online,-0.9974163035696493,Student,-0.14486867858880942,0.0,-1.2004232710112583,rendah,1
-1.0584214509417438,Debit,Memphis,Online,1.3138893985824933,Retired,-1.4341401873793524,0.0,-0.19693871204743552,tinggi,1
2.4412616273237187,Debit,Jacksonville,ATM,-0.26456327605799435,Doctor,-0.3573859602575802,0.0,2.2649618725555887,sedang,0
2.519909793565644,Debit,Seattle,Online,-1.1101629231868269,Student,-1.5333149188247788,0.0,-1.2796778043918786,rendah,1
1.071766651027228,Debit,Kansas City,ATM,-1.053789613378238,Engineer,-0.07402958469921914,0.0,0.9225091713734568,rendah,0
0.24937342056274198,Debit,Atlanta,Branch,0.24279651221930526,Doctor,1.1160671926458976,0.0,-1.2710350204687253,sedang,0
-0.7869776343141095,Debit,San Diego,ATM,0.35554313183648295,Retired,-1.0091056240418108,0.0,-0.1288332675250297,sedang,1
0.2332040538280889,Debit,Detroit,Branch,1.088396159348138,Doctor,-0.7965883423730399,0.0,-1.0340701610211844,tinggi,0
0.35193209512050005,Debit,Fort Worth,Online,-0.49005651529234967,Engineer,-0.7257492484834496,0.0,1.0591680720256593,sedang,0
0.5278712951992618,Debit,Houston,Branch,1.2011427789653157,Doctor,-0.7965883423730399,0.0,2.106916177799706,tinggi,0
1.1270997813826416,Credit,Fresno,Online,-1.053789613378238,Student,0.3085015223045684,0.0,-1.2184819788886048,rendah,0
-0.700954771062895,Debit,Oklahoma City,ATM,-0.49005651529234967,Doctor,-1.2074550869326635,0.0,0.497630323321862,sedang,1
-0.8584343258326902,Debit,Las Vegas,ATM,-0.8282963741438827,Engineer,0.6060257166408475,0.0,1.0703734823430886,rendah,0
-0.6707688994534433,Credit,San Diego,ATM,0.6374096808794272,Doctor,-0.8107561611509579,0.0,0.9058917808387451,tinggi,1
-0.023078118637589944,Debit,Mesa,ATM,0.9756495397309601,Doctor,-0.24404341003423577,0.0,1.714181522561829,tinggi,1
0.3537643179799507,Debit,New York,Branch,0.8065296103051937,Engineer,1.1444028302017337,0.0,0.5647450221753519,tinggi,1
-0.9362579917878625,Debit,Raleigh,Online,-0.9974163035696493,Student,-0.45656069170300656,0.0,-0.497436737555667,rendah,1
-0.5289090445604661,Debit,Denver,Online,0.07367658279353874,Engineer,-0.5982388794821871,0.0,-1.0447737983383358,sedang,0
-0.2067584602975315,Credit,Chicago,Online,0.2991698220278941,Doctor,1.215241924091324,0.0,1.836071400568099,sedang,0
0.23540272125942993,Debit,Las Vegas,ATM,0.8629029201137824,Retired,-1.363301093489762,0.0,-0.24325287198634632,tinggi,0
-0.6661425367333301,Debit,Chicago,Branch,-1.3356561624211822,Student,0.8752142734212905,0.0,-0.9975815356489386,rendah,0
1.9176581396641703,Debit,Charlotte,ATM,0.9192762299223713,Retired,0.5635222603070934,0.0,-0.8212211263829152,tinggi,0
0.1730155328951306,Debit,Omaha,Branch,0.8629029201137824,Retired,-0.6407423358159413,0.0,0.5823582785116356,tinggi,1
-0.6889537113334924,Credit,Phoenix,ATM,0.41191644164507174,Engineer,0.6343613541966836,0.0,1.1014194067021166,sedang,1
0.5711117546823004,Debit,Seattle,Online,-0.49005651529234967,Doctor,-0.569903241926351,0.0,0.1787203007830271,sedang,1
-1.150536455200632,Debit,Fresno,Branch,-0.26456327605799435,Engineer,-1.2216229057105816,0.0,0.08546220458853022,sedang,0
-0.21871371445544782,Debit,Virginia Beach,ATM,0.18642320241071644,Doctor,1.1869062865354878,0.0,1.0240260415419142,sedang,1
1.2137181170631774,Debit,Virginia Beach,ATM,0.1300498926021276,Engineer,-1.2074550869326635,0.0,-0.08956441012063221,sedang,1
1.5185541953043025,Debit,Charlotte,Online,-0.6591764447181162,Engineer,0.20932679085914196,0.0,0.8535717052944676,sedang,0
-0.5046320916727433,Debit,Albuquerque,Online,-1.392029472229771,Student,2.178653600989752,0.0,-0.9039752704338406,rendah,0
-0.9138132617595903,Debit,Atlanta,Online,-0.9974163035696493,Student,-0.541567604370515,0.0,-1.0240705419442186,rendah,0
0.17374842203891078,Debit,Philadelphia,Online,1.8212491868597929,Retired,-0.2582112288121538,0.0,-0.7241510914261033,tinggi,1
-0.43170962186660183,Debit,Indianapolis,Branch,1.088396159348138,Retired,-1.4199723686014343,0.0,0.5130419226161101,tinggi,0
-0.9192641247664564,Debit,Nashville,Branch,-0.7719230643352939,Doctor,-0.5982388794821871,0.0,2.090321827861946,rendah,1
1.2262688436504154,Debit,El Paso,ATM,-0.32093658586658314,Doctor,0.7902073607537822,0.0,0.8171573218457324,sedang,0
1.2759678887130181,Debit,San Diego,Branch,-1.2229095428040044,Student,-0.13070085981089136,0.0,-1.1389663187425336,rendah,1
-0.9161035403339037,Debit,Raleigh,ATM,0.017303272984949897,Engineer,0.9318855485329627,0.0,0.736522912714348,sedang,1
-0.6082442943746852,Credit,Albuquerque,Branch,0.9192762299223713,Doctor,1.4277592057600947,0.0,0.48864705057709173,tinggi,0
2.5012211203992463,Debit,Chicago,ATM,-1.4484027820383598,Student,0.7902073607537822,0.0,-0.8005793115806689,rendah,0
-0.2916819898330754,Debit,Charlotte,ATM,1.088396159348138,Retired,-0.14486867858880942,0.0,-0.7158590365898791,tinggi,0
1.3040008984626152,Credit,Indianapolis,Branch,0.18642320241071644,Engineer,0.5918578978629295,0.0,0.25253213315042944,sedang,0
-1.0840725709740548,Debit,San Antonio,ATM,1.8212491868597929,Retired,-0.4707285104809246,0.0,-0.3152572975262174,tinggi,1
-1.0116539624542624,Credit,Nashville,Branch,-0.26456327605799435,Doctor,0.1951589720812239,0.0,1.5479512957554968,sedang,1
0.07512902662897225,Debit,Fresno,Branch,0.35554313183648295,Retired,0.761871723197946,0.0,-0.742061315456429,sedang,0
1.8625082315947017,Debit,Albuquerque,ATM,1.2575160887739045,Retired,0.39350843497207666,0.0,0.2039036732510535,tinggi,0
0.39860797246500884,Debit,Charlotte,Branch,0.693782990688016,Engineer,-0.6974136109276136,0.0,-0.4664855356507732,tinggi,0
-0.8309509829409284,Debit,Fresno,ATM,1.8212491868597929,Retired,2.0794788695443254,0.0,-0.9367159587019702,tinggi,0
-0.778915853732526,Debit,Fort Worth,Branch,-0.6591764447181162,Doctor,0.6626969917525197,0.0,0.9458313756210649,sedang,0
-1.1118765528662207,Debit,Louisville,Branch,0.017303272984949897,Engineer,-0.6549101545938594,0.0,0.47320217042058027,sedang,0
-0.8863757244393148,Credit,Louisville,Branch,-1.2229095428040044,Student,0.06764860307996141,0.0,-1.1029999469011895,rendah,0
1.6005919738362115,Debit,Louisville,Branch,-0.8846696839524716,Doctor,-1.0941125367093192,0.0,1.1694301287703883,rendah,0
-1.1559873182074982,Debit,Baltimore,Branch,-0.9974163035696493,Student,0.18099115330330584,0.0,-0.9521045173992667,rendah,0
0.3749264920066073,Debit,Virginia Beach,Branch,-1.5047760918469486,Student,0.7052004480862739,0.0,-1.0145342948726115,rendah,1
-0.7288045585265469,Debit,Sacramento,Branch,1.370262708391082,Doctor,0.5210188039733392,0.0,0.7128243787165316,tinggi,1
-1.04999322578827,Credit,Fort Worth,ATM,0.5246630612622495,Retired,-1.320797637156008,0.0,-0.3638294359663785,sedang,0
0.12519451626346506,Debit,Memphis,ATM,0.35554313183648295,Retired,0.9885568236446349,0.0,-0.415051243055966,sedang,1
-0.8273781483649995,Debit,Los Angeles,Branch,-1.2792828526125934,Student,-0.7115814297055315,0.0,-1.1356151919192494,rendah,0
1.5009190502820886,Debit,Denver,ATM,1.6521292574340263,Retired,-0.6124066982601052,0.0,-0.47265273543480046,tinggi,0
0.8031627798317427,Debit,Las Vegas,Branch,-1.5047760918469486,Student,0.6060257166408475,0.0,-1.1320566997234016,rendah,0
-0.560148444314102,Debit,San Jose,Online,0.8065296103051937,Doctor,0.6485291729746017,0.0,2.4964763507909273,tinggi,1
-0.8940252548775218,Debit,Sacramento,ATM,-1.053789613378238,Student,-0.4707285104809246,0.0,0.15477856048405544,rendah,1
-1.1198925278763177,Debit,Fresno,Branch,-1.1101629231868269,Student,-1.3774689122676802,0.0,-0.8330358324863961,rendah,0
-0.19965859671715963,Debit,San Francisco,Branch,-1.1101629231868269,Student,-0.7965883423730399,0.0,-1.1323229466215081,rendah,1
-1.0164635474603207,Debit,Columbus,Branch,-0.7719230643352939,Engineer,-0.6690779733717774,0.0,-0.5863683216559314,rendah,0
0.36113901498924017,Debit,Tucson,Online,-1.1665362329954156,Student,0.3226693410824864,0.0,-1.0014625962021082,rendah,1
0.7655106000700289,Debit,San Diego,ATM,-0.09544334663222778,Doctor,-0.6265745170380232,0.0,0.8380551432807734,sedang,1
-0.16498377910205353,Debit,Louisville,Branch,-0.1518166564408166,Engineer,-1.2499585432664178,0.0,-0.2054918936491104,sedang,0
0.6837934605385239,Debit,Houston,ATM,-0.1518166564408166,Doctor,-0.18737213492256358,0.0,1.3826196522302745,sedang,0
0.7832373562352153,Debit,Phoenix,ATM,0.1300498926021276,Engineer,-1.2782941808222537,0.0,-0.4627964800721999,sedang,1
-1.0761482071069302,Debit,Phoenix,ATM,-0.9410429937610604,Student,-1.2641263620443357,0.0,-1.036453582772504,rendah,1
0.6268113296096044,Debit,San Diego,ATM,0.5810363710708383,Doctor,0.3085015223045684,0.0,1.2890108269488483,sedang,1
0.11484245710756814,Debit,Denver,Branch,-1.1101629231868269,Student,2.1219823258780797,0.0,-1.2481045063692935,rendah,0
-0.0778157765636823,Debit,Tucson,ATM,1.426636018199671,Retired,-0.9807699864859746,0.0,-0.9275586014468994,tinggi,1
-0.08702269643242247,Debit,Nashville,Branch,-1.053789613378238,Student,-1.4624758249351884,0.0,0.9809094044466108,rendah,1
0.9273416841310199,Credit,Kansas City,Online,1.088396159348138,Retired,-0.14486867858880942,0.0,-1.048268288875985,tinggi,0
-0.2764287345281476,Debit,Oklahoma City,Branch,-0.20818996624940544,Engineer,-0.7682527048172038,0.0,0.6184475335367214,sedang,1
0.40323433518512203,Debit,Houston,Branch,0.7501563004966048,Retired,-1.334965455933926,0.0,0.6007523550779432,tinggi,0
-0.582730591056833,Credit,San Jose,ATM,-1.2229095428040044,Student,0.06764860307996141,0.0,-1.1470458880735384,rendah,1
-1.100745798995057,Debit,Houston,ATM,-1.3356561624211822,Student,1.4277592057600947,0.0,-1.1246017865764164,rendah,0
0.09244353265078208,Credit,Denver,ATM,0.07367658279353874,Doctor,1.526933937205521,0.0,0.8923285494332751,sedang,0
-1.1168235545867375,Debit,Charlotte,Branch,0.35554313183648295,Doctor,-1.0941125367093192,0.0,0.24976982158257335,sedang,0
-0.26483992494212133,Debit,Memphis,ATM,-1.2792828526125934,Student,0.9318855485329627,0.0,-1.1026671382785562,rendah,1
1.9589289595732993,Debit,Fort Worth,Branch,-0.8846696839524716,Doctor,-0.6124066982601052,0.0,0.2964091099451337,rendah,0
-0.9661232243969102,Debit,Nashville,ATM,-1.053789613378238,Student,-1.363301093489762,0.0,-1.1664307103087619,rendah,1
2.31268538816176,Debit,Columbus,ATM,-1.4484027820383598,Student,-1.3066298183780898,0.0,-1.2671129988543088,rendah,0
0.3414426192501442,Debit,Miami,ATM,-0.1518166564408166,Engineer,0.039312965524125304,0.0,-1.089631280536644,sedang,1
1.5846974405304757,Debit,Baltimore,Branch,0.8629029201137824,Retired,0.761871723197946,0.0,0.5931361577522973,tinggi,0
-0.8827570842918995,Credit,Indianapolis,Branch,0.693782990688016,Doctor,1.4560948433159309,0.0,-1.042387816520688,tinggi,0
-0.7429584801158045,Credit,New York,ATM,-0.9410429937610604,Student,0.35100497863832253,0.0,-1.1556272304048205,rendah,1
-0.46391093862144944,Credit,Austin,Branch,-1.4484027820383598,Student,-0.7824205235951218,0.0,-1.2726145813930694,rendah,0
0.20407171036282132,Credit,Denver,Online,0.1300498926021276,Doctor,-0.21570777247839967,0.0,1.3946647643032706,sedang,0
-0.5520866637325186,Debit,Nashville,Online,1.6521292574340263,Retired,-0.7682527048172038,0.0,-0.18326539778986423,tinggi,1
-1.1563537627793885,Debit,Philadelphia,ATM,-1.053789613378238,Student,-0.7965883423730399,0.0,-0.9398520399537068,rendah,1
0.7897417473862657,Debit,Seattle,Online,-0.8846696839524716,Engineer,-0.17320431614464551,0.0,-0.020770307756008178,rendah,1
-0.5418720212910805,Credit,Austin,Branch,0.8629029201137824,Engineer,-0.37155377903549824,0.0,0.8125543225880817,tinggi,0
-1.025166606042712,Debit,Washington,Branch,-1.3356561624211822,Student,-1.2924619996001718,0.0,-1.066250194763493,rendah,1
-0.8265536480782466,Debit,Sacramento,Online,-0.8282963741438827,Doctor,-0.5557354231484329,0.0,1.659821074154177,rendah,1
-1.060482701658626,Debit,Oklahoma City,ATM,-1.4484027820383598,Student,-1.334965455933926,0.0,-0.8853917489592646,rendah,1
0.33928975739028966,Debit,Kansas City,ATM,-0.49005651529234967,Engineer,-1.2924619996001718,0.0,0.353426907201196,sedang,0
-0.4731178584901896,Debit,Denver,Online,-0.4336832054837608,Doctor,-1.4624758249351884,0.0,0.13289255344642636,sedang,0
-0.179687367549146,Debit,Omaha,Online,-0.9974163035696493,Student,0.010977327968289194,0.0,-0.8805890645280339,rendah,1
-0.5732488377591752,Credit,Denver,Branch,0.4682897514536606,Engineer,-0.8532596174847121,0.0,-0.5484639796043305,sedang,0
-0.8627400495523996,Debit,Nashville,Online,1.2575160887739045,Retired,-0.9949378052638926,0.0,0.4051300067604378,tinggi,1
0.9792393966249634,Debit,Tucson,Branch,0.693782990688016,Doctor,0.11015205941371557,0.0,1.886719752800226,tinggi,1
0.5886552885615418,Debit,Miami,Branch,-0.377309895675172,Doctor,2.1219823258780797,0.0,0.021329983007099883,sedang,1
0.08717589192986117,Debit,Seattle,ATM,-1.1101629231868269,Student,-0.10236522225505525,0.0,-0.8712499425636788,rendah,1
-0.7599065415657241,Credit,Colorado Springs,ATM,1.0320228495395491,Retired,-0.8957630738184662,0.0,-0.30841936036426776,tinggi,0
-0.2317224967575484,Debit,Baltimore,ATM,1.6521292574340263,Retired,-0.8957630738184662,0.0,-0.37114354546532646,tinggi,0
-0.6416365559881758,Debit,Philadelphia,ATM,0.35554313183648295,Engineer,1.3144166555367502,0.0,-0.1588218844906147,sedang,1
-0.7573414295624931,Debit,Omaha,ATM,0.1300498926021276,Doctor,-0.5982388794821871,0.0,-1.1349162938117197,sedang,1
1.0648500097328013,Debit,Louisville,Branch,-0.09544334663222778,Engineer,-1.1791194493768273,0.0,0.12657174968272236,sedang,0
0.7221327238725316,Credit,Phoenix,Online,0.7501563004966048,Doctor,-0.15903649736672745,0.0,1.947895097772876,tinggi,1
-1.0464661967838274,Debit,Tucson,Branch,0.017303272984949897,Doctor,1.994471956876817,0.0,0.9707280206603611,sedang,1
0.9125006789694684,Debit,Detroit,Branch,1.3138893985824933,Doctor,-1.4058045498235163,0.0,1.696990677169657,tinggi,0
-0.9252646546311577,Debit,Kansas City,Online,0.41191644164507174,Retired,0.06764860307996141,0.0,-0.4109679372628886,sedang,0
-1.0394121387749418,Credit,Denver,Online,1.3138893985824933,Doctor,-0.7965883423730399,0.0,0.7050929784061281,tinggi,0
-0.5669734744655562,Debit,Las Vegas,Online,-0.5464298251009385,Engineer,0.33683715986040447,0.0,0.9581376144595118,sedang,0
0.9687041151831213,Debit,Fresno,Online,1.370262708391082,Retired,0.46434752886166697,0.0,-0.10004020153459625,tinggi,0
-0.05138596181610464,Debit,San Antonio,Branch,-1.2229095428040044,Student,0.11015205941371557,0.0,-0.824595293803151,rendah,1
-0.7935278310366461,Debit,San Jose,ATM,0.1300498926021276,Doctor,1.0310602799783892,0.0,2.252455948543561,sedang,1
0.340709730106364,Credit,Oklahoma City,Branch,0.9192762299223713,Doctor,0.5918578978629295,0.0,1.923233978835751,tinggi,1
-0.9131261781872962,Credit,Detroit,Online,-1.1665362329954156,Student,0.8185429983096183,0.0,-1.1099582071805527,rendah,0
-0.4547498243241955,Debit,Indianapolis,Branch,-0.09544334663222778,Doctor,0.5635222603070934,0.0,0.6247452967034738,sedang,0
-0.12156009733306977,Debit,Colorado Springs,Online,0.07367658279353874,Engineer,-1.349133274711844,0.0,0.833575027206864,sedang,0
0.22482163424610163,Debit,El Paso,ATM,1.5393826378168487,Retired,-0.4423928729250885,0.0,-0.9357917747575808,tinggi,0
-0.6436061955620855,Debit,Fresno,Branch,-0.9974163035696493,Student,0.35100497863832253,0.0,-0.8716160320485754,rendah,0
1.2865489757263466,Credit,Mesa,Online,-1.4484027820383598,Student,0.7902073607537822,0.0,-0.8434732229054409,rendah,1
1.2886560320147147,Credit,Washington,Branch,-0.9974163035696493,Engineer,1.8811294066534725,0.0,0.2066557445535978,rendah,1
-0.17130494796715873,Debit,Washington,Online,-0.1518166564408166,Engineer,-1.363301093489762,0.0,-0.22875265630484765,sedang,1
-0.9072630650370537,Debit,Memphis,Online,-0.9974163035696493,Engineer,1.016892461200471,0.0,0.5532016831026335,rendah,1
2.120439404633886,Debit,San Francisco,Branch,-1.4484027820383598,Student,1.002724642422553,0.0,-1.1290639821860302,rendah,1
-0.42882387086296686,Debit,Miami,Online,-1.053789613378238,Student,1.3852557494263404,0.0,-0.8480327010355166,rendah,1
0.15748744416128524,Credit,Baltimore,Online,-0.20818996624940544,Engineer,-0.27237904759007187,0.0,-0.3643440092982961,sedang,0
-0.9175693186214644,Debit,Omaha,ATM,-0.1518166564408166,Engineer,0.46434752886166697,0.0,0.46347135830804914,sedang,1
-0.27958931896070016,Debit,Raleigh,Online,-0.32093658586658314,Doctor,0.9460533673108807,0.0,1.7733241748700885,sedang,1
-0.8706644134195243,Credit,Austin,Branch,-0.49005651529234967,Doctor,-1.065776899153483,0.0,-1.2585521370536499,sedang,0
-0.6863885993302613,Debit,Omaha,Branch,-0.377309895675172,Engineer,0.46434752886166697,0.0,0.17167499824851354,sedang,1
-0.6858847380439124,Credit,Philadelphia,Online,-1.1101629231868269,Student,0.7902073607537822,0.0,-1.2562275968278729,rendah,1
-0.09847408930398989,Debit,Washington,Branch,-1.053789613378238,Student,-0.7257492484834496,0.0,-1.1607294425964214,rendah,1
-0.780931298877922,Credit,Indianapolis,Branch,0.41191644164507174,Retired,-1.349133274711844,0.0,-0.9089085182477968,sedang,0
0.3717201020025685,Debit,Colorado Springs,ATM,1.426636018199671,Doctor,-0.059861765921301074,0.0,1.0081075491147322,tinggi,0
1.4671145385252216,Credit,San Jose,Branch,-0.26456327605799435,Engineer,-0.7540848860392857,0.0,0.3941729228768195,sedang,1
-0.19929215214526944,Debit,Omaha,ATM,0.41191644164507174,Retired,0.5918578978629295,0.0,0.0767067777469472,sedang,1
2.8723836661524893,Credit,Tucson,Online,0.4682897514536606,Retired,0.13848769696955168,0.0,-0.7061103040130524,sedang,1
-0.8567395196876982,Credit,New York,Branch,-0.9974163035696493,Student,0.2659980659708142,0.0,-1.2708276550961615,rendah,1
2.3457112052033606,Debit,Indianapolis,Branch,1.088396159348138,Retired,-0.9382665301522204,0.0,0.45040989990285757,tinggi,0
-0.35370273362548454,Debit,Tucson,Online,-1.1665362329954156,Student,-0.0031904908096288594,0.0,-1.201068407725901,rendah,1
0.7744426865098517,Debit,Jacksonville,ATM,-1.2229095428040044,Student,-1.0232734428197288,0.0,-1.2076426580560722,rendah,0
0.029781510857565106,Debit,Denver,ATM,1.088396159348138,Retired,-0.9099308925963843,0.0,-0.6886045704625426,tinggi,0
-0.6587220341525544,Credit,Tucson,Online,-0.49005651529234967,Doctor,-1.5191471000468606,0.0,0.4237724097605565,sedang,1
-1.1259846688839916,Debit,Austin,Online,-0.1518166564408166,Doctor,-1.0941125367093192,0.0,0.7114035419045203,sedang,0
2.786498219615734,Debit,Houston,Branch,-1.1665362329954156,Student,0.5918578978629295,0.0,1.0743799861463275,rendah,0
-0.48021772207056146,Debit,Albuquerque,ATM,0.35554313183648295,Engineer,-0.7965883423730399,0.0,0.6222543521663804,sedang,0
0.06207443875538529,Debit,Jacksonville,ATM,-1.1101629231868269,Student,-0.21570777247839967,0.0,-1.075653318386047,rendah,0
0.021124257846660197,Credit,Oklahoma City,Online,0.2991698220278941,Engineer,-0.3290503227017441,0.0,0.41855243451787005,sedang,1
-0.7184983049421363,Credit,Washington,Online,1.5957559476254375,Retired,0.46434752886166697,0.0,-0.5281012120318305,tinggi,1
0.6589210352214794,Debit,Las Vegas,Online,-0.715549754526705,Engineer,-1.320797637156008,0.0,1.0085427603904837,rendah,0
0.7082994412836783,Debit,Fort Worth,ATM,-1.053789613378238,Student,0.010977327968289194,0.0,-1.1018991183801718,rendah,0
-0.23914299933832414,Debit,Las Vegas,Online,0.41191644164507174,Engineer,-0.3857215978134163,0.0,1.049296456265091,sedang,0
0.7545172629133242,Debit,San Jose,Online,0.4682897514536606,Engineer,0.35100497863832253,0.0,0.7519063512789887,sedang,1
-0.2906742672603775,Debit,Memphis,ATM,-1.5047760918469486,Student,2.3486674263247687,0.0,-1.028896266972401,rendah,1
0.5505908586564516,Debit,Chicago,ATM,-0.6028031349095274,Engineer,-0.7824205235951218,0.0,-0.3297216722791247,sedang,0
-0.9286542669211417,Credit,Boston,Branch,-0.9410429937610604,Engineer,-1.4483080061572704,0.0,-1.0649624814005352,rendah,0
-1.0935543242717127,Debit,Louisville,ATM,0.693782990688016,Retired,-0.7540848860392857,0.0,0.35163230070530427,tinggi,0
0.6952448534100912,Credit,Fort Worth,Online,0.18642320241071644,Engineer,0.5635222603070934,0.0,-0.6662142303583077,sedang,0
-0.4339540948694291,Debit,Baltimore,Branch,1.088396159348138,Doctor,1.4419270245380127,0.0,1.1463792915535425,tinggi,0
-0.41925050642233647,Debit,Boston,ATM,0.24279651221930526,Doctor,-1.2924619996001718,0.0,0.5749520066248814,sedang,0
2.748617011996589,Debit,New York,Branch,-0.49005651529234967,Engineer,0.43601189130583085,0.0,0.8906158650598781,sedang,1
0.06587630118874586,Credit,Louisville,ATM,0.017303272984949897,Doctor,-0.45656069170300656,0.0,0.4511369587399949,sedang,0
0.23288341482768504,Credit,Detroit,Online,1.7085025672426153,Retired,0.6060257166408475,0.0,-0.7803010261969912,tinggi,0
0.4183501737755911,Debit,El Paso,ATM,-1.3356561624211822,Student,0.8752142734212905,0.0,-0.8225421206081364,rendah,0
1.3784807576992897,Credit,Phoenix,Branch,-1.053789613378238,Student,-0.24404341003423577,0.0,-0.9757262494072447,rendah,1
0.31496699893108043,Debit,Dallas,ATM,1.370262708391082,Doctor,-0.4423928729250885,0.0,2.221187298414002,tinggi,0
-0.09622961630116263,Credit,Memphis,Online,0.4682897514536606,Engineer,0.7052004480862739,0.0,-0.25090235017425555,sedang,1
1.5880870528204598,Debit,Albuquerque,Online,-0.039070036823638944,Doctor,-1.320797637156008,0.0,1.3867003979570236,sedang,0
0.061433160754577575,Debit,Tucson,ATM,-0.7719230643352939,Engineer,-1.0941125367093192,0.0,0.0804265541214561,rendah,1
-0.6113132676642653,Debit,Sacramento,Online,0.8065296103051937,Doctor,-1.122448174265155,0.0,2.1611051017633858,tinggi,1
1.4670687329537353,Debit,Virginia Beach,ATM,-0.32093658586658314,Engineer,-0.7115814297055315,0.0,0.0422585252380764,sedang,1
-0.753951817272509,Debit,Philadelphia,Branch,0.8629029201137824,Engineer,-0.37155377903549824,0.0,0.47019921261789693,tinggi,1
2.745456427564036,Credit,Colorado Springs,Branch,-0.6591764447181162,Doctor,-0.14486867858880942,0.0,1.9430847331426615,sedang,0
-0.024269063496233045,Debit,Tucson,Branch,0.18642320241071644,Doctor,0.8185429983096183,0.0,-1.2406239925590288,sedang,1
-1.0453210574966707,Debit,San Diego,Branch,0.6374096808794272,Retired,0.37934061619415865,0.0,-0.4397942841155854,tinggi,1
-0.3246161957317033,Debit,Denver,Online,-1.2229095428040044,Student,-1.4199723686014343,0.0,-0.8509409363840659,rendah,0
-0.06302057697361711,Credit,Jacksonville,Online,-1.1665362329954156,Student,-0.37155377903549824,0.0,-1.272240811709189,rendah,0
-1.1206712225915842,Debit,New York,Branch,1.764875877051204,Retired,-0.5982388794821871,0.0,-0.049043680281868195,tinggi,1
-0.11322348332256872,Debit,Omaha,ATM,-0.4336832054837608,Engineer,-0.9666021677080565,0.0,0.4068094102715717,sedang,1
-0.26667214780157217,Credit,Tucson,Branch,-0.9974163035696493,Student,-0.49906414803676075,0.0,-0.999639828976609,rendah,1
