TransactionAmount,TransactionType,Location,Channel,CustomerAge,CustomerOccupation,TransactionDuration,LoginAttempts,AccountBalance,AgeGroup,Target
757.4777329352319,Debit,San Diego,ATM,10673.46447485665,Doctor,2985.368267803955,5100.811912596401,5112.21,tinggi,1
7237.187861011347,Debit,Houston,ATM,10233.059402588307,Doctor,6305.864761956837,5100.811912596401,13758.91,tinggi,0
2764.998032176265,Debit,Mesa,Online,-556.8648679860908,Student,1601.8280619069214,5100.811912596401,1122.3499999999995,rendah,1
3806.5110145186936,Debit,Raleigh,Online,984.5528849531083,Student,-113.76179340540057,5100.811912596401,8569.06,rendah,1
2154.153620268164,Debit,Oklahoma City,ATM,-777.0674041202619,Student,8021.454617269159,5100.811912596401,781.6800000000003,rendah,1
632.0524450771236,Credit,Seattle,ATM,3406.780782428994,Doctor,6195.181545485075,5100.811912596401,13316.71,sedang,1
3572.479236318402,Credit,Indianapolis,Branch,10012.856866454134,Retired,14607.105997339044,5100.811912596401,2796.24,tinggi,0
2406.0777362513527,Credit,Detroit,Branch,6489.616288307394,Engineer,3262.0763089833617,5100.811912596401,9095.14,sedang,0
15104.806630906776,Debit,Nashville,ATM,7370.426432844079,Doctor,5143.6909890033285,5100.811912596401,1021.8799999999997,sedang,1
823.5004593541207,Credit,Albuquerque,Online,6709.818824441565,Engineer,1767.8528866145648,5100.811912596401,7599.52,sedang,0
3905.276719080285,Debit,Memphis,Online,-116.45979571774842,Student,8076.796225505041,5100.811912596401,1528.81,rendah,1
9353.493573972395,Credit,Mesa,Branch,544.147812684766,Student,4645.616514880396,5100.811912596401,1620.02,rendah,1
14492.888678731702,Debit,Memphis,ATM,984.5528849531083,Student,5309.715813710973,5100.811912596401,189.6899999999996,rendah,1
3493.2161799401692,Debit,Louisville,Online,-777.0674041202619,Student,5918.473504305668,5100.811912596401,299.9300000000003,rendah,0
8833.36331462358,Debit,Denver,ATM,3186.5782462948227,Engineer,5641.76546312626,5100.811912596401,3465.54,sedang,0
10449.936033308317,Credit,Austin,Branch,-556.8648679860908,Student,7246.67210196682,5100.811912596401,1131.2600000000007,rendah,0
9325.044756897587,Debit,Columbus,Online,3847.1858546973367,Engineer,11452.634327893804,5100.811912596401,5109.97,sedang,0
839.603563358728,Credit,Albuquerque,Branch,8251.236577380765,Retired,4368.908473700989,5100.811912596401,7948.37,tinggi,0
1784.318998295685,Credit,Columbus,Online,-777.0674041202619,Student,7855.429792561516,5100.811912596401,6568.59,rendah,0
1566.748170855658,Debit,Los Angeles,Branch,10893.667010990823,Retired,605.6791136610573,5100.811912596401,5750.89,tinggi,0
2040.0005052132815,Debit,Las Vegas,Branch,3626.983318563165,Doctor,3649.4675666345315,5100.811912596401,9146.19,sedang,0
3109.4255344970297,Debit,Raleigh,Online,-116.45979571774842,Student,3815.4923913421753,5100.811912596401,1930.96,rendah,1
639.388303568111,Credit,Houston,Online,9572.451794185792,Retired,13776.981873800822,5100.811912596401,3634.67,tinggi,0
1226.7937529806172,Debit,Milwaukee,Branch,3406.780782428994,Engineer,3760.1507831062945,5100.811912596401,2686.52,sedang,1
2785.753144004425,Debit,Las Vegas,Online,4948.198535368194,Doctor,9404.994823166195,5100.811912596401,1772.06,sedang,0
1510.3873068395337,Debit,Detroit,Branch,1204.75542108728,Student,14164.37313145199,5100.811912596401,1351.69,rendah,0
1011.9067762080249,Credit,Miami,Online,8251.236577380765,Doctor,-390.46983458480827,5100.811912596401,8334.47,tinggi,1
1563.1697032990792,Debit,Baltimore,ATM,1645.1604933556227,Doctor,12725.491317319076,5100.811912596401,9823.64,rendah,0
16211.44772277895,Debit,Los Angeles,Online,103.74274041642275,Student,6803.939236079769,5100.811912596401,399.0,rendah,0
5072.572836036479,Credit,San Francisco,Branch,5168.401071502365,Doctor,1269.778412491633,5100.811912596401,14815.869999999999,sedang,1
2737.622755368432,Debit,Seattle,Branch,6049.211216039051,Engineer,993.0703713122266,5100.811912596401,5764.72,sedang,1
1903.3030445519494,Debit,Milwaukee,Branch,984.5528849531083,Student,6527.231194900362,5100.811912596401,900.6099999999997,rendah,1
6510.5800236479035,Debit,Oklahoma City,Online,7370.426432844079,Retired,10456.48537964794,5100.811912596401,1019.3899999999999,sedang,1
6382.470885122362,Debit,San Antonio,ATM,9132.04672191745,Retired,5088.349380767447,5100.811912596401,4323.66,tinggi,1
1114.072024948367,Debit,Philadelphia,Online,3626.983318563165,Doctor,-445.8114428206891,5100.811912596401,14214.48,sedang,1
4824.942881121186,Credit,Charlotte,Online,7810.831505112422,Doctor,4922.324556059803,5100.811912596401,13357.02,tinggi,0
1495.1788197240708,Debit,Tucson,ATM,-556.8648679860908,Student,4977.666164295684,5100.811912596401,241.78999999999996,rendah,1
5950.192004287573,Debit,Louisville,Branch,1204.75542108728,Student,328.97107248164957,5100.811912596401,868.6099999999997,rendah,0
3448.4853354829265,Debit,Baltimore,Branch,984.5528849531083,Student,2653.318618388667,5100.811912596401,1509.27,rendah,0
9634.761123919534,Debit,Oklahoma City,Online,-556.8648679860908,Student,4313.566865465108,5100.811912596401,781.6999999999998,rendah,1
11722.081249672287,Debit,Denver,Online,984.5528849531083,Student,6139.839937249193,5100.811912596401,265.5100000000002,rendah,0
8115.701646151585,Credit,Kansas City,Online,10453.261938722479,Retired,5199.03259723921,5100.811912596401,3907.54,tinggi,0
2033.9171103670965,Debit,Virginia Beach,Branch,10012.856866454134,Doctor,6527.231194900362,5100.811912596401,14904.899999999998,tinggi,1
3538.12594777524,Debit,San Diego,Branch,1424.9579572214516,Student,6361.206370192718,5100.811912596401,918.8800000000001,rendah,1
2377.4499957987173,Debit,Omaha,ATM,8911.844185783279,Retired,3483.4427419268877,5100.811912596401,4477.78,tinggi,1
6176.351153863389,Debit,Mesa,Branch,764.3503488189372,Student,3096.0514842757175,5100.811912596401,1324.0299999999997,rendah,1
1588.5768229507926,Credit,Columbus,Branch,7810.831505112422,Retired,1380.4616289633955,5100.811912596401,3534.93,tinggi,0
5739.957035338534,Credit,Dallas,Branch,10233.059402588307,Retired,1878.5361030863278,5100.811912596401,4638.37,tinggi,0
7421.121093419528,Debit,Indianapolis,Branch,5829.0086799048795,Engineer,52.26303130224278,5100.811912596401,5630.61,sedang,0
2510.56898890347,Debit,Kansas City,Branch,323.9452765505948,Student,1325.1200207275142,5100.811912596401,930.3000000000002,rendah,0
6761.251675986289,Debit,Las Vegas,Online,5829.0086799048795,Engineer,11009.901462006754,5100.811912596401,6651.62,sedang,0
11265.826636208416,Credit,Philadelphia,Branch,7590.628968978251,Engineer,4258.225257229226,5100.811912596401,8458.29,tinggi,1
608.6134825815288,Debit,Charlotte,Online,6269.413752173222,Doctor,5365.0574219468535,5100.811912596401,13988.119999999999,sedang,0
4107.639059404849,Credit,Nashville,Branch,4507.793463099851,Engineer,8796.2371325715,5100.811912596401,2585.07,sedang,1
5844.80613474631,Debit,Indianapolis,Branch,7590.628968978251,Retired,10954.559853770872,5100.811912596401,3014.75,tinggi,0
9828.356218730478,Debit,Albuquerque,Branch,764.3503488189372,Student,5586.4238548903795,5100.811912596401,1951.42,rendah,0
2603.7880687523634,Credit,Austin,Online,8471.439113514936,Engineer,-611.8362675283333,5100.811912596401,3665.77,tinggi,0
2894.8964044800964,Debit,Atlanta,ATM,4948.198535368194,Engineer,10677.851812591465,5100.811912596401,3846.28,sedang,0
3067.736387462881,Debit,Dallas,Online,2966.375710160651,Engineer,5973.815112541549,5100.811912596401,6374.82,sedang,0
948.56790045657,Debit,Boston,ATM,8911.844185783279,Retired,1546.4864536710397,5100.811912596401,5866.01,tinggi,0
4690.750347749459,Credit,Jacksonville,Online,984.5528849531083,Student,13998.348306744349,5100.811912596401,6537.62,rendah,0
2143.060370842768,Debit,Milwaukee,Branch,4948.198535368194,Doctor,2321.268968973379,5100.811912596401,14676.05,sedang,1
2657.6440054788836,Debit,Miami,Branch,-556.8648679860908,Student,2764.00183486043,5100.811912596401,1362.3900000000003,rendah,1
3623.1145522440006,Debit,Seattle,Online,6269.413752173222,Doctor,2210.5857525016163,5100.811912596401,10528.34,sedang,1
3792.3760676702054,Debit,Denver,ATM,3626.983318563165,Engineer,4147.542040757464,5100.811912596401,552.5199999999995,sedang,0
5155.772206726951,Debit,Denver,Online,6049.211216039051,Doctor,7910.771400797397,5100.811912596401,7176.86,sedang,0
3273.498271966195,Debit,San Diego,Online,2746.1731740264795,Doctor,7191.3304937309385,5100.811912596401,1523.7200000000003,sedang,1
944.8105095221617,Debit,Mesa,Branch,9352.249258051621,Doctor,2321.268968973379,5100.811912596401,9869.93,tinggi,1
677.3200596678525,Credit,San Diego,Online,8031.034041246593,Doctor,8408.84587492033,5100.811912596401,12883.91,tinggi,1
7536.347748741384,Debit,Kansas City,Online,544.147812684766,Student,4036.8588242857013,5100.811912596401,791.6499999999996,rendah,0
13332.928420266497,Credit,Milwaukee,Online,8471.439113514936,Retired,384.3126807175313,5100.811912596401,4064.02,tinggi,1
4632.421326577215,Debit,Houston,Branch,-116.45979571774842,Student,5973.815112541549,5100.811912596401,618.0500000000002,rendah,0
12031.081923182915,Debit,San Antonio,ATM,1645.1604933556227,Engineer,2487.2937936810226,5100.811912596401,1143.52,rendah,1
9606.849076978215,Credit,Mesa,Branch,6489.616288307394,Engineer,5531.082246654498,5100.811912596401,7708.41,sedang,1
15868.272684102987,Credit,San Francisco,Branch,1204.75542108728,Student,8740.895524335618,5100.811912596401,1872.96,rendah,1
959.1243797484794,Debit,Louisville,ATM,7810.831505112422,Engineer,2819.343443096311,5100.811912596401,201.03999999999996,tinggi,0
3146.641597085456,Debit,Charlotte,Branch,10893.667010990823,Retired,5863.131896069786,5100.811912596401,2115.8,tinggi,0
2563.3513853630157,Debit,San Antonio,Branch,3406.780782428994,Doctor,8187.479441976803,5100.811912596401,7643.66,sedang,1
7364.760229403402,Debit,Fort Worth,Branch,1865.3630294897944,Engineer,-169.1034016412832,5100.811912596401,8901.93,rendah,0
4015.1356730672715,Debit,Virginia Beach,Branch,1204.75542108728,Engineer,6582.572803136244,5100.811912596401,9418.86,rendah,1
2830.305065083838,Debit,Las Vegas,ATM,2305.768101758137,Engineer,11507.975936129686,5100.811912596401,7954.92,rendah,0
5996.533159145275,Debit,Colorado Springs,Online,5388.603607636536,Engineer,1325.1200207275142,5100.811912596401,9418.08,sedang,0
2562.635691851701,Debit,Seattle,Online,8251.236577380765,Retired,2930.026659568074,5100.811912596401,6144.68,tinggi,1
14042.538536736189,Debit,Sacramento,Branch,1204.75542108728,Student,-556.4946592924525,5100.811912596401,420.64999999999964,rendah,1
9518.818775086362,Debit,Los Angeles,Online,103.74274041642275,Student,439.6542889534121,5100.811912596401,447.8199999999997,rendah,0
3064.515766661959,Debit,San Antonio,ATM,9132.04672191745,Retired,6637.914411372125,5100.811912596401,7981.45,tinggi,1
5056.648655409701,Credit,Dallas,Online,6489.616288307394,Engineer,8132.137833740922,5100.811912596401,8849.26,sedang,0
4330.040818046257,Credit,Dallas,ATM,12435.084763930021,Retired,14109.031523216112,5100.811912596401,3528.72,tinggi,0
6371.556559074796,Debit,Fresno,Online,4067.388390831508,Engineer,4258.225257229226,5100.811912596401,480.15999999999985,sedang,0
550.1055380314565,Debit,San Diego,Online,5608.806143770707,Doctor,4424.250081936871,5100.811912596401,12145.27,sedang,1
5874.507415465919,Credit,Austin,Online,10233.059402588307,Doctor,1103.7535877839891,5100.811912596401,13546.75,tinggi,0
2577.844178967163,Debit,Fresno,Branch,3847.1858546973367,Engineer,7744.746576089752,5100.811912596401,6481.04,sedang,0
1463.867228604001,Debit,Houston,ATM,10453.261938722479,Retired,5199.03259723921,5100.811912596401,1651.33,tinggi,0
1638.6753687429036,Credit,Detroit,Online,5388.603607636536,Doctor,7634.06335961799,5100.811912596401,11174.94,sedang,0
6439.368519271974,Debit,Portland,Online,4287.5909269656795,Engineer,1878.5361030863278,5100.811912596401,4172.57,sedang,1
595.5520760000136,Debit,Washington,ATM,7590.628968978251,Retired,771.7039383687006,5100.811912596401,5558.36,tinggi,1
4343.996841516917,Credit,Detroit,Online,10673.46447485665,Doctor,12172.075234960263,5100.811912596401,11151.53,tinggi,0
11219.485481350712,Debit,Philadelphia,Branch,7810.831505112422,Doctor,7246.67210196682,5100.811912596401,1415.52,tinggi,1
15557.840623569726,Debit,Tucson,Online,984.5528849531083,Student,2930.026659568074,5100.811912596401,1103.6400000000008,rendah,1
1187.9673799917305,Debit,Mesa,Online,984.5528849531083,Student,4479.591690172752,5100.811912596401,303.6800000000003,rendah,1
2736.9070618571163,Debit,Oklahoma City,Branch,2525.9706378923083,Engineer,4313.566865465108,5100.811912596401,6309.8,sedang,1
5916.912256011385,Credit,San Antonio,Branch,12435.084763930021,Retired,716.3623301328198,5100.811912596401,5133.61,tinggi,1
4227.696645928087,Debit,Louisville,Online,5608.806143770707,Engineer,13610.957049093176,5100.811912596401,9344.98,sedang,0
608.6134825815288,Credit,Los Angeles,Branch,323.9452765505948,Student,12559.466492611431,5100.811912596401,1117.9700000000003,rendah,0
7328.259860326292,Debit,Albuquerque,ATM,7590.628968978251,Doctor,2653.318618388667,5100.811912596401,11835.35,tinggi,0
794.5148721458272,Debit,Milwaukee,ATM,6269.413752173222,Doctor,5365.0574219468535,5100.811912596401,14401.169999999998,sedang,1
9202.482243084743,Debit,Oklahoma City,Online,-777.0674041202619,Student,2265.9273607374976,5100.811912596401,1748.69,rendah,1
6524.178200362905,Debit,San Antonio,Branch,-116.45979571774842,Student,-501.1530510565708,5100.811912596401,1000.46,rendah,1
4702.380367308342,Debit,Chicago,Online,323.9452765505948,Student,5143.6909890033285,5100.811912596401,263.9800000000005,rendah,0
612.7287202715952,Debit,Chicago,Online,1865.3630294897944,Doctor,12116.73362672438,5100.811912596401,5442.76,rendah,0
4569.440297581417,Debit,Charlotte,ATM,-777.0674041202619,Student,14773.130822046689,5100.811912596401,341.9399999999996,rendah,0
1325.738380920037,Debit,Los Angeles,ATM,-336.6623318519196,Student,3594.1259583986503,5100.811912596401,1659.15,rendah,0
7939.64104236788,Debit,Memphis,ATM,9792.654330319965,Doctor,6305.864761956837,5100.811912596401,10113.66,tinggi,1
5260.442382756896,Debit,Philadelphia,Online,7150.223896709907,Retired,3594.1259583986503,5100.811912596401,4446.17,sedang,1
1747.1029357072593,Debit,Virginia Beach,Online,12875.489836198365,Retired,4756.299731352159,5100.811912596401,6452.77,tinggi,1
6462.2707116340825,Credit,Albuquerque,Branch,2966.375710160651,Engineer,14717.789213810804,5100.811912596401,2788.2,sedang,0
5298.731985612296,Debit,San Antonio,Online,-336.6623318519196,Student,7357.355318438584,5100.811912596401,596.1599999999999,rendah,1
9380.511004024567,Debit,San Francisco,Branch,8691.641649649107,Doctor,13168.224183206126,5100.811912596401,12904.66,tinggi,1
7237.545707767005,Debit,Tucson,ATM,3406.780782428994,Engineer,12061.3920184885,5100.811912596401,9062.4,sedang,1
1990.7965763103148,Credit,Seattle,Online,3186.5782462948227,Engineer,7966.113009033278,5100.811912596401,9009.56,sedang,1
2174.0141152071797,Credit,New York,Online,-336.6623318519196,Student,2487.2937936810226,5100.811912596401,1152.1999999999994,rendah,1
14879.542098220107,Credit,Memphis,Branch,10233.059402588307,Doctor,5641.76546312626,5100.811912596401,12168.37,tinggi,1
1145.2046926906069,Debit,Charlotte,Branch,323.9452765505948,Student,5254.374205475091,5100.811912596401,611.8599999999997,rendah,0
1015.8430905202631,Debit,Washington,Online,8911.844185783279,Doctor,3981.5172160498196,5100.811912596401,8670.53,tinggi,1
3001.8925844218197,Credit,Louisville,Online,6930.021360575736,Doctor,8298.162658448566,5100.811912596401,10098.86,sedang,0
6008.521025459817,Debit,Detroit,Branch,2525.9706378923083,Doctor,14275.056347923753,5100.811912596401,5307.74,sedang,0
1590.5449801069112,Credit,Tucson,Branch,7590.628968978251,Retired,1435.8032371992772,5100.811912596401,1047.2800000000002,tinggi,1
1844.7951000018766,Debit,Nashville,Branch,10673.46447485665,Doctor,5420.399030182735,5100.811912596401,6921.48,tinggi,1
4654.786748805836,Debit,Memphis,ATM,2746.1731740264795,Engineer,7634.06335961799,5100.811912596401,112.76000000000022,sedang,1
2763.566645153632,Debit,Baltimore,Branch,11774.477155527507,Retired,13334.249007913771,5100.811912596401,5669.66,tinggi,0
5950.907697798889,Debit,Houston,Branch,2085.5655656239655,Engineer,494.9958971892938,5100.811912596401,4057.1,rendah,0
5548.330097683708,Debit,Detroit,ATM,103.74274041642275,Student,4534.933298408633,5100.811912596401,1585.98,rendah,0
14423.466408134063,Debit,Houston,Branch,2085.5655656239655,Engineer,-556.4946592924525,5100.811912596401,6825.55,rendah,0
2637.7835105398676,Debit,Los Angeles,Branch,7590.628968978251,Retired,3815.4923913421753,5100.811912596401,5516.5,tinggi,0
3675.7180253257175,Debit,Chicago,Online,11994.679691661679,Retired,882.3871548404632,5100.811912596401,5343.3,tinggi,0
5173.127774376359,Debit,Denver,Branch,103.74274041642275,Student,494.9958971892938,5100.811912596401,903.0500000000002,rendah,0
3537.589177641753,Debit,Chicago,Online,544.147812684766,Student,-445.8114428206891,5100.811912596401,1806.1599999999999,rendah,0
1815.6305894157545,Debit,Portland,Branch,984.5528849531083,Student,-722.5194840000959,5100.811912596401,787.7399999999998,rendah,1
14686.304850164819,Debit,Baltimore,ATM,-556.8648679860908,Student,7578.721751382109,5100.811912596401,770.3699999999999,rendah,0
4746.932288387756,Debit,Phoenix,Online,10893.667010990823,Retired,1048.4119795481074,5100.811912596401,1182.77,tinggi,1
1116.7558756158014,Credit,Philadelphia,Online,7150.223896709907,Engineer,1491.1448454351585,5100.811912596401,726.5500000000002,sedang,1
13750.177737363654,Debit,Philadelphia,Online,4287.5909269656795,Doctor,5309.715813710973,5100.811912596401,14464.3,sedang,1
8620.26557162928,Debit,Albuquerque,ATM,8031.034041246593,Doctor,3040.709876039836,5100.811912596401,12046.3,tinggi,0
5881.485427201249,Debit,Jacksonville,Branch,11334.072083259165,Retired,4036.8588242857013,5100.811912596401,7885.64,tinggi,0
2490.171723830968,Credit,Virginia Beach,Branch,-556.8648679860908,Student,9626.361256109718,5100.811912596401,1952.35,rendah,1
4114.080301006692,Debit,Las Vegas,ATM,8251.236577380765,Doctor,15049.838863226094,5100.811912596401,7328.52,tinggi,0
7648.17485988449,Debit,Portland,ATM,8251.236577380765,Engineer,4534.933298408633,5100.811912596401,3210.39,tinggi,1
11783.98873840111,Debit,Mesa,ATM,8911.844185783279,Retired,1380.4616289633955,5100.811912596401,1363.65,tinggi,1
701.1168689191063,Credit,Philadelphia,ATM,8471.439113514936,Engineer,12061.3920184885,5100.811912596401,1241.9899999999998,tinggi,1
4368.330420901657,Debit,Los Angeles,ATM,3626.983318563165,Doctor,11507.975936129686,5100.811912596401,7873.28,sedang,0
8465.49684980722,Credit,Las Vegas,Branch,4727.995999234022,Doctor,4092.2004325215826,5100.811912596401,10328.23,sedang,0
5525.4279053216,Credit,Virginia Beach,Online,764.3503488189372,Student,-169.1034016412832,5100.811912596401,293.2399999999998,rendah,1
564.4194082577733,Credit,Los Angeles,Branch,6269.413752173222,Doctor,5752.448679598024,5100.811912596401,11385.37,sedang,0
869.6626908339949,Debit,Tucson,Branch,8911.844185783279,Retired,2653.318618388667,5100.811912596401,2762.48,tinggi,1
9328.26537769851,Debit,Colorado Springs,Branch,6930.021360575736,Retired,11563.317544365567,5100.811912596401,7432.99,sedang,0
6005.658251414554,Debit,Los Angeles,ATM,-556.8648679860908,Student,-722.5194840000959,5100.811912596401,1057.0000000000005,rendah,0
705.4110299870008,Debit,Atlanta,Online,4727.995999234022,Doctor,7412.6969266744645,5100.811912596401,5956.89,sedang,0
6120.348136602923,Debit,Tucson,Branch,8251.236577380765,Engineer,6859.280844315651,5100.811912596401,7261.59,tinggi,1
5659.083668559841,Debit,Denver,ATM,10233.059402588307,Retired,1989.2193195580908,5100.811912596401,1748.02,tinggi,0
14829.085705672333,Debit,Oklahoma City,ATM,2085.5655656239655,Engineer,4479.591690172752,5100.811912596401,9660.22,rendah,1
9192.82038068198,Debit,Houston,ATM,5388.603607636536,Engineer,6416.5479784286,5100.811912596401,6371.51,sedang,0
9829.96652913094,Debit,Kansas City,ATM,7150.223896709907,Doctor,10345.802163176177,5100.811912596401,9442.47,sedang,0
5961.285253712969,Debit,Portland,ATM,9572.451794185792,Doctor,7246.67210196682,5100.811912596401,13531.219999999998,tinggi,1
12926.23558246125,Debit,Milwaukee,ATM,8691.641649649107,Retired,2487.2937936810226,5100.811912596401,1389.37,tinggi,1
2596.273286883547,Debit,Louisville,ATM,7370.426432844079,Engineer,7966.113009033278,5100.811912596401,6706.56,sedang,0
1845.1529467575342,Debit,Atlanta,ATM,764.3503488189372,Student,9681.7028643456,5100.811912596401,420.6700000000001,rendah,0
16433.84948142036,Credit,Las Vegas,Online,2525.9706378923083,Engineer,7412.6969266744645,5100.811912596401,5140.93,sedang,0
6969.339564401381,Debit,Omaha,ATM,9132.04672191745,Doctor,8464.18748315621,5100.811912596401,7945.57,tinggi,1
2859.290652292131,Debit,Charlotte,Branch,4948.198535368194,Doctor,827.0455466045814,5100.811912596401,5873.54,sedang,0
9192.283610548493,Credit,Milwaukee,Online,11994.679691661679,Retired,550.3375054251746,5100.811912596401,3074.45,tinggi,1
10308.049794689945,Debit,Columbus,ATM,9352.249258051621,Retired,5752.448679598024,5100.811912596401,6155.76,tinggi,0
8687.540761692972,Debit,Virginia Beach,Online,1424.9579572214516,Engineer,-667.1778757642151,5100.811912596401,8318.29,rendah,1
9563.191772787946,Debit,Chicago,ATM,8031.034041246593,Engineer,2044.560927793972,5100.811912596401,230.09000000000015,tinggi,0
9211.607335354021,Debit,Indianapolis,Branch,7810.831505112422,Retired,5088.349380767447,5100.811912596401,2513.56,tinggi,0
3433.9925418787802,Debit,San Diego,Branch,4287.5909269656795,Doctor,14662.447605574922,5100.811912596401,10090.05,sedang,1
10912.452964996202,Debit,Boston,ATM,103.74274041642275,Student,8242.821050212686,5100.811912596401,480.1899999999996,rendah,0
9876.307683988642,Debit,Oklahoma City,ATM,4727.995999234022,Doctor,7302.013710202702,5100.811912596401,13498.55,sedang,1
2142.1657539536236,Debit,Fort Worth,ATM,6489.616288307394,Doctor,6305.864761956837,5100.811912596401,14942.779999999999,sedang,0
599.3094669344218,Debit,San Jose,ATM,3847.1858546973367,Doctor,1214.4368042557512,5100.811912596401,14143.32,sedang,1
1472.0977039841341,Credit,Milwaukee,ATM,7590.628968978251,Retired,7412.6969266744645,5100.811912596401,6736.3,tinggi,1
13687.196708367854,Debit,Memphis,Branch,5829.0086799048795,Engineer,-943.8859169436219,5100.811912596401,3313.07,sedang,1
1096.8953806767854,Credit,Fort Worth,Online,6930.021360575736,Retired,7910.771400797397,5100.811912596401,1540.87,sedang,0
1695.2151561368582,Credit,Louisville,Online,2305.768101758137,Engineer,6471.889586664482,5100.811912596401,6820.23,rendah,0
11035.73117232036,Debit,Portland,Branch,2305.768101758137,Engineer,5697.107071362142,5100.811912596401,714.4499999999998,rendah,1
3609.6952989068277,Debit,Nashville,ATM,-116.45979571774842,Student,14109.031523216112,5100.811912596401,1306.9099999999999,rendah,1
1906.8815121085286,Credit,Memphis,Online,7590.628968978251,Engineer,8962.261957279143,5100.811912596401,7255.33,tinggi,1
1232.8771478268022,Debit,Louisville,Branch,8251.236577380765,Retired,7135.988885495058,5100.811912596401,1153.8400000000006,tinggi,0
2244.8677728274515,Credit,Atlanta,Branch,12214.88222779585,Retired,1546.4864536710397,5100.811912596401,6647.73,tinggi,0
1114.9666418375114,Debit,Philadelphia,Branch,103.74274041642275,Student,2985.368267803955,5100.811912596401,8709.77,rendah,1
9309.478423026467,Debit,Fresno,Online,323.9452765505948,Student,2597.9770101527856,5100.811912596401,857.8999999999996,rendah,0
15570.90203015124,Credit,Virginia Beach,Online,6930.021360575736,Doctor,8740.895524335618,5100.811912596401,509.4499999999998,sedang,1
1821.3561375062818,Debit,Atlanta,ATM,6489.616288307394,Engineer,7246.67210196682,5100.811912596401,2812.06,sedang,0
14113.034347600802,Debit,Phoenix,Online,7810.831505112422,Engineer,5033.007772531566,5100.811912596401,6179.91,tinggi,1
7155.777724099167,Debit,San Francisco,Branch,10012.856866454134,Retired,6416.5479784286,5100.811912596401,3484.32,tinggi,1
4423.080974517321,Debit,Seattle,ATM,-777.0674041202619,Student,-777.8610922359776,5100.811912596401,754.21,rendah,1
4573.913382027142,Debit,Atlanta,Online,-777.0674041202619,Student,2099.9025360298533,5100.811912596401,751.0900000000001,rendah,0
4763.572162525849,Credit,Kansas City,Branch,3847.1858546973367,Doctor,3262.0763089833617,5100.811912596401,8510.09,sedang,0
6609.345728209494,Debit,San Jose,Online,-777.0674041202619,Student,6693.256019608007,5100.811912596401,511.3699999999999,rendah,1
8281.026847265553,Debit,Memphis,ATM,8251.236577380765,Doctor,10401.143771412058,5100.811912596401,12648.32,tinggi,1
6103.529339086999,Credit,Portland,Branch,7150.223896709907,Engineer,937.728763076344,5100.811912596401,233.21000000000004,sedang,1
1849.9838779589168,Debit,Boston,ATM,323.9452765505948,Student,7025.305669023295,5100.811912596401,1092.9200000000005,rendah,0
922.2661639157122,Debit,Los Angeles,ATM,8251.236577380765,Engineer,7412.6969266744645,5100.811912596401,6711.15,tinggi,0
1353.1136577278694,Credit,Seattle,Online,764.3503488189372,Student,1878.5361030863278,5100.811912596401,459.3699999999999,rendah,1
9239.51938229534,Debit,Louisville,Branch,4727.995999234022,Engineer,7800.088184325634,5100.811912596401,7071.09,sedang,0
734.7544639509515,Debit,Fort Worth,ATM,4948.198535368194,Engineer,7135.988885495058,5100.811912596401,9045.19,sedang,0
10094.057434806498,Debit,Las Vegas,Online,4727.995999234022,Engineer,-279.78661811304573,5100.811912596401,9642.12,sedang,0
5349.188378160066,Credit,Washington,Online,984.5528849531083,Engineer,1435.8032371992772,5100.811912596401,6263.96,rendah,1
2258.465949542453,Debit,Denver,Branch,11113.869547124992,Retired,-501.1530510565708,5100.811912596401,7460.33,tinggi,0
4013.70428604464,Debit,San Francisco,Online,8691.641649649107,Retired,3926.1756078139383,5100.811912596401,4233.82,tinggi,1
4999.57209788226,Debit,San Jose,ATM,4507.793463099851,Engineer,12116.73362672438,5100.811912596401,8303.9,sedang,1
1301.9415716687845,Debit,El Paso,Online,1424.9579572214516,Student,9847.727689053245,5100.811912596401,314.27999999999975,rendah,0
3705.7771528009844,Debit,Baltimore,Online,2966.375710160651,Doctor,8464.18748315621,5100.811912596401,5241.23,sedang,0
7423.983867464791,Debit,New York,Branch,5388.603607636536,Doctor,5586.4238548903795,5100.811912596401,6863.06,sedang,1
3495.900030607603,Debit,Denver,Online,11994.679691661679,Retired,-390.46983458480827,5100.811912596401,3877.73,tinggi,0
6682.167542985886,Debit,Fresno,Branch,10453.261938722479,Retired,12504.124884375551,5100.811912596401,4046.58,tinggi,0
1844.6161766240475,Debit,Raleigh,ATM,11113.869547124992,Retired,4977.666164295684,5100.811912596401,2409.73,tinggi,1
12524.194752479556,Debit,Washington,Branch,8031.034041246593,Engineer,1491.1448454351585,5100.811912596401,5211.88,tinggi,1
5068.636521724242,Debit,Seattle,ATM,5168.401071502365,Engineer,6914.622452551532,5100.811912596401,6217.86,sedang,1
1324.3069938974054,Debit,Philadelphia,Online,764.3503488189372,Student,4534.933298408633,5100.811912596401,5978.12,rendah,1
6404.299537217496,Credit,San Antonio,Online,984.5528849531083,Student,2155.244144265735,5100.811912596401,1671.6599999999999,rendah,1
1353.8293512391851,Debit,San Diego,ATM,9352.249258051621,Doctor,52.26303130224278,5100.811912596401,8253.52,tinggi,1
1149.3199303806737,Debit,Miami,Branch,9132.04672191745,Retired,5641.76546312626,5100.811912596401,4489.79,tinggi,1
3210.517242970398,Credit,New York,Branch,3406.780782428994,Doctor,3815.4923913421753,5100.811912596401,11903.82,sedang,1
4846.413686460663,Credit,San Francisco,Online,103.74274041642275,Student,11452.634327893804,5100.811912596401,483.0199999999995,rendah,1
1377.0893903569508,Debit,Virginia Beach,Branch,-116.45979571774842,Student,-556.4946592924525,5100.811912596401,816.0799999999999,rendah,1
1282.9756936189137,Debit,Boston,ATM,764.3503488189372,Student,2930.026659568074,5100.811912596401,578.0600000000004,rendah,0
8445.815278246035,Debit,Las Vegas,ATM,6930.021360575736,Retired,3317.4179172192435,5100.811912596401,3133.85,sedang,0
7038.582911621192,Debit,Dallas,Online,10233.059402588307,Retired,1657.1696701428027,5100.811912596401,5894.09,tinggi,0
14057.210253718164,Debit,Los Angeles,ATM,103.74274041642275,Student,550.3375054251746,5100.811912596401,9532.42,rendah,0
872.883311634916,Debit,Fort Worth,Branch,6489.616288307394,Engineer,2487.2937936810226,5100.811912596401,5327.03,sedang,0
9010.67638205209,Debit,Phoenix,ATM,2746.1731740264795,Engineer,4313.566865465108,5100.811912596401,2000.6,sedang,1
1126.9545081520523,Debit,San Francisco,ATM,7590.628968978251,Retired,-169.1034016412832,5100.811912596401,6827.57,tinggi,1
4283.878586566383,Debit,Washington,ATM,11334.072083259165,Retired,3483.4427419268877,5100.811912596401,4069.17,tinggi,1
4287.099207367305,Credit,Fort Worth,Branch,6489.616288307394,Engineer,14330.397956159635,5100.811912596401,7943.47,sedang,0
13824.609862540503,Credit,Houston,Online,3847.1858546973367,Engineer,4424.250081936871,5100.811912596401,8842.47,sedang,0
1604.5010035775708,Debit,Phoenix,Online,544.147812684766,Student,7910.771400797397,5100.811912596401,1882.77,rendah,1
3501.2677319424724,Debit,Mesa,Branch,3406.780782428994,Doctor,3040.709876039836,5100.811912596401,12526.71,sedang,1
6972.739108580131,Debit,Nashville,Online,-116.45979571774842,Student,3096.0514842757175,5100.811912596401,4737.84,rendah,1
7283.8868626247095,Debit,Virginia Beach,Branch,12435.084763930021,Retired,5475.740638418617,5100.811912596401,2300.53,tinggi,1
4819.396256408489,Debit,Columbus,Branch,1865.3630294897944,Doctor,1546.4864536710397,5100.811912596401,12385.05,rendah,0
2865.910817271803,Credit,Fort Worth,Branch,2085.5655656239655,Engineer,-777.8610922359776,5100.811912596401,4547.06,rendah,0
9192.82038068198,Debit,Louisville,Online,-556.8648679860908,Student,6693.256019608007,5100.811912596401,1533.3199999999997,rendah,0
6251.498972551556,Debit,Los Angeles,Branch,5388.603607636536,Doctor,8408.84587492033,5100.811912596401,7005.05,sedang,0
13232.194558548787,Debit,San Jose,Branch,-116.45979571774842,Student,1325.1200207275142,5100.811912596401,955.3999999999996,rendah,1
724.197984659043,Debit,Houston,ATM,4507.793463099851,Engineer,6195.181545485075,5100.811912596401,7844.88,sedang,0
6784.511715104056,Debit,Colorado Springs,ATM,-336.6623318519196,Student,2044.560927793972,5100.811912596401,221.5600000000004,rendah,0
5906.176853341647,Debit,Columbus,Online,7150.223896709907,Engineer,-113.76179340540057,5100.811912596401,6586.19,sedang,0
1030.335884124409,Debit,Louisville,Online,9572.451794185792,Retired,162.94624777400531,5100.811912596401,3944.82,tinggi,0
4651.208281249257,Debit,Raleigh,Branch,1204.75542108728,Student,6693.256019608007,5100.811912596401,1127.9799999999996,rendah,1
3715.7968619594067,Debit,Oklahoma City,ATM,8031.034041246593,Retired,12006.050410252617,5100.811912596401,2626.63,tinggi,1
1162.2024135843594,Debit,Jacksonville,Branch,5829.0086799048795,Doctor,1546.4864536710397,5100.811912596401,6459.38,sedang,0
2976.6643881479354,Credit,Los Angeles,Branch,6930.021360575736,Doctor,14053.68991498023,5100.811912596401,1649.69,sedang,0
4678.583558057089,Debit,Louisville,ATM,2525.9706378923083,Engineer,2487.2937936810226,5100.811912596401,6939.23,sedang,0
8317.885063098322,Debit,Los Angeles,Branch,2085.5655656239655,Doctor,4645.616514880396,5100.811912596401,14365.18,rendah,0
16079.402269941173,Debit,Los Angeles,Branch,1645.1604933556227,Doctor,1546.4864536710397,5100.811912596401,10115.18,rendah,0
6846.419203832878,Debit,Chicago,ATM,11554.274619393334,Retired,5586.4238548903795,5100.811912596401,7358.65,tinggi,0
910.2782976011704,Debit,Kansas City,Online,6930.021360575736,Engineer,4700.958123116277,5100.811912596401,4438.03,sedang,0
3765.179714240202,Debit,Mesa,Branch,984.5528849531083,Student,1435.8032371992772,5100.811912596401,1176.0999999999995,rendah,1
2774.302047823371,Debit,Philadelphia,Branch,984.5528849531083,Engineer,14551.764389103162,5100.811912596401,5427.98,rendah,1
5661.409672471616,Debit,Virginia Beach,Online,3406.780782428994,Engineer,1269.778412491633,5100.811912596401,3653.11,sedang,1
2630.4476520488793,Debit,Atlanta,Branch,7370.426432844079,Engineer,5309.715813710973,5100.811912596401,2104.82,sedang,0
12167.95830722208,Debit,Indianapolis,ATM,-116.45979571774842,Student,7689.404967853871,5100.811912596401,1802.77,rendah,0
1697.8990068042926,Debit,Detroit,ATM,3406.780782428994,Engineer,328.97107248164957,5100.811912596401,3559.96,sedang,0
2268.3067353230463,Debit,Denver,Branch,10453.261938722479,Retired,7689.404967853871,5100.811912596401,3564.8,tinggi,0
2991.515028507739,Debit,Washington,Online,10893.667010990823,Retired,162.94624777400531,5100.811912596401,6752.92,tinggi,1
1111.7460210365898,Debit,Nashville,Branch,984.5528849531083,Student,8298.162658448566,5100.811912596401,1444.75,rendah,1
929.6020224066997,Debit,Atlanta,Branch,8031.034041246593,Doctor,7578.721751382109,5100.811912596401,10788.89,tinggi,0
971.6490161965075,Debit,San Diego,ATM,9572.451794185792,Doctor,14164.37313145199,5100.811912596401,12893.63,tinggi,1
810.7968995282636,Debit,Los Angeles,Branch,1204.75542108728,Engineer,937.728763076344,5100.811912596401,2798.15,rendah,0
13099.61233557752,Debit,San Antonio,Online,5388.603607636536,Engineer,1933.877711322209,5100.811912596401,3583.67,sedang,1
980.4162617101265,Debit,Houston,ATM,12214.88222779585,Retired,11120.584678478515,5100.811912596401,3085.38,tinggi,0
3142.7052827732186,Debit,San Jose,Branch,4507.793463099851,Engineer,12836.17453379084,5100.811912596401,6797.71,sedang,1
4121.5950828755085,Debit,Memphis,ATM,1204.75542108728,Student,-501.1530510565708,5100.811912596401,746.4700000000003,rendah,1
6023.729512575279,Debit,Nashville,Branch,11774.477155527507,Retired,661.0207218969381,5100.811912596401,5427.81,tinggi,1
705.4110299870008,Debit,Miami,ATM,6930.021360575736,Engineer,6471.889586664482,5100.811912596401,7467.3,sedang,1
5768.40585241334,Debit,Fresno,Online,3626.983318563165,Engineer,6029.156720777431,5100.811912596401,6362.16,sedang,0
3000.4611973991878,Debit,Boston,Online,1204.75542108728,Student,218.28785600988704,5100.811912596401,1305.7600000000002,rendah,0
8246.136788588905,Debit,Colorado Springs,ATM,1645.1604933556227,Doctor,6084.498329013311,5100.811912596401,13648.36,rendah,0
2856.964648380355,Debit,Charlotte,Online,4727.995999234022,Doctor,2099.9025360298533,5100.811912596401,1337.5,sedang,0
9750.703472752706,Debit,Mesa,ATM,4507.793463099851,Engineer,5586.4238548903795,5100.811912596401,2015.69,sedang,1
7206.055193269107,Credit,San Francisco,Branch,984.5528849531083,Student,8353.504266684447,5100.811912596401,1671.5100000000002,rendah,1
3477.8287694468772,Debit,Omaha,ATM,10233.059402588307,Doctor,11065.243070242635,5100.811912596401,11822.53,tinggi,1
11722.081249672287,Debit,Chicago,ATM,323.9452765505948,Student,6582.572803136244,5100.811912596401,587.1099999999997,rendah,0
8858.412587519637,Debit,Austin,Branch,7590.628968978251,Retired,7634.06335961799,5100.811912596401,5422.53,tinggi,0
14619.566430234616,Debit,Phoenix,Online,8031.034041246593,Retired,11286.60950318616,5100.811912596401,1913.73,tinggi,1
9903.861884174303,Debit,Colorado Springs,ATM,10453.261938722479,Retired,5918.473504305668,5100.811912596401,4693.6,tinggi,0
11825.677885435261,Debit,Denver,ATM,12875.489836198365,Retired,2708.6602266245486,5100.811912596401,4363.74,tinggi,0
2730.2868968774446,Debit,Oklahoma City,ATM,11113.869547124992,Retired,3483.4427419268877,5100.811912596401,3319.76,tinggi,1
1289.953705354243,Debit,Fresno,ATM,8911.844185783279,Retired,5254.374205475091,5100.811912596401,4356.98,tinggi,0
5583.399079738186,Debit,San Diego,Branch,1424.9579572214516,Student,107.6046395381245,5100.811912596401,1519.35,rendah,1
3520.7703801258303,Debit,San Francisco,ATM,10893.667010990823,Retired,4700.958123116277,5100.811912596401,5962.58,tinggi,1
4416.46080953765,Credit,Denver,Branch,4067.388390831508,Engineer,5309.715813710973,5100.811912596401,6699.23,sedang,0
2882.1928446542397,Debit,Oklahoma City,ATM,-116.45979571774842,Student,6416.5479784286,5100.811912596401,822.7300000000005,rendah,1
3321.0918904687005,Credit,Dallas,Branch,4507.793463099851,Doctor,14496.42278086728,5100.811912596401,13964.309999999998,sedang,0
3095.648434404199,Debit,Albuquerque,Online,-336.6623318519196,Student,7302.013710202702,5100.811912596401,867.3199999999997,rendah,0
12014.084202289167,Debit,Atlanta,ATM,9352.249258051621,Doctor,3649.4675666345315,5100.811912596401,1035.8599999999992,tinggi,0
4228.233416061574,Debit,Oklahoma City,Online,2305.768101758137,Doctor,494.9958971892938,5100.811912596401,8478.9,rendah,1
5792.560508420251,Debit,Mesa,ATM,8251.236577380765,Retired,494.9958971892938,5100.811912596401,6280.66,tinggi,1
1046.2600647511872,Debit,Austin,ATM,4948.198535368194,Doctor,3981.5172160498196,5100.811912596401,481.1300000000001,sedang,0
3730.289655563553,Debit,Phoenix,Branch,8031.034041246593,Engineer,6471.889586664482,5100.811912596401,8431.23,tinggi,1
750.6786445777307,Credit,Denver,Online,3626.983318563165,Engineer,6693.256019608007,5100.811912596401,8342.79,sedang,0
2232.7009831350815,Debit,New York,Branch,8031.034041246593,Retired,3760.1507831062945,5100.811912596401,7182.22,tinggi,1
2313.2165031581176,Debit,San Antonio,ATM,1204.75542108728,Student,7357.355318438584,5100.811912596401,1695.5699999999997,rendah,1
1214.9848100439049,Debit,Virginia Beach,Branch,6709.818824441565,Engineer,7855.429792561516,5100.811912596401,8497.34,sedang,1
2283.157375682851,Debit,Seattle,ATM,4067.388390831508,Doctor,1048.4119795481074,5100.811912596401,1272.12,sedang,1
2721.3407279859957,Debit,Las Vegas,Online,7590.628968978251,Engineer,12006.050410252617,5100.811912596401,3959.62,tinggi,0
8144.150463226391,Debit,Omaha,ATM,-556.8648679860908,Student,12227.416843196144,5100.811912596401,476.1899999999996,rendah,1
2898.1170252810175,Credit,San Jose,Online,764.3503488189372,Student,5309.715813710973,5100.811912596401,1872.2200000000003,rendah,1
4484.451693112657,Debit,Virginia Beach,Online,6049.211216039051,Engineer,2542.6354019169044,5100.811912596401,3117.3900000000003,sedang,1
4369.046114412972,Credit,Virginia Beach,Online,103.74274041642275,Student,6250.523153720956,5100.811912596401,1841.69,rendah,1
2857.5014185138416,Debit,Charlotte,Branch,10012.856866454134,Retired,12780.832925554958,5100.811912596401,6642.33,tinggi,0
4135.014336212681,Credit,Memphis,Branch,8691.641649649107,Doctor,6748.597627843888,5100.811912596401,7642.25,tinggi,1
5307.499231125916,Debit,Miami,ATM,984.5528849531083,Student,7966.113009033278,5100.811912596401,136.73999999999978,rendah,1
6836.041647918799,Debit,Milwaukee,ATM,4507.793463099851,Doctor,6416.5479784286,5100.811912596401,705.75,sedang,1
7025.700428417506,Debit,Colorado Springs,ATM,6489.616288307394,Engineer,6582.572803136244,5100.811912596401,8119.73,sedang,0
3996.5276417730593,Debit,Louisville,ATM,5388.603607636536,Doctor,6471.889586664482,5100.811912596401,6101.15,sedang,0
4631.526709688071,Debit,Raleigh,Branch,12875.489836198365,Retired,9792.386080817363,5100.811912596401,2561.42,tinggi,1
13732.82216971424,Credit,Tucson,Branch,8031.034041246593,Doctor,1103.7535877839891,5100.811912596401,11905.64,tinggi,1
7489.648747128023,Credit,Omaha,ATM,9352.249258051621,Doctor,1878.5361030863278,5100.811912596401,7095.88,tinggi,1
4835.857207168753,Debit,Dallas,Online,8031.034041246593,Engineer,5365.0574219468535,5100.811912596401,4382.73,tinggi,0
4842.298448770595,Credit,San Antonio,ATM,-777.0674041202619,Student,13500.273832621413,5100.811912596401,1328.73,rendah,1
2921.377064398783,Debit,San Francisco,ATM,323.9452765505948,Student,8464.18748315621,5100.811912596401,1278.0,rendah,1
3968.257748076082,Debit,Oklahoma City,Branch,12875.489836198365,Retired,13278.90739967789,5100.811912596401,2929.51,tinggi,1
14376.051713009387,Credit,Albuquerque,Online,8251.236577380765,Doctor,605.6791136610573,5100.811912596401,5977.59,tinggi,0
5274.935176361043,Debit,El Paso,ATM,11113.869547124992,Retired,4036.8588242857013,5100.811912596401,7676.92,tinggi,0
3250.0593094706,Debit,Mesa,ATM,5168.401071502365,Engineer,6471.889586664482,5100.811912596401,4657.7,sedang,1
596.983463022646,Debit,New York,Branch,2746.1731740264795,Engineer,3483.4427419268877,5100.811912596401,3293.01,sedang,1
2636.5310468950647,Debit,Detroit,ATM,7810.831505112422,Engineer,5752.448679598024,5100.811912596401,7998.25,tinggi,0
2647.445372942632,Debit,Tucson,Branch,1865.3630294897944,Engineer,5309.715813710973,5100.811912596401,3435.34,rendah,1
2427.011771457342,Debit,Virginia Beach,Online,8031.034041246593,Doctor,273.62946424576876,5100.811912596401,344.0699999999997,tinggi,1
2579.454489367624,Debit,Raleigh,ATM,6930.021360575736,Retired,1657.1696701428027,5100.811912596401,3897.17,sedang,1
8342.934335994378,Debit,Philadelphia,ATM,10012.856866454134,Retired,12172.075234960263,5100.811912596401,5358.95,tinggi,1
12623.676150552463,Debit,Houston,Online,1204.75542108728,Engineer,14385.739564395517,5100.811912596401,627.79,rendah,0
5801.5066773117,Debit,Las Vegas,Branch,2966.375710160651,Doctor,12227.416843196144,5100.811912596401,7418.82,sedang,0
5856.794001060851,Credit,Boston,Branch,3186.5782462948227,Engineer,3151.393092511599,5100.811912596401,5615.26,sedang,0
8763.046427136796,Credit,Denver,Branch,544.147812684766,Student,937.728763076344,5100.811912596401,1995.1800000000003,rendah,0
2303.912487511011,Debit,Las Vegas,ATM,6269.413752173222,Engineer,4590.274906644515,5100.811912596401,453.3900000000003,sedang,0
2032.485723344465,Debit,Washington,ATM,9792.654330319965,Retired,7689.404967853871,5100.811912596401,2173.76,tinggi,1
1932.467555138071,Debit,Raleigh,Branch,3847.1858546973367,Engineer,7910.771400797397,5100.811912596401,6452.14,sedang,1
14434.380734181628,Credit,Omaha,Online,11774.477155527507,Retired,4424.250081936871,5100.811912596401,7713.67,tinggi,1
7418.616166129923,Debit,Phoenix,Online,4507.793463099851,Engineer,5973.815112541549,5100.811912596401,5528.36,sedang,1
761.0562004918102,Debit,Los Angeles,ATM,2746.1731740264795,Engineer,6803.939236079769,5100.811912596401,7016.99,sedang,0
4670.532006054786,Credit,Indianapolis,Branch,7370.426432844079,Retired,6527.231194900362,5100.811912596401,2661.3,sedang,0
5765.18523161242,Debit,Phoenix,Branch,10233.059402588307,Retired,6969.9640607874135,5100.811912596401,7371.85,tinggi,1
2944.4581801387208,Debit,Miami,Online,-556.8648679860908,Student,4756.299731352159,5100.811912596401,264.8299999999999,rendah,1
4997.425017348312,Debit,Colorado Springs,Online,3186.5782462948227,Doctor,384.3126807175313,5100.811912596401,10001.66,sedang,0
1403.0332801421519,Credit,Sacramento,ATM,12214.88222779585,Retired,439.6542889534121,5100.811912596401,7752.14,tinggi,1
888.2707221282071,Debit,Fresno,Branch,2746.1731740264795,Engineer,12780.832925554958,5100.811912596401,9594.11,sedang,0
1816.5252063048993,Debit,Boston,Branch,-116.45979571774842,Student,-335.12822634892655,5100.811912596401,1329.4099999999999,rendah,0
1761.9535760670638,Debit,Memphis,ATM,3626.983318563165,Doctor,12891.516142026721,5100.811912596401,11624.93,sedang,1
12838.384203947226,Debit,El Paso,ATM,103.74274041642275,Student,4036.8588242857013,5100.811912596401,168.84000000000015,rendah,0
13835.7031119659,Debit,Fort Worth,Online,1424.9579572214516,Student,11286.60950318616,5100.811912596401,160.5699999999997,rendah,0
1482.4752598982145,Debit,Milwaukee,ATM,8031.034041246593,Engineer,7357.355318438584,5100.811912596401,7135.64,tinggi,1
1472.4555507397918,Debit,Louisville,Branch,1204.75542108728,Student,6582.572803136244,5100.811912596401,469.1400000000003,rendah,0
2428.2642351021445,Debit,Austin,Online,10012.856866454134,Retired,6471.889586664482,5100.811912596401,7517.5,tinggi,0
4435.068840831862,Debit,Charlotte,ATM,5829.0086799048795,Doctor,937.728763076344,5100.811912596401,8013.63,sedang,0
2178.6661230307323,Debit,Philadelphia,Online,6489.616288307394,Engineer,3870.833999578057,5100.811912596401,2791.2,sedang,1
5442.22853463113,Credit,Nashville,Branch,8911.844185783279,Retired,4424.250081936871,5100.811912596401,1777.38,tinggi,1
7247.028646791941,Debit,Milwaukee,Branch,10233.059402588307,Retired,13168.224183206126,5100.811912596401,7749.14,tinggi,1
12982.059676343888,Debit,Atlanta,Online,10233.059402588307,Retired,3538.7843501627685,5100.811912596401,2016.02,tinggi,0
8427.028323573992,Debit,San Diego,Branch,323.9452765505948,Student,6029.156720777431,5100.811912596401,1790.27,rendah,1
11668.404236323597,Debit,San Jose,ATM,1204.75542108728,Student,12282.758451432026,5100.811912596401,711.4700000000003,rendah,1
1639.9278323877065,Debit,Fort Worth,ATM,984.5528849531083,Student,494.9958971892938,5100.811912596401,1546.2200000000003,rendah,0
6711.332053572008,Debit,Kansas City,ATM,4948.198535368194,Doctor,3372.7595254551247,5100.811912596401,7208.15,sedang,0
639.5672269459401,Debit,Dallas,Online,9132.04672191745,Retired,494.9958971892938,5100.811912596401,6485.78,tinggi,0
4199.42675223111,Debit,Virginia Beach,ATM,9572.451794185792,Retired,13943.006698508467,5100.811912596401,3984.38,tinggi,1
8075.801732895726,Debit,Columbus,ATM,8471.439113514936,Engineer,1103.7535877839891,5100.811912596401,412.77999999999975,tinggi,0
1146.6360797132388,Credit,Colorado Springs,Online,7150.223896709907,Retired,8021.454617269159,5100.811912596401,4795.65,sedang,0
2090.6358211388797,Credit,Raleigh,Branch,1424.9579572214516,Student,4313.566865465108,5100.811912596401,246.5699999999997,rendah,1
907.2366001780783,Debit,New York,Online,7150.223896709907,Retired,2819.343443096311,5100.811912596401,6631.5,sedang,1
6497.33969368856,Debit,Fort Worth,Online,-116.45979571774842,Student,12891.516142026721,5100.811912596401,1661.6800000000003,rendah,0
6217.86137751971,Credit,Omaha,Online,7150.223896709907,Retired,1767.8528866145648,5100.811912596401,5504.01,sedang,1
3087.2390356462383,Debit,Oklahoma City,ATM,-777.0674041202619,Student,3372.7595254551247,5100.811912596401,312.1899999999996,rendah,1
6744.432878470367,Credit,Fresno,Branch,10453.261938722479,Retired,6748.597627843888,5100.811912596401,2445.58,tinggi,0
7057.727713048891,Debit,Oklahoma City,ATM,8911.844185783279,Doctor,8519.52909139209,5100.811912596401,10862.99,tinggi,1
2278.6842912371267,Debit,Philadelphia,Online,7370.426432844079,Retired,-833.2027004718584,5100.811912596401,5414.87,sedang,1
10155.607076779663,Debit,Milwaukee,ATM,7370.426432844079,Retired,5531.082246654498,5100.811912596401,3919.44,sedang,1
3886.847611163901,Debit,Oklahoma City,Branch,8031.034041246593,Engineer,3594.1259583986503,5100.811912596401,7315.34,tinggi,1
13211.439446720626,Debit,El Paso,ATM,984.5528849531083,Student,11065.243070242635,5100.811912596401,465.6300000000001,rendah,0
6028.381520398832,Debit,Milwaukee,Online,6930.021360575736,Doctor,7910.771400797397,5100.811912596401,9992.36,sedang,1
3487.669555227471,Debit,Mesa,ATM,7810.831505112422,Retired,6195.181545485075,5100.811912596401,5141.19,tinggi,1
1696.6465431594893,Debit,Raleigh,Branch,323.9452765505948,Student,2874.6850513321924,5100.811912596401,1636.3199999999997,rendah,1
4503.05972440687,Debit,Dallas,Branch,12214.88222779585,Retired,8353.504266684447,5100.811912596401,7932.41,tinggi,0
12313.42301339703,Debit,Detroit,Online,8471.439113514936,Engineer,4811.64133958804,5100.811912596401,3927.69,tinggi,0
11864.504258424146,Debit,Chicago,ATM,1204.75542108728,Student,993.0703713122266,5100.811912596401,588.5,rendah,0
5631.529468374179,Credit,Boston,Branch,1865.3630294897944,Engineer,1823.1944948504465,5100.811912596401,8517.95,rendah,0
6283.8841039386,Credit,Philadelphia,Branch,11994.679691661679,Retired,7800.088184325634,5100.811912596401,2401.59,tinggi,1
12215.551925724583,Debit,Columbus,Branch,-556.8648679860908,Student,4811.64133958804,5100.811912596401,6776.41,rendah,0
3331.827293138439,Debit,Philadelphia,Branch,5829.0086799048795,Doctor,6250.523153720956,5100.811912596401,5529.92,sedang,1
5063.80559052286,Debit,Denver,Branch,7810.831505112422,Engineer,1657.1696701428027,5100.811912596401,5994.87,tinggi,0
14746.959875248838,Debit,Raleigh,Online,9572.451794185792,Retired,5088.349380767447,5100.811912596401,5468.58,tinggi,1
3175.8061076715776,Debit,Omaha,ATM,3847.1858546973367,Engineer,6361.206370192718,5100.811912596401,5677.52,sedang,1
1725.4532069899537,Credit,Fresno,Online,4067.388390831508,Doctor,8962.261957279143,5100.811912596401,9895.1,sedang,0
1177.5898240776505,Debit,El Paso,ATM,7810.831505112422,Retired,827.0455466045814,5100.811912596401,7739.54,tinggi,0
8527.046491780386,Debit,Atlanta,ATM,764.3503488189372,Student,7412.6969266744645,5100.811912596401,922.1899999999996,rendah,0
660.1434153962718,Debit,Las Vegas,Online,5829.0086799048795,Doctor,13610.957049093176,5100.811912596401,10778.35,sedang,0
10163.837552159794,Debit,San Francisco,Online,5388.603607636536,Engineer,8298.162658448566,5100.811912596401,2051.25,sedang,1
7009.776247790727,Debit,Kansas City,ATM,9132.04672191745,Retired,6361.206370192718,5100.811912596401,1038.9099999999999,tinggi,0
1666.5874156842233,Credit,Detroit,Branch,6489.616288307394,Retired,2487.2937936810226,5100.811912596401,6854.61,sedang,0
6914.05224065223,Debit,Boston,ATM,-777.0674041202619,Student,7191.3304937309385,5100.811912596401,619.8599999999997,rendah,0
3496.9735708745766,Debit,San Antonio,Branch,1865.3630294897944,Doctor,3151.393092511599,5100.811912596401,11320.83,rendah,1
2686.629592687176,Debit,Chicago,Branch,8471.439113514936,Doctor,5863.131896069786,5100.811912596401,14510.8,tinggi,0
2966.8236023673417,Debit,Louisville,Online,7150.223896709907,Engineer,2376.61057720926,5100.811912596401,5103.67,sedang,0
10070.97631906656,Debit,Oklahoma City,Online,7370.426432844079,Doctor,993.0703713122266,5100.811912596401,13793.529999999999,sedang,1
8805.988037815749,Debit,Mesa,Online,6269.413752173222,Engineer,9515.678039637956,5100.811912596401,2403.39,sedang,1
6233.42771139083,Debit,Milwaukee,Online,8471.439113514936,Retired,3815.4923913421753,5100.811912596401,3075.9700000000003,tinggi,1
4350.974853252247,Debit,Albuquerque,Online,1424.9579572214516,Student,1380.4616289633955,5100.811912596401,7835.4,rendah,0
12314.675477041834,Debit,Nashville,Branch,-336.6623318519196,Student,3151.393092511599,5100.811912596401,414.4300000000003,rendah,1
6692.724022277795,Debit,Raleigh,Branch,4067.388390831508,Engineer,5973.815112541549,5100.811912596401,6116.8,sedang,1
3073.640858931236,Debit,Philadelphia,ATM,10893.667010990823,Retired,2930.026659568074,5100.811912596401,6067.62,tinggi,1
10199.26438096993,Debit,Mesa,ATM,103.74274041642275,Student,5420.399030182735,5100.811912596401,1454.08,rendah,1
1231.2668374263408,Debit,Columbus,Branch,984.5528849531083,Student,1989.2193195580908,5100.811912596401,1476.9099999999999,rendah,0
9427.746775771417,Debit,Miami,Online,1424.9579572214516,Student,12006.050410252617,5100.811912596401,1719.9700000000003,rendah,1
4570.87168460405,Debit,El Paso,ATM,6930.021360575736,Doctor,10677.851812591465,5100.811912596401,832.8199999999997,sedang,0
1568.895251389606,Debit,Chicago,Online,2966.375710160651,Engineer,8242.821050212686,5100.811912596401,5472.03,sedang,0
4628.842859020636,Debit,Mesa,Online,-556.8648679860908,Student,8408.84587492033,5100.811912596401,162.52999999999975,rendah,1
1669.9869598629734,Credit,Seattle,Online,4948.198535368194,Engineer,7302.013710202702,5100.811912596401,9370.9,sedang,1
8683.783370758563,Credit,Nashville,Online,7370.426432844079,Engineer,1989.2193195580908,5100.811912596401,8570.82,sedang,1
10382.302996488965,Credit,Chicago,ATM,4948.198535368194,Engineer,4036.8588242857013,5100.811912596401,522.0799999999999,sedang,0
7252.933118260296,Debit,Houston,ATM,2746.1731740264795,Engineer,1878.5361030863278,5100.811912596401,836.6700000000001,sedang,0
4165.431310443606,Credit,San Diego,Branch,-777.0674041202619,Student,8408.84587492033,5100.811912596401,364.72000000000025,rendah,1
8025.166416970127,Debit,Washington,Branch,2966.375710160651,Doctor,6471.889586664482,5100.811912596401,8557.32,sedang,1
2734.58105794534,Debit,Charlotte,Branch,1204.75542108728,Student,7966.113009033278,5100.811912596401,129.28999999999996,rendah,0
1827.2606089746373,Debit,Charlotte,Online,3847.1858546973367,Doctor,384.3126807175313,5100.811912596401,6474.41,sedang,0
4905.637324522051,Debit,Fresno,Branch,7150.223896709907,Engineer,8021.454617269159,5100.811912596401,7986.63,sedang,0
11641.744653027079,Debit,Indianapolis,ATM,9352.249258051621,Doctor,5420.399030182735,5100.811912596401,7322.01,tinggi,0
1287.8066248202954,Debit,Omaha,ATM,2746.1731740264795,Doctor,6527.231194900362,5100.811912596401,9929.43,sedang,1
541.6961392734947,Credit,Detroit,ATM,2525.9706378923083,Engineer,52.26303130224278,5100.811912596401,3012.31,sedang,0
14294.104805963718,Debit,Jacksonville,Online,2085.5655656239655,Doctor,6084.498329013311,5100.811912596401,7198.8,rendah,0
5162.929141840109,Debit,Austin,Branch,9132.04672191745,Doctor,4756.299731352159,5100.811912596401,10980.38,tinggi,0
6876.836178063804,Credit,Fort Worth,Branch,984.5528849531083,Student,8851.57874080738,5100.811912596401,868.3500000000004,rendah,0
989.7202773572326,Credit,Virginia Beach,Branch,12875.489836198365,Retired,661.0207218969381,5100.811912596401,3773.29,tinggi,1
2650.4870703657243,Debit,Tucson,ATM,10012.856866454134,Doctor,1823.1944948504465,5100.811912596401,6697.77,tinggi,1
2408.940510296616,Debit,Virginia Beach,Online,3406.780782428994,Doctor,14053.68991498023,5100.811912596401,9410.99,sedang,1
720.7984404802928,Debit,Fort Worth,Online,3406.780782428994,Engineer,1712.511278378684,5100.811912596401,6213.32,sedang,0
1031.0515776357247,Credit,Baltimore,Branch,1424.9579572214516,Student,1989.2193195580908,5100.811912596401,1663.31,rendah,0
6228.238933433791,Debit,Denver,ATM,8471.439113514936,Doctor,6693.256019608007,5100.811912596401,711.6599999999999,tinggi,0
6770.197844877738,Credit,Los Angeles,Online,11774.477155527507,Retired,605.6791136610573,5100.811912596401,2403.25,tinggi,0
3438.6445497023333,Credit,Virginia Beach,Branch,6709.818824441565,Retired,2542.6354019169044,5100.811912596401,5957.37,sedang,1
3556.555055691624,Debit,Oklahoma City,Branch,544.147812684766,Student,1712.511278378684,5100.811912596401,801.0100000000002,rendah,1
1247.7277881866066,Debit,Albuquerque,Online,544.147812684766,Student,-777.8610922359776,5100.811912596401,928.3299999999999,rendah,0
2678.0412705513854,Credit,Sacramento,Branch,6709.818824441565,Engineer,11950.708802016736,5100.811912596401,7365.28,sedang,1
6775.923392968265,Debit,Nashville,Branch,6489.616288307394,Retired,7634.06335961799,5100.811912596401,5839.38,sedang,1
4449.024864302522,Credit,El Paso,Online,984.5528849531083,Engineer,7080.647277259176,5100.811912596401,5116.98,rendah,0
1104.0523157899447,Debit,Seattle,ATM,11113.869547124992,Retired,4645.616514880396,5100.811912596401,3641.07,tinggi,1
2380.312769843981,Debit,Denver,ATM,10673.46447485665,Doctor,10843.876637299109,5100.811912596401,1352.19,tinggi,0
4911.720719368236,Debit,Fresno,Online,1645.1604933556227,Doctor,6305.864761956837,5100.811912596401,7299.86,rendah,0
1379.415394268728,Debit,Dallas,ATM,-556.8648679860908,Student,8242.821050212686,5100.811912596401,1503.56,rendah,0
6445.630837495988,Debit,Charlotte,ATM,10453.261938722479,Retired,-556.4946592924525,5100.811912596401,5943.13,tinggi,0
2618.4597857343388,Debit,Memphis,Online,7150.223896709907,Engineer,7744.746576089752,5100.811912596401,895.6599999999999,sedang,1
2018.8875466294635,Credit,Las Vegas,Branch,10012.856866454134,Doctor,-943.8859169436219,5100.811912596401,5669.1,tinggi,0
5795.0654357098565,Debit,Jacksonville,Online,-116.45979571774842,Student,3040.709876039836,5100.811912596401,1061.96,rendah,0
9707.940785451583,Debit,Philadelphia,Branch,764.3503488189372,Student,7357.355318438584,5100.811912596401,1592.94,rendah,1
2197.8109244584325,Debit,Washington,Online,3847.1858546973367,Doctor,384.3126807175313,5100.811912596401,6171.89,sedang,1
1944.4554214526124,Debit,Columbus,Branch,8251.236577380765,Retired,7191.3304937309385,5100.811912596401,5987.67,tinggi,0
1476.034018296371,Debit,Virginia Beach,Online,10233.059402588307,Doctor,550.3375054251746,5100.811912596401,14783.329999999998,tinggi,1
9788.814152230276,Debit,Kansas City,Online,103.74274041642275,Student,3040.709876039836,5100.811912596401,1806.0,rendah,0
695.9280909620657,Debit,Louisville,Online,7150.223896709907,Doctor,7412.6969266744645,5100.811912596401,13240.720000000001,sedang,0
2420.39160647767,Debit,Miami,Branch,1204.75542108728,Student,2542.6354019169044,5100.811912596401,1408.0699999999997,rendah,1
6698.091723612664,Debit,Dallas,Branch,4287.5909269656795,Engineer,10290.460554940295,5100.811912596401,9551.64,sedang,0
2975.590847880961,Debit,Charlotte,Branch,4948.198535368194,Engineer,7302.013710202702,5100.811912596401,1070.4699999999998,sedang,0
3332.721910027584,Debit,New York,ATM,6049.211216039051,Engineer,5143.6909890033285,5100.811912596401,9374.24,sedang,1
15356.193976756476,Credit,Chicago,Online,9792.654330319965,Retired,3815.4923913421753,5100.811912596401,4253.18,tinggi,0
2482.2990952064933,Debit,Raleigh,Online,7810.831505112422,Doctor,1159.09519601987,5100.811912596401,10483.93,tinggi,1
6399.110759260456,Debit,Denver,Online,2746.1731740264795,Doctor,2265.9273607374976,5100.811912596401,9588.07,sedang,0
11874.16612082691,Debit,Denver,ATM,5608.806143770707,Doctor,4368.908473700989,5100.811912596401,1238.1099999999997,sedang,0
14281.93801627135,Debit,San Diego,Branch,103.74274041642275,Student,-224.445009877164,5100.811912596401,1244.9300000000003,rendah,1
3637.786269225976,Debit,Colorado Springs,Branch,984.5528849531083,Student,7855.429792561516,5100.811912596401,1040.2499999999995,rendah,0
636.16768276719,Debit,Las Vegas,Branch,12435.084763930021,Retired,14109.031523216112,5100.811912596401,5757.67,tinggi,0
1509.492689950388,Debit,El Paso,ATM,1865.3630294897944,Doctor,4147.542040757464,5100.811912596401,8839.67,rendah,0
8104.250549970531,Credit,Miami,Online,7590.628968978251,Retired,8353.504266684447,5100.811912596401,6239.89,tinggi,1
1144.6679225571197,Debit,Miami,Branch,9572.451794185792,Doctor,3317.4179172192435,5100.811912596401,9073.17,tinggi,1
566.9243355473791,Debit,Fort Worth,ATM,12435.084763930021,Retired,4479.591690172752,5100.811912596401,7561.33,tinggi,0
2992.9464155303713,Credit,Los Angeles,Online,6269.413752173222,Engineer,2985.368267803955,5100.811912596401,2276.57,sedang,0
5066.489441190294,Credit,San Antonio,ATM,1424.9579572214516,Engineer,7855.429792561516,5100.811912596401,2791.12,rendah,1
2564.9616957634776,Debit,Albuquerque,Online,1424.9579572214516,Engineer,6195.181545485075,5100.811912596401,9808.97,rendah,0
3566.9326116057046,Debit,San Francisco,ATM,7810.831505112422,Retired,7966.113009033278,5100.811912596401,6324.09,tinggi,1
7813.678984376285,Debit,Raleigh,Branch,9352.249258051621,Retired,52.26303130224278,5100.811912596401,3140.79,tinggi,1
6627.59591274805,Credit,New York,Branch,-116.45979571774842,Student,12172.075234960263,5100.811912596401,461.8299999999999,rendah,1
10895.634167480279,Debit,Philadelphia,ATM,6930.021360575736,Engineer,3760.1507831062945,5100.811912596401,5670.0,sedang,1
15204.64587573534,Credit,Atlanta,Branch,12655.287300064192,Retired,494.9958971892938,5100.811912596401,4040.32,tinggi,0
5040.545551405094,Debit,Atlanta,Branch,-336.6623318519196,Student,11674.00076083733,5100.811912596401,220.51000000000022,rendah,0
913.4989184020924,Debit,New York,Online,8911.844185783279,Retired,2653.318618388667,5100.811912596401,3634.76,tinggi,1
5274.935176361043,Credit,Boston,Online,3847.1858546973367,Engineer,3815.4923913421753,5100.811912596401,7180.48,sedang,0
7208.023350425226,Credit,Mesa,Online,11774.477155527507,Retired,550.3375054251746,5100.811912596401,1389.71,tinggi,1
6577.1395202002805,Credit,Boston,ATM,12435.084763930021,Retired,2376.61057720926,5100.811912596401,5002.7,tinggi,0
15004.609539322555,Debit,Columbus,ATM,-336.6623318519196,Student,2210.5857525016163,5100.811912596401,9239.12,rendah,0
681.2563739800908,Debit,Memphis,ATM,544.147812684766,Student,3262.0763089833617,5100.811912596401,666.4200000000001,rendah,1
2931.038926801548,Credit,Boston,Branch,6489.616288307394,Doctor,4922.324556059803,5100.811912596401,11351.64,sedang,0
6589.664156648309,Debit,Detroit,ATM,4727.995999234022,Engineer,550.3375054251746,5100.811912596401,7234.15,sedang,0
5576.957838136343,Debit,Colorado Springs,Branch,1204.75542108728,Engineer,5531.082246654498,5100.811912596401,2049.51,rendah,0
2312.321886268973,Debit,New York,ATM,10233.059402588307,Doctor,4811.64133958804,5100.811912596401,8865.27,tinggi,1
2131.430351283885,Debit,Albuquerque,Branch,-777.0674041202619,Student,8242.821050212686,5100.811912596401,3908.47,rendah,0
12227.539792039126,Debit,Seattle,ATM,984.5528849531083,Engineer,13112.882574970246,5100.811912596401,5587.44,rendah,1
6240.7635698818185,Debit,Milwaukee,Online,6269.413752173222,Engineer,5033.007772531566,5100.811912596401,438.75,sedang,1
1248.0856349422643,Debit,Phoenix,Online,1424.9579572214516,Student,1159.09519601987,5100.811912596401,609.6000000000004,rendah,1
1785.2136151848295,Credit,Jacksonville,Branch,10233.059402588307,Retired,661.0207218969381,5100.811912596401,2393.73,tinggi,0
8863.422442098848,Credit,Kansas City,Branch,7150.223896709907,Retired,993.0703713122266,5100.811912596401,3914.84,sedang,0
4717.231007668147,Debit,Detroit,Branch,1424.9579572214516,Student,2376.61057720926,5100.811912596401,818.3599999999997,rendah,0
3355.9819491453495,Debit,Seattle,Branch,-777.0674041202619,Student,4036.8588242857013,5100.811912596401,304.4399999999996,rendah,1
1414.8422230788633,Credit,Philadelphia,Online,1865.3630294897944,Doctor,1159.09519601987,5100.811912596401,9553.42,rendah,1
1523.2697900432186,Credit,Houston,Branch,8251.236577380765,Engineer,1601.8280619069214,5100.811912596401,3034.67,tinggi,0
867.1577635443891,Debit,Jacksonville,ATM,4727.995999234022,Engineer,6139.839937249193,5100.811912596401,5515.32,sedang,0
1407.1485178322182,Debit,San Antonio,Branch,3186.5782462948227,Doctor,3151.393092511599,5100.811912596401,1677.0100000000002,sedang,1
1827.2606089746373,Debit,Los Angeles,Branch,6930.021360575736,Retired,5752.448679598024,5100.811912596401,4055.55,sedang,0
2645.4772157865136,Debit,San Diego,ATM,2525.9706378923083,Doctor,1435.8032371992772,5100.811912596401,9899.94,sedang,1
2591.2634323043353,Debit,Raleigh,Branch,4727.995999234022,Engineer,12172.075234960263,5100.811912596401,2620.74,sedang,1
3301.231395529685,Credit,Virginia Beach,Branch,5388.603607636536,Engineer,7357.355318438584,5100.811912596401,7854.1,sedang,1
8145.402926871195,Credit,Oklahoma City,Branch,6049.211216039051,Engineer,7523.380143146227,5100.811912596401,8253.65,sedang,1
1714.3599575645576,Debit,Charlotte,Branch,3406.780782428994,Engineer,4424.250081936871,5100.811912596401,2766.12,sedang,0
6343.465588755647,Debit,Denver,Online,7590.628968978251,Engineer,8408.84587492033,5100.811912596401,8171.26,tinggi,0
3342.3837724303476,Debit,Sacramento,ATM,2525.9706378923083,Doctor,4036.8588242857013,5100.811912596401,5401.21,sedang,1
1507.7034561720989,Debit,Memphis,Online,1204.75542108728,Student,6361.206370192718,5100.811912596401,3548.02,rendah,1
4900.985316698498,Credit,Portland,Branch,544.147812684766,Student,4424.250081936871,5100.811912596401,752.25,rendah,1
2551.363519048475,Credit,El Paso,Branch,4287.5909269656795,Engineer,-335.12822634892655,5100.811912596401,469.1199999999999,sedang,0
9534.385108957482,Debit,Portland,Online,8471.439113514936,Engineer,7800.088184325634,5100.811912596401,3806.16,tinggi,1
15179.775526217116,Debit,Kansas City,Branch,5608.806143770707,Doctor,8519.52909139209,5100.811912596401,8802.97,sedang,0
655.1335608170612,Debit,Colorado Springs,ATM,9132.04672191745,Retired,5973.815112541549,5100.811912596401,1106.3400000000001,tinggi,0
4038.9324823185248,Credit,Fresno,Online,6930.021360575736,Retired,162.94624777400531,5100.811912596401,5005.33,sedang,0
11920.149428928957,Debit,New York,Branch,8031.034041246593,Retired,3483.4427419268877,5100.811912596401,7949.03,tinggi,1
747.2791003989796,Debit,Seattle,ATM,984.5528849531083,Student,2099.9025360298533,5100.811912596401,259.7699999999995,rendah,1
8236.653849563969,Debit,San Francisco,ATM,6049.211216039051,Engineer,11784.683977309092,5100.811912596401,2114.3,sedang,1
12004.4223398864,Debit,Fresno,Branch,6269.413752173222,Doctor,3704.809174870413,5100.811912596401,8461.46,sedang,0
1908.8496692646472,Credit,San Jose,Online,6709.818824441565,Retired,14662.447605574922,5100.811912596401,6870.84,sedang,1
3005.2921286005703,Debit,Memphis,Branch,6049.211216039051,Engineer,9626.361256109718,5100.811912596401,5058.83,sedang,1
9451.36466164484,Debit,San Jose,Branch,2085.5655656239655,Engineer,14883.814038518449,5100.811912596401,8885.0,rendah,1
685.5505350479862,Debit,Albuquerque,Online,544.147812684766,Student,1214.4368042557512,5100.811912596401,530.8100000000004,rendah,0
2663.548476947239,Debit,Raleigh,ATM,323.9452765505948,Student,3206.734700747481,5100.811912596401,9379.53,rendah,1
10855.913177602248,Debit,Nashville,Branch,8251.236577380765,Retired,8464.18748315621,5100.811912596401,6475.13,tinggi,1
5531.690223545615,Debit,Phoenix,Online,4287.5909269656795,Doctor,7800.088184325634,5100.811912596401,5298.85,sedang,1
1264.3676623247006,Debit,Sacramento,Online,-116.45979571774842,Student,4147.542040757464,5100.811912596401,490.5699999999997,rendah,1
1883.6214729907629,Debit,Fresno,ATM,10012.856866454134,Doctor,12836.17453379084,5100.811912596401,11310.27,tinggi,0
909.5626040898551,Debit,Seattle,ATM,8911.844185783279,Retired,993.0703713122266,5100.811912596401,3988.75,tinggi,1
10681.820730974661,Debit,Baltimore,ATM,6489.616288307394,Retired,7080.647277259176,5100.811912596401,7484.32,sedang,0
2400.8889582943125,Debit,Oklahoma City,Branch,6489.616288307394,Engineer,9958.410905525008,5100.811912596401,5963.1,sedang,1
6770.376768255566,Credit,Fresno,ATM,-116.45979571774842,Student,9294.311606694431,5100.811912596401,296.47000000000025,rendah,0
3791.6603741588888,Debit,San Diego,Online,-556.8648679860908,Student,11674.00076083733,5100.811912596401,910.2600000000002,rendah,1
5484.275528420937,Debit,Tucson,Branch,1645.1604933556227,Doctor,5309.715813710973,5100.811912596401,6684.34,rendah,1
8920.14115287063,Debit,Austin,ATM,4067.388390831508,Doctor,3372.7595254551247,5100.811912596401,8524.09,sedang,0
5187.620567980506,Debit,Philadelphia,ATM,6930.021360575736,Retired,3151.393092511599,5100.811912596401,5126.65,sedang,1
7036.793677842902,Debit,Virginia Beach,Branch,103.74274041642275,Student,3704.809174870413,5100.811912596401,873.8900000000003,rendah,1
4282.447199543752,Debit,Miami,Branch,7810.831505112422,Retired,6029.156720777431,5100.811912596401,7059.77,tinggi,1
889.8810325286686,Debit,Denver,ATM,8031.034041246593,Doctor,11784.683977309092,5100.811912596401,11991.24,tinggi,0
1642.9695298107986,Debit,Columbus,ATM,-777.0674041202619,Student,9515.678039637956,5100.811912596401,8086.04,rendah,0
6264.202532377414,Debit,San Antonio,ATM,9132.04672191745,Doctor,7744.746576089752,5100.811912596401,12626.49,tinggi,1
12001.917412596795,Debit,Milwaukee,Branch,4948.198535368194,Engineer,52.26303130224278,5100.811912596401,3143.17,sedang,1
6117.30643917983,Credit,Chicago,Branch,7370.426432844079,Retired,8076.796225505041,5100.811912596401,1886.3599999999997,sedang,0
2290.314310796009,Debit,Sacramento,Branch,984.5528849531083,Student,5752.448679598024,5100.811912596401,416.8900000000003,rendah,1
2568.7190866978854,Debit,Denver,Branch,6930.021360575736,Retired,4756.299731352159,5100.811912596401,5929.08,sedang,0
1106.7361664573796,Debit,Milwaukee,Online,323.9452765505948,Student,2487.2937936810226,5100.811912596401,479.0799999999999,rendah,1
9426.315388748784,Credit,Oklahoma City,Online,2525.9706378923083,Doctor,273.62946424576876,5100.811912596401,5862.99,sedang,1
2273.3165899022574,Debit,San Francisco,Branch,1204.75542108728,Student,3538.7843501627685,5100.811912596401,797.1000000000004,rendah,1
538.8333652282308,Debit,Washington,ATM,9572.451794185792,Retired,6637.914411372125,5100.811912596401,7287.94,tinggi,1
1917.437991400438,Credit,Jacksonville,Online,8251.236577380765,Engineer,3760.1507831062945,5100.811912596401,5624.86,tinggi,0
3981.6770014132544,Credit,Seattle,Branch,3847.1858546973367,Engineer,-943.8859169436219,5100.811912596401,2988.41,sedang,1
2393.5530998033246,Debit,Colorado Springs,Online,544.147812684766,Student,3372.7595254551247,5100.811912596401,1433.6599999999999,rendah,0
13698.111034415422,Debit,Miami,Online,1865.3630294897944,Doctor,384.3126807175313,5100.811912596401,7336.56,rendah,1
4761.2461586140735,Debit,Philadelphia,ATM,-777.0674041202619,Student,10124.43573023265,5100.811912596401,475.6300000000001,rendah,1
7834.255172826617,Debit,Kansas City,Branch,9572.451794185792,Doctor,3428.101133691006,5100.811912596401,11698.15,tinggi,0
1856.7829663164175,Credit,Fresno,Online,-116.45979571774842,Student,7191.3304937309385,5100.811912596401,1034.3499999999995,rendah,0
1807.0422672799637,Debit,Phoenix,ATM,9352.249258051621,Doctor,-667.1778757642151,5100.811912596401,12042.79,tinggi,1
1205.144024263312,Debit,Columbus,Online,984.5528849531083,Student,6416.5479784286,5100.811912596401,518.54,rendah,0
13555.688025663563,Debit,Los Angeles,ATM,10233.059402588307,Doctor,3483.4427419268877,5100.811912596401,9127.65,tinggi,0
2965.39221534471,Debit,Fort Worth,ATM,2746.1731740264795,Engineer,1269.778412491633,5100.811912596401,4471.05,sedang,0
9535.816495980114,Debit,Detroit,Online,1645.1604933556227,Engineer,1878.5361030863278,5100.811912596401,6214.54,rendah,0
7151.84140978693,Credit,Milwaukee,Branch,544.147812684766,Student,1712.511278378684,5100.811912596401,1187.0399999999995,rendah,1
8205.3422584439,Debit,Charlotte,Online,3186.5782462948227,Doctor,9847.727689053245,5100.811912596401,354.89999999999964,sedang,0
4626.33793173103,Debit,Las Vegas,Branch,2966.375710160651,Engineer,1601.8280619069214,5100.811912596401,791.46,sedang,0
2683.051125130596,Debit,Chicago,ATM,6709.818824441565,Retired,6250.523153720956,5100.811912596401,5878.89,sedang,0
2274.3901301692313,Debit,Detroit,Online,-336.6623318519196,Student,8408.84587492033,5100.811912596401,533.1999999999998,rendah,0
2608.6189999537455,Debit,Fresno,ATM,544.147812684766,Student,439.6542889534121,5100.811912596401,897.9399999999996,rendah,0
4882.556208782114,Debit,Tucson,Branch,1865.3630294897944,Doctor,4202.883648993346,5100.811912596401,9159.56,rendah,1
6265.454996022217,Debit,Nashville,ATM,5168.401071502365,Engineer,-833.2027004718584,5100.811912596401,4392.73,sedang,1
6707.753586015428,Debit,Washington,Online,1865.3630294897944,Engineer,1823.1944948504465,5100.811912596401,6356.96,rendah,1
7459.2317728970975,Debit,Oklahoma City,ATM,11994.679691661679,Retired,882.3871548404632,5100.811912596401,7896.85,tinggi,1
1028.1888035904608,Debit,San Antonio,ATM,544.147812684766,Student,6859.280844315651,5100.811912596401,1649.4300000000003,rendah,1
1341.8414849246442,Debit,Colorado Springs,Branch,10012.856866454134,Retired,6803.939236079769,5100.811912596401,2840.43,tinggi,0
6743.359338203392,Debit,San Jose,Online,7810.831505112422,Retired,5586.4238548903795,5100.811912596401,3274.96,tinggi,1
6216.072143741421,Debit,Tucson,Online,11334.072083259165,Retired,2985.368267803955,5100.811912596401,6501.56,tinggi,1
1828.5130726194398,Debit,Kansas City,ATM,984.5528849531083,Student,2708.6602266245486,5100.811912596401,363.9200000000001,rendah,0
7476.766263924337,Debit,Mesa,Online,1204.75542108728,Engineer,3981.5172160498196,5100.811912596401,9748.48,rendah,1
4398.926318510411,Debit,Chicago,ATM,-556.8648679860908,Student,993.0703713122266,5100.811912596401,1404.5299999999997,rendah,0
4080.979476108332,Debit,Dallas,ATM,-116.45979571774842,Student,6803.939236079769,5100.811912596401,706.4399999999996,rendah,0
1513.6079276404548,Debit,Charlotte,ATM,4948.198535368194,Doctor,2653.318618388667,5100.811912596401,5095.73,sedang,0
4959.6721846264,Credit,San Francisco,Branch,9572.451794185792,Retired,107.6046395381245,5100.811912596401,3059.79,tinggi,1
3056.4642146596557,Debit,San Antonio,ATM,2525.9706378923083,Engineer,6527.231194900362,5100.811912596401,7844.23,sedang,1
6477.479198749545,Debit,San Diego,ATM,8471.439113514936,Retired,3926.1756078139383,5100.811912596401,6810.94,tinggi,1
6456.187316787897,Debit,San Antonio,Online,7370.426432844079,Retired,6416.5479784286,5100.811912596401,1457.0699999999997,sedang,1
4742.459203942031,Debit,Oklahoma City,Branch,103.74274041642275,Student,-667.1778757642151,5100.811912596401,813.6800000000003,rendah,1
7980.793419268543,Credit,Philadelphia,Branch,1204.75542108728,Student,5697.107071362142,5100.811912596401,1518.8199999999997,rendah,1
6217.86137751971,Debit,San Antonio,ATM,6269.413752173222,Doctor,6803.939236079769,5100.811912596401,10269.78,sedang,1
15188.184924975078,Credit,Fresno,Branch,8691.641649649107,Doctor,7246.67210196682,5100.811912596401,6024.8,tinggi,0
9000.11990276018,Credit,Indianapolis,Online,7590.628968978251,Engineer,1269.778412491633,5100.811912596401,2158.59,tinggi,0
10215.904255108027,Credit,Indianapolis,Branch,4727.995999234022,Doctor,3594.1259583986503,5100.811912596401,6011.8,sedang,0
1933.1832486493877,Debit,Fort Worth,ATM,11334.072083259165,Retired,2708.6602266245486,5100.811912596401,6372.58,tinggi,0
1332.7163926553667,Debit,San Diego,Branch,7810.831505112422,Engineer,1380.4616289633955,5100.811912596401,2569.56,tinggi,1
6370.483018807821,Debit,San Francisco,ATM,8691.641649649107,Doctor,1491.1448454351585,5100.811912596401,10585.48,tinggi,1
8481.599953811829,Debit,Las Vegas,ATM,6709.818824441565,Doctor,7412.6969266744645,5100.811912596401,717.9899999999998,sedang,0
1505.3774522603217,Debit,Fresno,Online,11113.869547124992,Retired,6803.939236079769,5100.811912596401,3689.65,tinggi,0
3339.6999217629136,Debit,Sacramento,Branch,1424.9579572214516,Student,-611.8362675283333,5100.811912596401,1512.1599999999999,rendah,1
2315.900353825552,Credit,Denver,Online,9352.249258051621,Doctor,2653.318618388667,5100.811912596401,14389.45,tinggi,0
1614.1628659803355,Debit,Phoenix,ATM,11554.274619393334,Retired,3760.1507831062945,5100.811912596401,7014.69,tinggi,1
992.2252046468384,Debit,San Jose,ATM,12655.287300064192,Retired,4147.542040757464,5100.811912596401,3520.61,tinggi,1
3613.989459974723,Debit,Houston,Online,12875.489836198365,Retired,2044.560927793972,5100.811912596401,4913.42,tinggi,0
3656.394300520189,Debit,San Jose,Branch,3626.983318563165,Engineer,4313.566865465108,5100.811912596401,9155.35,sedang,1
2087.0573535823005,Debit,Fort Worth,Online,5388.603607636536,Engineer,8132.137833740922,5100.811912596401,2567.53,sedang,0
10666.791167237026,Debit,Columbus,Online,6930.021360575736,Retired,-722.5194840000959,5100.811912596401,3779.47,sedang,0
2976.4854647701063,Credit,Phoenix,Online,10233.059402588307,Retired,4258.225257229226,5100.811912596401,4177.65,tinggi,1
8680.920596713298,Credit,Virginia Beach,Branch,1424.9579572214516,Engineer,9183.628390222668,5100.811912596401,7284.76,rendah,1
2320.0155915156183,Debit,Atlanta,Online,9792.654330319965,Retired,6582.572803136244,5100.811912596401,6530.59,tinggi,0
5883.990354490855,Debit,El Paso,Online,4948.198535368194,Doctor,1325.1200207275142,5100.811912596401,7895.54,sedang,0
5263.663003557818,Debit,Boston,Online,7150.223896709907,Engineer,5807.790287833905,5100.811912596401,6781.3,sedang,0
6687.893091076413,Debit,San Diego,Online,1645.1604933556227,Engineer,1269.778412491633,5100.811912596401,2091.78,rendah,1
7868.4295379919495,Debit,Los Angeles,ATM,4287.5909269656795,Doctor,3372.7595254551247,5100.811912596401,11108.39,sedang,0
2495.1815784101786,Debit,Portland,Branch,2966.375710160651,Doctor,4645.616514880396,5100.811912596401,9088.36,sedang,1
6165.97359794931,Debit,Colorado Springs,ATM,6930.021360575736,Engineer,3262.0763089833617,5100.811912596401,4671.69,sedang,0
5168.654689930636,Debit,Fort Worth,Branch,3406.780782428994,Engineer,6361.206370192718,5100.811912596401,7534.73,sedang,0
2157.9110112025724,Debit,Dallas,ATM,1645.1604933556227,Engineer,6471.889586664482,5100.811912596401,6353.14,rendah,0
5194.240732960178,Debit,Oklahoma City,Branch,9132.04672191745,Doctor,5033.007772531566,5100.811912596401,13587.52,tinggi,1
1659.430480571064,Debit,Denver,ATM,11554.274619393334,Retired,11231.267894950277,5100.811912596401,1351.2399999999998,tinggi,0
3653.352603097096,Debit,Indianapolis,ATM,7810.831505112422,Retired,3428.101133691006,5100.811912596401,3728.04,tinggi,0
4074.3593111286605,Debit,Detroit,Online,7810.831505112422,Doctor,6361.206370192718,5100.811912596401,6067.44,tinggi,0
1419.1363841467587,Debit,Dallas,Branch,9132.04672191745,Retired,5863.131896069786,5100.811912596401,4292.16,tinggi,0
8303.929039627661,Debit,Jacksonville,ATM,7590.628968978251,Retired,5918.473504305668,5100.811912596401,3801.82,tinggi,0
1842.4690960900998,Credit,Jacksonville,Branch,9352.249258051621,Retired,7468.038534910345,5100.811912596401,6353.22,tinggi,0
3775.91511690994,Credit,Louisville,Online,323.9452765505948,Student,-722.5194840000959,5100.811912596401,1251.85,rendah,0
11748.204062835317,Debit,Austin,Online,4948.198535368194,Doctor,4479.591690172752,5100.811912596401,11869.71,sedang,0
5307.499231125916,Debit,San Antonio,Online,1645.1604933556227,Doctor,8298.162658448566,5100.811912596401,9409.43,rendah,1
10527.767702663918,Credit,Memphis,Online,6269.413752173222,Engineer,3594.1259583986503,5100.811912596401,817.8299999999999,sedang,1
2873.6045225184494,Debit,Colorado Springs,Branch,1424.9579572214516,Student,7357.355318438584,5100.811912596401,319.64999999999964,rendah,0
948.56790045657,Credit,Nashville,Online,4067.388390831508,Engineer,-556.4946592924525,5100.811912596401,478.2300000000005,sedang,1
1941.0558772738623,Credit,New York,Branch,6930.021360575736,Doctor,1712.511278378684,5100.811912596401,8012.81,sedang,1
660.1434153962718,Debit,Mesa,ATM,10233.059402588307,Retired,9460.336431402076,5100.811912596401,4201.22,tinggi,1
3706.4928463122997,Debit,Omaha,ATM,-777.0674041202619,Student,-445.8114428206891,5100.811912596401,8870.89,rendah,1
2566.9298529195958,Debit,San Francisco,Branch,1204.75542108728,Engineer,4479.591690172752,5100.811912596401,906.1999999999998,rendah,1
3397.3132494238416,Debit,San Jose,Online,5388.603607636536,Doctor,13776.981873800822,5100.811912596401,9286.37,sedang,1
10216.441025241511,Credit,Nashville,Branch,10673.46447485665,Retired,1989.2193195580908,5100.811912596401,2224.08,tinggi,1
6185.655169510496,Credit,Sacramento,Online,10012.856866454134,Doctor,-611.8362675283333,5100.811912596401,14639.279999999999,tinggi,1
5532.942687190417,Debit,Houston,Branch,5168.401071502365,Engineer,107.6046395381245,5100.811912596401,9733.59,sedang,0
938.1903445424896,Debit,San Diego,ATM,1645.1604933556227,Engineer,52.26303130224278,5100.811912596401,2756.2,rendah,1
7168.660207302853,Debit,San Diego,ATM,7370.426432844079,Retired,6416.5479784286,5100.811912596401,3233.87,sedang,1
4927.8238233728425,Credit,Chicago,Branch,9572.451794185792,Retired,6748.597627843888,5100.811912596401,2611.64,tinggi,0
1378.1629306239251,Credit,Kansas City,Branch,-777.0674041202619,Student,6029.156720777431,5100.811912596401,552.0600000000004,rendah,0
579.6278953732353,Credit,Omaha,Branch,8471.439113514936,Retired,5088.349380767447,5100.811912596401,6017.36,tinggi,1
1596.6283749530962,Debit,Oklahoma City,Branch,2746.1731740264795,Engineer,1712.511278378684,5100.811912596401,7281.46,sedang,1
7808.848053174904,Debit,Mesa,Branch,984.5528849531083,Engineer,11840.025585544972,5100.811912596401,6847.47,rendah,1
9891.695094481933,Debit,El Paso,Branch,8031.034041246593,Doctor,2708.6602266245486,5100.811912596401,13017.7,tinggi,0
2454.923818398661,Debit,Milwaukee,ATM,984.5528849531083,Student,12172.075234960263,5100.811912596401,7597.66,rendah,1
1758.375108510484,Debit,Nashville,Branch,9132.04672191745,Retired,1214.4368042557512,5100.811912596401,7330.31,tinggi,1
6303.207828744129,Debit,Virginia Beach,ATM,7150.223896709907,Retired,162.94624777400531,5100.811912596401,2248.06,sedang,1
1215.521580177392,Debit,Austin,Online,10673.46447485665,Retired,7523.380143146227,5100.811912596401,3524.68,tinggi,0
1959.4849851902454,Credit,Seattle,Online,103.74274041642275,Student,2265.9273607374976,5100.811912596401,1814.48,rendah,1
3973.2676026552926,Debit,Kansas City,Branch,3406.780782428994,Engineer,8242.821050212686,5100.811912596401,3886.77,sedang,0
8987.237419556495,Debit,San Jose,ATM,7810.831505112422,Retired,10345.802163176177,5100.811912596401,1484.31,tinggi,1
11916.21311461672,Debit,Dallas,Branch,12655.287300064192,Retired,6914.622452551532,5100.811912596401,4202.92,tinggi,0
3253.45885364935,Credit,Portland,Branch,9792.654330319965,Retired,8132.137833740922,5100.811912596401,4813.12,tinggi,1
3844.084923862777,Debit,Tucson,Branch,-777.0674041202619,Student,6195.181545485075,5100.811912596401,9716.68,rendah,1
12029.471612782458,Debit,Atlanta,Online,544.147812684766,Student,1546.4864536710397,5100.811912596401,1980.62,rendah,0
5962.537717357772,Debit,Phoenix,ATM,103.74274041642275,Student,10788.535029063227,5100.811912596401,944.8299999999999,rendah,1
4676.078630767483,Credit,Nashville,Branch,4507.793463099851,Doctor,550.3375054251746,5100.811912596401,7469.2,sedang,1
14696.324559323242,Debit,Memphis,Online,10233.059402588307,Doctor,2708.6602266245486,5100.811912596401,13389.16,tinggi,1
4516.657901121872,Debit,Houston,ATM,6709.818824441565,Doctor,3649.4675666345315,5100.811912596401,8475.47,sedang,0
4349.185619473958,Credit,Tucson,ATM,323.9452765505948,Student,1989.2193195580908,5100.811912596401,991.6899999999996,rendah,1
3430.056227566543,Credit,Baltimore,Branch,9132.04672191745,Retired,4645.616514880396,5100.811912596401,6953.8,tinggi,0
3994.2016378612825,Debit,Jacksonville,Branch,2746.1731740264795,Engineer,3538.7843501627685,5100.811912596401,1370.0299999999997,sedang,0
4575.881539183261,Debit,Sacramento,Online,2746.1731740264795,Doctor,13832.323482036703,5100.811912596401,11505.35,sedang,1
5155.593283349121,Debit,Oklahoma City,Online,984.5528849531083,Student,4036.8588242857013,5100.811912596401,914.2799999999997,rendah,1
1570.1477150344085,Credit,Dallas,Online,3186.5782462948227,Doctor,1546.4864536710397,5100.811912596401,9955.88,sedang,0
2526.1353227745903,Credit,San Antonio,Online,11334.072083259165,Retired,218.28785600988704,5100.811912596401,3807.84,tinggi,1
716.6832027902265,Debit,Phoenix,ATM,-116.45979571774842,Student,5752.448679598024,5100.811912596401,320.25,rendah,1
6394.458751436903,Debit,Sacramento,Branch,7370.426432844079,Doctor,-722.5194840000959,5100.811912596401,12033.92,sedang,1
3265.0888732082335,Debit,Mesa,ATM,8691.641649649107,Retired,3040.709876039836,5100.811912596401,6109.55,tinggi,1
4682.162025613668,Debit,Chicago,Online,-336.6623318519196,Student,14939.15564675433,5100.811912596401,1691.88,rendah,0
2271.5273561239674,Debit,Fort Worth,ATM,2305.768101758137,Doctor,4977.666164295684,5100.811912596401,10095.23,rendah,0
2068.8071690437455,Debit,Atlanta,Branch,-116.45979571774842,Student,12448.78327613967,5100.811912596401,1504.9899999999998,rendah,0
1997.4167412899865,Debit,Omaha,Branch,2305.768101758137,Doctor,7246.67210196682,5100.811912596401,13182.11,rendah,1
5292.469667388283,Debit,Charlotte,Online,5388.603607636536,Engineer,716.3623301328198,5100.811912596401,4330.04,sedang,0
16072.603181583669,Debit,El Paso,ATM,1645.1604933556227,Doctor,661.0207218969381,5100.811912596401,905.25,rendah,0
3448.8431822385846,Debit,Louisville,Branch,12435.084763930021,Retired,4590.274906644515,5100.811912596401,3553.69,tinggi,0
14069.913813544019,Debit,San Francisco,ATM,10453.261938722479,Retired,3483.4427419268877,5100.811912596401,6164.65,tinggi,1
2361.883661927597,Debit,Kansas City,Online,1424.9579572214516,Engineer,8906.920349043261,5100.811912596401,9626.14,rendah,0
10953.068571763377,Debit,Kansas City,Online,7370.426432844079,Engineer,6195.181545485075,5100.811912596401,6364.14,sedang,0
4156.485141552157,Debit,Washington,Online,12214.88222779585,Retired,7302.013710202702,5100.811912596401,4351.83,tinggi,1
1462.793688337027,Debit,New York,Online,7590.628968978251,Retired,7634.06335961799,5100.811912596401,5773.5,tinggi,1
2655.4969249449355,Debit,Portland,ATM,6049.211216039051,Doctor,4313.566865465108,5100.811912596401,5403.79,sedang,1
4456.002876037852,Debit,Indianapolis,Online,2085.5655656239655,Engineer,52.26303130224278,5100.811912596401,8135.31,rendah,0
2634.7418131167747,Debit,Philadelphia,ATM,5168.401071502365,Doctor,3317.4179172192435,5100.811912596401,9798.26,sedang,1
3785.398055934875,Debit,Raleigh,ATM,-116.45979571774842,Student,2597.9770101527856,5100.811912596401,137.42000000000007,rendah,1
15872.745768548713,Debit,Jacksonville,Online,8471.439113514936,Engineer,11065.243070242635,5100.811912596401,7015.46,tinggi,0
710.4208845662124,Credit,San Francisco,Online,4287.5909269656795,Engineer,5586.4238548903795,5100.811912596401,2356.71,sedang,1
1603.427463310597,Debit,Columbus,Branch,11774.477155527507,Retired,7578.721751382109,5100.811912596401,4294.44,tinggi,0
2349.716872235227,Credit,Milwaukee,Branch,6049.211216039051,Engineer,6803.939236079769,5100.811912596401,9251.38,sedang,1
8112.838872106322,Credit,Colorado Springs,Online,984.5528849531083,Engineer,8021.454617269159,5100.811912596401,9880.71,rendah,0
1596.0916048196095,Debit,Colorado Springs,ATM,6709.818824441565,Retired,11674.00076083733,5100.811912596401,6189.24,sedang,0
1654.2417026140238,Debit,Omaha,ATM,6489.616288307394,Doctor,550.3375054251746,5100.811912596401,12540.18,sedang,1
9863.425200784957,Debit,Jacksonville,Online,6930.021360575736,Retired,3096.0514842757175,5100.811912596401,4586.11,sedang,0
1404.643590542612,Debit,Las Vegas,Branch,9572.451794185792,Retired,7578.721751382109,5100.811912596401,1519.38,tinggi,0
2474.963236715505,Debit,Detroit,Branch,-556.8648679860908,Student,3760.1507831062945,5100.811912596401,1447.2600000000002,rendah,0
1479.9703326086087,Credit,Philadelphia,Branch,323.9452765505948,Student,384.3126807175313,5100.811912596401,1131.42,rendah,1
1932.467555138071,Debit,Kansas City,Online,10233.059402588307,Doctor,4866.982947823922,5100.811912596401,10278.75,tinggi,0
805.7870449490529,Credit,Detroit,Online,1865.3630294897944,Doctor,6582.572803136244,5100.811912596401,535.1499999999996,rendah,0
1733.1469122365997,Debit,Omaha,Branch,1645.1604933556227,Doctor,7191.3304937309385,5100.811912596401,13891.469999999998,rendah,1
12016.946976334428,Credit,Detroit,Online,-777.0674041202619,Student,4313.566865465108,5100.811912596401,1046.7399999999998,rendah,0
6380.144881210585,Credit,San Diego,Online,4507.793463099851,Engineer,218.28785600988704,5100.811912596401,2840.45,sedang,1
1805.7898036351612,Debit,Seattle,Online,10453.261938722479,Retired,937.728763076344,5100.811912596401,6216.77,tinggi,1
6852.860445434722,Debit,Detroit,Branch,6489.616288307394,Doctor,13943.006698508467,5100.811912596401,10141.92,sedang,0
14709.743812660414,Credit,Los Angeles,ATM,103.74274041642275,Student,12448.78327613967,5100.811912596401,1404.06,rendah,0
1028.1888035904608,Debit,Detroit,ATM,1204.75542108728,Engineer,2321.268968973379,5100.811912596401,7795.79,rendah,0
7061.664027361128,Credit,Portland,Online,-116.45979571774842,Student,3594.1259583986503,5100.811912596401,1560.4499999999998,rendah,1
4687.529726948538,Debit,Boston,Online,11113.869547124992,Retired,6361.206370192718,5100.811912596401,4749.54,tinggi,0
8947.695353056291,Debit,Raleigh,ATM,-777.0674041202619,Student,6139.839937249193,5100.811912596401,1044.3300000000004,rendah,1
4323.599576444414,Credit,Fort Worth,Branch,11334.072083259165,Retired,4036.8588242857013,5100.811912596401,2012.2399999999998,tinggi,0
5053.785881364438,Debit,Phoenix,ATM,5829.0086799048795,Engineer,1048.4119795481074,5100.811912596401,2487.2,sedang,1
10842.315000887247,Debit,San Jose,ATM,3406.780782428994,Doctor,1989.2193195580908,5100.811912596401,14977.989999999998,sedang,1
3551.7241244902416,Debit,Chicago,ATM,1204.75542108728,Student,13168.224183206126,5100.811912596401,1969.48,rendah,0
6420.760487977762,Credit,Nashville,Branch,9352.249258051621,Retired,4756.299731352159,5100.811912596401,2525.25,tinggi,1
2873.067752384962,Credit,Phoenix,ATM,2966.375710160651,Engineer,1103.7535877839891,5100.811912596401,7457.94,sedang,1
1830.1233830199017,Debit,Memphis,Online,-777.0674041202619,Student,2155.244144265735,5100.811912596401,1690.23,rendah,1
4033.3858576058265,Debit,Tucson,Online,1424.9579572214516,Engineer,5973.815112541549,5100.811912596401,3114.92,rendah,1
12991.005845235337,Debit,New York,Online,4948.198535368194,Engineer,6969.9640607874135,5100.811912596401,6824.0,sedang,1
3153.4406854429562,Debit,Tucson,Branch,-336.6623318519196,Student,439.6542889534121,5100.811912596401,1488.65,rendah,1
903.6581326214991,Debit,San Antonio,Branch,-556.8648679860908,Student,1601.8280619069214,5100.811912596401,5583.88,rendah,1
520.7621040675058,Debit,Colorado Springs,ATM,764.3503488189372,Student,6195.181545485075,5100.811912596401,1357.2200000000003,rendah,0
14051.663629005467,Debit,Atlanta,Branch,9572.451794185792,Doctor,9737.044472581481,5100.811912596401,10553.23,tinggi,0
1199.7763229284428,Credit,Virginia Beach,Online,764.3503488189372,Student,6527.231194900362,5100.811912596401,1619.6,rendah,1
1086.1599780070474,Debit,Charlotte,Online,2085.5655656239655,Doctor,-943.8859169436219,5100.811912596401,8656.18,rendah,0
874.6725454132056,Debit,Charlotte,Branch,103.74274041642275,Student,1767.8528866145648,5100.811912596401,949.3800000000001,rendah,0
12352.070463008087,Debit,Atlanta,Branch,323.9452765505948,Student,10622.510204355583,5100.811912596401,1996.38,rendah,0
1132.5011328647506,Debit,Boston,Branch,1865.3630294897944,Doctor,4313.566865465108,5100.811912596401,14330.469999999998,rendah,0
4347.396385695667,Credit,Los Angeles,ATM,5388.603607636536,Doctor,-58.420185169519755,5100.811912596401,5368.42,sedang,0
959.4822265041375,Debit,Louisville,Branch,7810.831505112422,Engineer,2155.244144265735,5100.811912596401,8616.05,tinggi,0
11556.75604855832,Debit,Memphis,ATM,4287.5909269656795,Engineer,716.3623301328198,5100.811912596401,5906.58,sedang,1
8492.335356481566,Debit,Houston,ATM,9132.04672191745,Retired,2764.00183486043,5100.811912596401,7863.6,tinggi,0
7267.246988486615,Debit,Raleigh,Branch,2525.9706378923083,Engineer,9792.386080817363,5100.811912596401,2254.71,sedang,1
702.906102697395,Debit,Phoenix,Online,1865.3630294897944,Engineer,882.3871548404632,5100.811912596401,6983.04,rendah,1
5433.998059250996,Debit,Fort Worth,ATM,3186.5782462948227,Doctor,2210.5857525016163,5100.811912596401,9697.75,sedang,0
3721.701333427762,Debit,Philadelphia,Online,12435.084763930021,Retired,2985.368267803955,5100.811912596401,5909.52,tinggi,1
1084.0128974730997,Debit,Kansas City,Branch,4948.198535368194,Doctor,993.0703713122266,5100.811912596401,7847.62,sedang,0
5406.443859065336,Debit,Portland,Branch,12655.287300064192,Retired,4534.933298408633,5100.811912596401,4543.56,tinggi,1
7465.136244365454,Debit,Fresno,ATM,323.9452765505948,Student,7080.647277259176,5100.811912596401,1819.9099999999999,rendah,0
9323.434446497125,Debit,Indianapolis,ATM,764.3503488189372,Student,605.6791136610573,5100.811912596401,577.6700000000001,rendah,0
3168.6491725584187,Debit,Mesa,ATM,7810.831505112422,Doctor,-113.76179340540057,5100.811912596401,7802.36,tinggi,1
3833.1705978152104,Credit,Fresno,Branch,4287.5909269656795,Engineer,1435.8032371992772,5100.811912596401,402.4499999999998,sedang,0
6275.29578180281,Debit,Jacksonville,ATM,1204.75542108728,Student,1657.1696701428027,5100.811912596401,1238.4300000000003,rendah,0
868.0523804335344,Debit,Miami,Branch,-777.0674041202619,Student,-279.78661811304573,5100.811912596401,796.3500000000004,rendah,1
2370.293060685559,Credit,Louisville,Online,9132.04672191745,Retired,4479.591690172752,5100.811912596401,5009.29,tinggi,0
1504.8406821268354,Debit,Seattle,Online,3847.1858546973367,Engineer,2265.9273607374976,5100.811912596401,5346.46,sedang,1
2214.987568730014,Debit,Louisville,Branch,2525.9706378923083,Engineer,1325.1200207275142,5100.811912596401,2434.74,sedang,0
9041.272279660843,Debit,Columbus,Online,1204.75542108728,Engineer,13887.665090272585,5100.811912596401,6568.07,rendah,0
888.4496455060362,Debit,Louisville,Online,7810.831505112422,Doctor,3981.5172160498196,5100.811912596401,658.9099999999999,tinggi,0
5484.454451798765,Debit,Jacksonville,Branch,1424.9579572214516,Student,-58.420185169519755,5100.811912596401,1346.88,rendah,0
4359.205328632379,Debit,Detroit,ATM,1204.75542108728,Student,10456.48537964794,5100.811912596401,1582.5500000000002,rendah,0
3983.1083884358864,Debit,Milwaukee,ATM,9792.654330319965,Doctor,7412.6969266744645,5100.811912596401,14395.879999999997,tinggi,1
855.8855907411644,Debit,Charlotte,Branch,9352.249258051621,Retired,5254.374205475091,5100.811912596401,1061.69,tinggi,0
1960.9163722128774,Debit,Houston,Online,4287.5909269656795,Engineer,4202.883648993346,5100.811912596401,7192.45,sedang,0
6133.230619806608,Credit,Virginia Beach,Branch,8031.034041246593,Engineer,11120.584678478515,5100.811912596401,9923.45,tinggi,1
8854.655196585229,Debit,Las Vegas,ATM,8031.034041246593,Doctor,-888.544308707741,5100.811912596401,10915.11,tinggi,0
8959.146449237347,Debit,New York,Branch,7370.426432844079,Engineer,3317.4179172192435,5100.811912596401,7128.82,sedang,1
1706.8451756957415,Debit,Indianapolis,Online,8251.236577380765,Doctor,-722.5194840000959,5100.811912596401,9028.49,tinggi,0
2342.38101374424,Debit,Albuquerque,Branch,12655.287300064192,Retired,5088.349380767447,5100.811912596401,4656.94,tinggi,0
8619.370954740134,Debit,Seattle,Branch,9792.654330319965,Doctor,6637.914411372125,5100.811912596401,6366.43,tinggi,1
5285.6705790307815,Debit,Seattle,ATM,984.5528849531083,Student,7910.771400797397,5100.811912596401,1382.62,rendah,1
2496.076195299324,Debit,Boston,ATM,9792.654330319965,Doctor,882.3871548404632,5100.811912596401,14350.11,tinggi,0
2673.389262727833,Debit,Phoenix,ATM,10233.059402588307,Doctor,7246.67210196682,5100.811912596401,12990.77,tinggi,1
4321.4524959104665,Debit,Mesa,Branch,6489.616288307394,Retired,3704.809174870413,5100.811912596401,4835.91,sedang,1
3866.9871162248855,Debit,Nashville,ATM,8471.439113514936,Engineer,8464.18748315621,5100.811912596401,2154.58,tinggi,1
8948.411046567608,Credit,San Jose,Online,2746.1731740264795,Doctor,6305.864761956837,5100.811912596401,14833.34,sedang,1
2004.5736764031462,Debit,Nashville,ATM,7810.831505112422,Engineer,1103.7535877839891,5100.811912596401,5061.3,tinggi,1
2279.5789081262715,Debit,San Francisco,Online,12655.287300064192,Retired,9681.7028643456,5100.811912596401,2607.58,tinggi,1
15522.950564893079,Credit,Louisville,Branch,8471.439113514936,Doctor,3262.0763089833617,5100.811912596401,11538.97,tinggi,0
581.2382057736968,Debit,San Diego,Online,3626.983318563165,Engineer,605.6791136610573,5100.811912596401,7822.73,sedang,1
1405.180360676099,Credit,Raleigh,Online,8031.034041246593,Doctor,2044.560927793972,5100.811912596401,7604.9,tinggi,1
2936.0487813807586,Debit,Fresno,Online,7810.831505112422,Retired,13389.590616149653,5100.811912596401,1480.3900000000003,tinggi,0
7099.237936705212,Debit,Raleigh,Branch,10233.059402588307,Doctor,384.3126807175313,5100.811912596401,13696.309999999998,tinggi,1
826.5421567772128,Credit,Sacramento,Branch,9352.249258051621,Doctor,5973.815112541549,5100.811912596401,12344.9,tinggi,1
2792.015462228439,Credit,Virginia Beach,Branch,2085.5655656239655,Engineer,1103.7535877839891,5100.811912596401,8630.99,rendah,1
804.7135046820786,Debit,Houston,Online,5168.401071502365,Engineer,1159.09519601987,5100.811912596401,2202.62,sedang,0
6179.392851286482,Debit,Fort Worth,Branch,4948.198535368194,Doctor,2930.026659568074,5100.811912596401,14409.739999999998,sedang,0
9033.399651036369,Debit,Charlotte,ATM,12655.287300064192,Retired,4866.982947823922,5100.811912596401,4894.25,tinggi,0
3306.956943620212,Debit,Portland,Branch,544.147812684766,Student,7357.355318438584,5100.811912596401,8981.61,rendah,1
1491.6003521674916,Credit,Houston,Online,2746.1731740264795,Engineer,12946.857750262601,5100.811912596401,3791.99,sedang,0
787.0000902770107,Debit,Denver,Branch,1204.75542108728,Student,605.6791136610573,5100.811912596401,690.1599999999999,rendah,0
5822.08286576203,Debit,Phoenix,Online,11994.679691661679,Retired,8353.504266684447,5100.811912596401,5449.37,tinggi,1
12096.925726223977,Debit,Omaha,Branch,3186.5782462948227,Doctor,5199.03259723921,5100.811912596401,13779.969999999998,sedang,1
1848.0157208027981,Debit,El Paso,ATM,6049.211216039051,Engineer,8353.504266684447,5100.811912596401,9648.6,sedang,0
5406.443859065336,Debit,Virginia Beach,Online,1424.9579572214516,Student,439.6542889534121,5100.811912596401,1029.15,rendah,1
4366.541187123367,Credit,Jacksonville,Branch,6489.616288307394,Retired,2155.244144265735,5100.811912596401,3656.62,sedang,0
8030.891965060655,Debit,Louisville,Branch,984.5528849531083,Student,1546.4864536710397,5100.811912596401,1778.75,rendah,0
12821.744329809131,Credit,Memphis,Branch,323.9452765505948,Student,-279.78661811304573,5100.811912596401,5191.13,rendah,1
5607.911582500755,Credit,Sacramento,Branch,7370.426432844079,Doctor,6803.939236079769,5100.811912596401,14847.969999999998,sedang,1
4326.283427111849,Debit,Boston,ATM,9132.04672191745,Doctor,-667.1778757642151,5100.811912596401,5238.37,tinggi,0
8791.495244211603,Credit,Las Vegas,Branch,6489.616288307394,Doctor,7302.013710202702,5100.811912596401,10238.82,sedang,0
6044.126777647782,Debit,Charlotte,Online,8031.034041246593,Doctor,6637.914411372125,5100.811912596401,972.04,tinggi,0
7252.21742474898,Credit,Mesa,Branch,984.5528849531083,Student,2431.9521854451414,5100.811912596401,6430.86,rendah,1
1887.5577873029997,Debit,Virginia Beach,Branch,10233.059402588307,Doctor,7191.3304937309385,5100.811912596401,14077.969999999998,tinggi,1
3134.116960637428,Debit,Portland,ATM,9352.249258051621,Retired,13555.615440857298,5100.811912596401,3990.6,tinggi,1
2770.5446568889624,Debit,San Antonio,Branch,103.74274041642275,Student,6582.572803136244,5100.811912596401,961.6499999999996,rendah,1
2318.584204492987,Debit,Boston,ATM,544.147812684766,Student,1048.4119795481074,5100.811912596401,703.2600000000002,rendah,0
3814.9204132766554,Debit,Denver,Branch,8031.034041246593,Doctor,13334.249007913771,5100.811912596401,1156.67,tinggi,0
8577.502884328154,Debit,Colorado Springs,ATM,5388.603607636536,Engineer,8187.479441976803,5100.811912596401,1356.4700000000003,sedang,0
9746.230388306984,Credit,Charlotte,ATM,764.3503488189372,Student,3704.809174870413,5100.811912596401,1305.06,rendah,0
16251.34763603481,Debit,Sacramento,ATM,764.3503488189372,Student,107.6046395381245,5100.811912596401,261.97000000000025,rendah,1
1698.6147003156084,Credit,San Antonio,Branch,764.3503488189372,Student,6250.523153720956,5100.811912596401,1210.33,rendah,1
2218.566036286593,Debit,Los Angeles,Branch,2085.5655656239655,Engineer,7855.429792561516,5100.811912596401,337.6199999999999,rendah,0
2259.360566431598,Debit,El Paso,Branch,7150.223896709907,Engineer,7634.06335961799,5100.811912596401,6323.45,sedang,0
11556.75604855832,Debit,Boston,ATM,4507.793463099851,Engineer,5586.4238548903795,5100.811912596401,7155.95,sedang,0
16403.969277322925,Debit,San Antonio,Online,8911.844185783279,Retired,4147.542040757464,5100.811912596401,7896.14,tinggi,1
2428.443158479974,Debit,Omaha,Branch,103.74274041642275,Student,5641.76546312626,5100.811912596401,591.2300000000005,rendah,1
1159.6974862947536,Debit,Omaha,ATM,8911.844185783279,Retired,2321.268968973379,5100.811912596401,2583.07,tinggi,1
10804.562168165334,Debit,Oklahoma City,Online,4727.995999234022,Doctor,5641.76546312626,5100.811912596401,234.40999999999985,sedang,1
2024.2552479643318,Debit,San Jose,ATM,3406.780782428994,Engineer,2376.61057720926,5100.811912596401,4735.61,sedang,1
644.2192347694936,Credit,Las Vegas,Online,6709.818824441565,Retired,3151.393092511599,5100.811912596401,7393.11,sedang,0
2461.0072132448463,Debit,Fort Worth,Branch,7590.628968978251,Doctor,-3.0785769336380326,5100.811912596401,13510.11,tinggi,0
4622.043770663136,Debit,Austin,Online,12655.287300064192,Retired,5365.0574219468535,5100.811912596401,4466.1,tinggi,0
6980.969583960265,Debit,Detroit,ATM,7150.223896709907,Retired,4645.616514880396,5100.811912596401,7474.31,sedang,0
2696.29145508994,Debit,New York,Branch,5388.603607636536,Doctor,3926.1756078139383,5100.811912596401,7255.49,sedang,1
12001.738489218966,Debit,Mesa,ATM,9572.451794185792,Doctor,5586.4238548903795,5100.811912596401,11417.91,tinggi,1
3640.2911965155818,Credit,Mesa,ATM,10453.261938722479,Doctor,2321.268968973379,5100.811912596401,6039.04,tinggi,1
3511.2874411008947,Credit,Tucson,Branch,2305.768101758137,Engineer,-888.544308707741,5100.811912596401,3498.58,rendah,1
710.4208845662124,Debit,Chicago,Online,10012.856866454134,Retired,2542.6354019169044,5100.811912596401,6628.75,tinggi,0
7341.500190285637,Credit,Omaha,Branch,8911.844185783279,Doctor,6637.914411372125,5100.811912596401,10156.09,tinggi,1
1674.1021975530393,Debit,Mesa,ATM,1424.9579572214516,Student,1491.1448454351585,5100.811912596401,9165.02,rendah,1
13568.570508867251,Credit,Chicago,Branch,12214.88222779585,Retired,3649.4675666345315,5100.811912596401,6384.05,tinggi,0
2031.7700298331492,Debit,Kansas City,ATM,8911.844185783279,Retired,-3.0785769336380326,5100.811912596401,6095.65,tinggi,0
13506.126250004938,Debit,Phoenix,ATM,-777.0674041202619,Student,13832.323482036703,5100.811912596401,1008.7600000000002,rendah,1
2838.535540463971,Debit,Raleigh,Branch,5168.401071502365,Engineer,1989.2193195580908,5100.811912596401,4381.24,sedang,1
1723.8428965894932,Debit,Milwaukee,ATM,-336.6623318519196,Student,1103.7535877839891,5100.811912596401,1382.8000000000002,rendah,1
1673.028657286066,Debit,Sacramento,Branch,984.5528849531083,Student,2487.2937936810226,5100.811912596401,7380.63,rendah,1
3933.9044595329196,Debit,Jacksonville,Branch,9132.04672191745,Doctor,1325.1200207275142,5100.811912596401,1981.67,tinggi,0
4314.295560797308,Debit,Fresno,Online,3847.1858546973367,Doctor,5254.374205475091,5100.811912596401,7036.72,sedang,0
2086.6995068266424,Debit,Virginia Beach,ATM,1865.3630294897944,Engineer,6139.839937249193,5100.811912596401,3707.82,rendah,1
7484.99673930447,Debit,El Paso,Online,984.5528849531083,Engineer,1214.4368042557512,5100.811912596401,2617.23,rendah,0
1369.3956851103053,Debit,San Diego,Online,3406.780782428994,Engineer,11895.367193780854,5100.811912596401,8883.4,sedang,1
6478.37381563869,Debit,Fresno,ATM,9132.04672191745,Retired,5973.815112541549,5100.811912596401,1660.6599999999999,tinggi,0
2299.4394030652866,Debit,Miami,Online,12655.287300064192,Retired,1325.1200207275142,5100.811912596401,4309.9,tinggi,1
1302.2994184244417,Debit,San Antonio,ATM,2085.5655656239655,Engineer,7578.721751382109,5100.811912596401,362.39999999999964,rendah,1
1975.5880891948532,Debit,Fort Worth,Branch,1424.9579572214516,Student,-335.12822634892655,5100.811912596401,1913.06,rendah,0
8510.764464397951,Debit,Charlotte,Online,2305.768101758137,Engineer,2099.9025360298533,5100.811912596401,6133.22,rendah,0
11066.505993306944,Credit,Austin,Branch,764.3503488189372,Student,1159.09519601987,5100.811912596401,1068.2799999999993,rendah,0
3953.764954471935,Debit,Milwaukee,Branch,10893.667010990823,Retired,7191.3304937309385,5100.811912596401,2037.75,tinggi,1
712.3890417223311,Credit,New York,Branch,7590.628968978251,Retired,2044.560927793972,5100.811912596401,2061.61,tinggi,1
645.2927750364679,Debit,Boston,ATM,3186.5782462948227,Engineer,13610.957049093176,5100.811912596401,2240.49,sedang,0
1926.563083669715,Debit,Dallas,ATM,11554.274619393334,Retired,2487.2937936810226,5100.811912596401,6579.37,tinggi,0
7429.1726454218315,Debit,Raleigh,Branch,8031.034041246593,Retired,6084.498329013311,5100.811912596401,1876.35,tinggi,1
1421.8202348141936,Debit,Fresno,Branch,323.9452765505948,Student,3040.709876039836,5100.811912596401,1664.5900000000001,rendah,0
5086.707782884968,Debit,Nashville,ATM,7150.223896709907,Retired,439.6542889534121,5100.811912596401,6910.18,sedang,1
644.7560049029807,Debit,Los Angeles,Branch,2746.1731740264795,Doctor,14994.497254990212,5100.811912596401,1319.85,sedang,0
4686.992956815051,Debit,Louisville,Branch,9132.04672191745,Doctor,-888.544308707741,5100.811912596401,6095.5,tinggi,0
3661.0463083437417,Debit,Boston,Branch,7370.426432844079,Retired,5475.740638418617,5100.811912596401,2420.86,sedang,0
2051.4516013943357,Debit,Fresno,ATM,11774.477155527507,Retired,5420.399030182735,5100.811912596401,3128.71,tinggi,0
891.3124195513001,Debit,San Francisco,ATM,7150.223896709907,Retired,2431.9521854451414,5100.811912596401,7587.48,sedang,1
1984.5342580863012,Debit,Milwaukee,Branch,984.5528849531083,Student,1048.4119795481074,5100.811912596401,290.59000000000015,rendah,1
10229.323508445199,Debit,Los Angeles,ATM,-777.0674041202619,Student,5254.374205475091,5100.811912596401,6165.03,rendah,0
6709.721743171546,Credit,San Jose,Branch,-116.45979571774842,Student,4922.324556059803,5100.811912596401,1637.75,rendah,1
1354.902891506159,Debit,El Paso,Branch,544.147812684766,Student,2155.244144265735,5100.811912596401,585.5199999999995,rendah,0
1666.9452624398814,Debit,Atlanta,Branch,8031.034041246593,Engineer,11563.317544365567,5100.811912596401,5481.76,tinggi,0
6780.5754007918185,Credit,Fresno,ATM,1424.9579572214516,Student,1159.09519601987,5100.811912596401,1982.9,rendah,0
573.3655771492222,Debit,Charlotte,Online,9572.451794185792,Doctor,8132.137833740922,5100.811912596401,5766.96,tinggi,0
908.6679872007098,Debit,El Paso,Online,984.5528849531083,Engineer,827.0455466045814,5100.811912596401,7139.11,rendah,0
3501.804502075959,Debit,Sacramento,ATM,2966.375710160651,Engineer,4202.883648993346,5100.811912596401,2293.13,sedang,1
1286.3752377976639,Credit,Charlotte,Branch,1865.3630294897944,Engineer,10235.118946704413,5100.811912596401,2870.67,rendah,0
7497.16352899684,Debit,Portland,Online,4948.198535368194,Doctor,384.3126807175313,5100.811912596401,5500.56,sedang,1
9597.545061331108,Debit,Mesa,ATM,3847.1858546973367,Engineer,5752.448679598024,5100.811912596401,5609.44,sedang,1
6451.535308964344,Debit,Kansas City,ATM,1204.75542108728,Student,4092.2004325215826,5100.811912596401,192.6300000000001,rendah,0
6984.011281383356,Debit,New York,Branch,2305.768101758137,Engineer,218.28785600988704,5100.811912596401,6590.28,rendah,1
1267.230436369964,Debit,San Jose,Online,1865.3630294897944,Doctor,2930.026659568074,5100.811912596401,13485.0,rendah,1
4954.483406669359,Debit,Chicago,Online,1424.9579572214516,Engineer,4756.299731352159,5100.811912596401,2571.39,rendah,0
8758.215495935414,Credit,Sacramento,Online,7150.223896709907,Doctor,7966.113009033278,5100.811912596401,676.1000000000004,sedang,1
1610.5843984237563,Debit,Charlotte,Branch,7590.628968978251,Doctor,1214.4368042557512,5100.811912596401,12352.2,tinggi,0
5316.982170150852,Debit,Chicago,Branch,1645.1604933556227,Engineer,6693.256019608007,5100.811912596401,8765.38,rendah,0
4424.154514784295,Credit,San Diego,Online,7150.223896709907,Engineer,2265.9273607374976,5100.811912596401,7375.73,sedang,1
2744.4218437259333,Debit,Baltimore,Branch,-336.6623318519196,Student,218.28785600988704,5100.811912596401,1845.1800000000003,rendah,0
1357.0499720401062,Debit,Austin,Online,6930.021360575736,Engineer,4866.982947823922,5100.811912596401,1382.5100000000002,sedang,0
11112.310378031161,Debit,Memphis,Online,11554.274619393334,Retired,12227.416843196144,5100.811912596401,7508.98,tinggi,1
7170.270517703313,Debit,Nashville,ATM,103.74274041642275,Student,10179.777338468533,5100.811912596401,3901.82,rendah,1
589.8265279094867,Debit,Fort Worth,Branch,2305.768101758137,Engineer,-390.46983458480827,5100.811912596401,4792.01,rendah,0
3098.511208449463,Debit,Fresno,Branch,4507.793463099851,Engineer,2597.9770101527856,5100.811912596401,6887.52,sedang,0
6169.37314212806,Debit,Denver,Online,1424.9579572214516,Engineer,12946.857750262601,5100.811912596401,8643.51,rendah,0
8042.521984619538,Debit,Fort Worth,Online,764.3503488189372,Student,2155.244144265735,5100.811912596401,7174.69,rendah,0
3828.160743235999,Debit,Virginia Beach,Branch,5829.0086799048795,Engineer,9238.96999845855,5100.811912596401,2679.91,sedang,1
975.4064071309158,Credit,Portland,Online,5168.401071502365,Engineer,8298.162658448566,5100.811912596401,8853.93,sedang,1
5819.935785228083,Debit,Austin,Online,8691.641649649107,Retired,6859.280844315651,5100.811912596401,1088.62,tinggi,0
2286.0201497281137,Debit,San Diego,ATM,6709.818824441565,Engineer,5531.082246654498,5100.811912596401,3798.09,sedang,1
3004.755358467083,Debit,Indianapolis,Online,6709.818824441565,Engineer,8464.18748315621,5100.811912596401,9567.94,sedang,0
2522.1990084623535,Debit,Washington,Branch,2085.5655656239655,Doctor,-556.4946592924525,5100.811912596401,9630.0,rendah,1
10683.967811508608,Debit,Nashville,Branch,-556.8648679860908,Student,4313.566865465108,5100.811912596401,1307.8599999999997,rendah,1
3887.5633046752164,Debit,Oklahoma City,ATM,1424.9579572214516,Student,1269.778412491633,5100.811912596401,1916.46,rendah,1
3888.4579215643616,Debit,Miami,Branch,10233.059402588307,Doctor,11674.00076083733,5100.811912596401,10790.8,tinggi,1
5571.590136801474,Debit,Baltimore,Online,544.147812684766,Student,8464.18748315621,5100.811912596401,603.79,rendah,0
3221.7894157736227,Debit,Chicago,ATM,6489.616288307394,Retired,4313.566865465108,5100.811912596401,2197.12,sedang,0
8352.77512177497,Debit,San Jose,Online,3406.780782428994,Engineer,4202.883648993346,5100.811912596401,8994.39,sedang,1
9472.119773473001,Debit,Phoenix,Branch,5608.806143770707,Engineer,10013.752513760888,5100.811912596401,8821.84,sedang,1
665.5111167311406,Debit,Oklahoma City,Online,11994.679691661679,Retired,4147.542040757464,5100.811912596401,3299.84,tinggi,1
3611.4845326851173,Debit,Austin,Online,-116.45979571774842,Student,7357.355318438584,5100.811912596401,421.4399999999996,rendah,0
3178.4899583390124,Debit,Chicago,ATM,6930.021360575736,Retired,5309.715813710973,5100.811912596401,1035.2200000000003,sedang,0
7451.359144272623,Credit,Columbus,Branch,6930.021360575736,Doctor,11618.659152601449,5100.811912596401,9724.49,sedang,0
2760.5249477305406,Credit,Charlotte,Branch,9572.451794185792,Retired,7744.746576089752,5100.811912596401,6041.69,tinggi,0
1436.491951796169,Credit,Colorado Springs,Branch,6269.413752173222,Doctor,218.28785600988704,5100.811912596401,8436.12,sedang,0
7478.01872756914,Credit,Austin,Branch,8911.844185783279,Doctor,10456.48537964794,5100.811912596401,7125.15,tinggi,0
6047.88416858219,Credit,San Antonio,Online,10012.856866454134,Retired,6084.498329013311,5100.811912596401,4378.14,tinggi,1
13462.647869192497,Debit,Fort Worth,Branch,4287.5909269656795,Doctor,5918.473504305668,5100.811912596401,10922.78,sedang,0
2741.55906968067,Debit,Washington,ATM,544.147812684766,Student,2819.343443096311,5100.811912596401,642.0,rendah,1
9224.668741935537,Debit,Kansas City,Branch,6709.818824441565,Doctor,7578.721751382109,5100.811912596401,7707.96,sedang,0
11883.291213096189,Credit,Jacksonville,Branch,5388.603607636536,Doctor,2819.343443096311,5100.811912596401,13267.09,sedang,0
4184.933958626963,Debit,Houston,Branch,8911.844185783279,Retired,6471.889586664482,5100.811912596401,3582.16,tinggi,0
1210.5117255981809,Debit,Louisville,Branch,764.3503488189372,Student,5807.790287833905,5100.811912596401,921.9099999999999,rendah,0
5050.028490430029,Debit,Nashville,Branch,2966.375710160651,Doctor,1989.2193195580908,5100.811912596401,5788.53,sedang,1
8320.747837143585,Debit,Houston,Branch,3186.5782462948227,Engineer,10290.460554940295,5100.811912596401,4515.43,sedang,0
4526.319763524636,Debit,Miami,Branch,11994.679691661679,Retired,1989.2193195580908,5100.811912596401,7551.89,tinggi,1
13972.758419382892,Credit,Dallas,ATM,9572.451794185792,Doctor,4866.982947823922,5100.811912596401,14489.689999999999,tinggi,0
1909.923209531621,Credit,San Jose,Branch,2085.5655656239655,Doctor,771.7039383687006,5100.811912596401,13991.5,rendah,1
1399.9915827190594,Credit,Jacksonville,ATM,6930.021360575736,Doctor,3317.4179172192435,5100.811912596401,185.8699999999999,sedang,0
2874.6780627854223,Debit,Denver,ATM,-777.0674041202619,Student,7578.721751382109,5100.811912596401,726.3900000000003,rendah,0
1993.3015035999206,Debit,Los Angeles,ATM,8691.641649649107,Retired,8298.162658448566,5100.811912596401,3065.87,tinggi,0
3171.6908699815112,Credit,Fort Worth,Branch,5388.603607636536,Engineer,8242.821050212686,5100.811912596401,9379.72,sedang,0
1834.238620709967,Credit,Memphis,Online,8251.236577380765,Doctor,6693.256019608007,5100.811912596401,13696.61,tinggi,1
16189.261223928163,Credit,Portland,ATM,8911.844185783279,Retired,5033.007772531566,5100.811912596401,3743.63,tinggi,1
11519.539985969895,Debit,Jacksonville,ATM,4507.793463099851,Doctor,5863.131896069786,5100.811912596401,14343.0,sedang,0
12010.684658110415,Credit,Jacksonville,Online,3186.5782462948227,Engineer,1380.4616289633955,5100.811912596401,2882.16,sedang,0
647.6187789482437,Debit,Phoenix,ATM,12655.287300064192,Retired,2099.9025360298533,5100.811912596401,5631.2,tinggi,1
5352.766845716646,Credit,Louisville,Branch,12214.88222779585,Retired,6416.5479784286,5100.811912596401,4574.43,tinggi,0
9442.239569375564,Debit,Charlotte,ATM,544.147812684766,Student,5863.131896069786,5100.811912596401,1242.62,rendah,0
15561.776937881965,Credit,Atlanta,Branch,764.3503488189372,Student,14385.739564395517,5100.811912596401,352.3100000000004,rendah,0
2989.1890245959626,Debit,Fort Worth,Online,12214.88222779585,Retired,1435.8032371992772,5100.811912596401,3100.22,tinggi,0
4646.735196803533,Credit,Miami,Branch,8471.439113514936,Engineer,3096.0514842757175,5100.811912596401,4707.24,tinggi,1
5731.3687132027435,Debit,Columbus,ATM,11113.869547124992,Retired,273.62946424576876,5100.811912596401,7950.48,tinggi,0
1650.1264649239579,Debit,Baltimore,Online,7150.223896709907,Doctor,12780.832925554958,5100.811912596401,7954.12,sedang,0
4713.831463489396,Debit,Boston,Branch,10012.856866454134,Doctor,2597.9770101527856,5100.811912596401,5946.61,tinggi,0
4114.795994518007,Debit,Baltimore,Online,7810.831505112422,Engineer,2819.343443096311,5100.811912596401,6650.71,tinggi,0
3391.5877013333147,Debit,Nashville,ATM,1424.9579572214516,Student,-777.8610922359776,5100.811912596401,1268.67,rendah,1
834.7726321573455,Debit,Atlanta,Branch,6930.021360575736,Doctor,7800.088184325634,5100.811912596401,8287.54,sedang,0
8946.085042655832,Credit,San Jose,Branch,2746.1731740264795,Doctor,771.7039383687006,5100.811912596401,12948.5,sedang,1
5694.510497369975,Debit,Milwaukee,Branch,7370.426432844079,Engineer,12116.73362672438,5100.811912596401,4746.71,sedang,1
1365.1015240424103,Debit,New York,Branch,1204.75542108728,Engineer,605.6791136610573,5100.811912596401,5334.97,rendah,1
6936.238739503022,Debit,Baltimore,Branch,7370.426432844079,Doctor,162.94624777400531,5100.811912596401,1765.4499999999998,sedang,0
1094.2115300093506,Debit,Fort Worth,Online,-556.8648679860908,Student,12614.808100847313,5100.811912596401,427.3000000000002,rendah,0
1074.529958448164,Debit,Fort Worth,Online,6489.616288307394,Retired,6748.597627843888,5100.811912596401,1406.6,sedang,0
4445.267473368113,Debit,Boston,Online,1424.9579572214516,Student,4147.542040757464,5100.811912596401,1075.15,rendah,0
9022.66424836663,Credit,Houston,Branch,12214.88222779585,Retired,3981.5172160498196,5100.811912596401,5958.34,tinggi,0
3044.4763483451143,Debit,Miami,Branch,323.9452765505948,Student,1214.4368042557512,5100.811912596401,791.9700000000003,rendah,1
2219.9974233092244,Debit,Washington,Online,1204.75542108728,Student,3538.7843501627685,5100.811912596401,1726.4,rendah,1
1420.5677711693907,Credit,Los Angeles,Branch,5388.603607636536,Engineer,9515.678039637956,5100.811912596401,8992.25,sedang,0
1413.4108360562318,Debit,Boston,ATM,8911.844185783279,Doctor,8740.895524335618,5100.811912596401,8271.47,tinggi,0
3816.709647054945,Debit,Colorado Springs,Branch,103.74274041642275,Student,7302.013710202702,5100.811912596401,636.4200000000001,rendah,0
5757.491526365773,Debit,Sacramento,Online,4067.388390831508,Engineer,993.0703713122266,5100.811912596401,2290.1,sedang,1
5609.342969523386,Debit,Atlanta,ATM,1424.9579572214516,Student,3649.4675666345315,5100.811912596401,167.72000000000025,rendah,0
13799.918436400105,Debit,New York,ATM,6269.413752173222,Engineer,8132.137833740922,5100.811912596401,4111.38,sedang,1
5834.786425587888,Credit,Milwaukee,ATM,1424.9579572214516,Student,3815.4923913421753,5100.811912596401,1680.1400000000003,rendah,1
4654.965672183665,Debit,Indianapolis,ATM,9792.654330319965,Doctor,-833.2027004718584,5100.811912596401,5715.08,tinggi,0
5798.286056510778,Credit,Chicago,Branch,5608.806143770707,Engineer,1048.4119795481074,5100.811912596401,5897.73,sedang,0
1956.0854410114948,Debit,Omaha,ATM,8031.034041246593,Engineer,1601.8280619069214,5100.811912596401,7788.91,tinggi,1
14382.671877989058,Credit,Mesa,Branch,12655.287300064192,Retired,7246.67210196682,5100.811912596401,3898.64,tinggi,1
4296.939993147898,Debit,Indianapolis,Online,-336.6623318519196,Student,8519.52909139209,5100.811912596401,927.4700000000003,rendah,0
813.3018268178694,Debit,Omaha,Online,323.9452765505948,Student,10622.510204355583,5100.811912596401,914.1599999999999,rendah,1
1191.9036943039678,Debit,San Antonio,ATM,9132.04672191745,Doctor,5973.815112541549,5100.811912596401,8647.04,tinggi,1
5332.548504021972,Debit,San Jose,ATM,6709.818824441565,Engineer,-556.4946592924525,5100.811912596401,1292.1,sedang,1
11337.75383409566,Debit,Mesa,ATM,-116.45979571774842,Student,328.97107248164957,5100.811912596401,392.34000000000015,rendah,1
1027.652033456974,Credit,Nashville,Branch,8031.034041246593,Doctor,771.7039383687006,5100.811912596401,12059.85,tinggi,1
13060.428115832976,Credit,Seattle,Online,8691.641649649107,Retired,2044.560927793972,5100.811912596401,6643.24,tinggi,1
15934.65325727754,Debit,Kansas City,Branch,7810.831505112422,Doctor,2487.2937936810226,5100.811912596401,9903.48,tinggi,0
1166.854421407912,Debit,Virginia Beach,Branch,4287.5909269656795,Engineer,2874.6850513321924,5100.811912596401,2850.92,sedang,1
2967.1814491229998,Debit,Nashville,ATM,1865.3630294897944,Doctor,3760.1507831062945,5100.811912596401,10679.67,rendah,1
3513.255598257014,Credit,New York,Online,6489.616288307394,Doctor,-833.2027004718584,5100.811912596401,10652.13,sedang,1
8216.614431247124,Debit,Baltimore,Branch,544.147812684766,Student,3649.4675666345315,5100.811912596401,569.25,rendah,0
753.5414186229937,Debit,Phoenix,Branch,544.147812684766,Student,-390.46983458480827,5100.811912596401,954.8299999999999,rendah,1
5923.532420991056,Debit,Jacksonville,ATM,3186.5782462948227,Engineer,8187.479441976803,5100.811912596401,9384.54,sedang,0
7784.1566270345065,Debit,New York,Online,9792.654330319965,Retired,3151.393092511599,5100.811912596401,1968.3599999999997,tinggi,1
5091.180867330692,Debit,New York,Online,6930.021360575736,Retired,8021.454617269159,5100.811912596401,4203.05,sedang,1
1953.9383604775476,Credit,Jacksonville,Online,-556.8648679860908,Student,3870.833999578057,5100.811912596401,959.9399999999996,rendah,0
2219.10280642008,Debit,Atlanta,Online,103.74274041642275,Student,-3.0785769336380326,5100.811912596401,271.6400000000003,rendah,0
7296.232575694908,Credit,Indianapolis,Branch,4287.5909269656795,Doctor,5033.007772531566,5100.811912596401,12571.76,sedang,0
16665.555255708874,Debit,El Paso,Online,103.74274041642275,Student,2099.9025360298533,5100.811912596401,8627.08,rendah,0
15668.2363476902,Debit,Jacksonville,Branch,1424.9579572214516,Student,8187.479441976803,5100.811912596401,422.3199999999997,rendah,0
5786.834960329724,Credit,Dallas,Branch,9792.654330319965,Doctor,218.28785600988704,5100.811912596401,12961.53,tinggi,0
835.6672490464907,Debit,Charlotte,Branch,10233.059402588307,Retired,10290.460554940295,5100.811912596401,6381.6,tinggi,0
11298.569614351118,Debit,Detroit,Branch,1424.9579572214516,Student,1159.09519601987,5100.811912596401,117.97999999999956,rendah,0
1480.5071027420954,Credit,Philadelphia,Branch,7810.831505112422,Retired,6637.914411372125,5100.811912596401,1715.2200000000003,tinggi,1
7926.5796357863655,Debit,San Francisco,Online,1645.1604933556227,Doctor,13666.298657329058,5100.811912596401,5599.81,rendah,1
16361.385513399626,Debit,Colorado Springs,Branch,8691.641649649107,Retired,2321.268968973379,5100.811912596401,7904.24,tinggi,0
8378.54008818234,Debit,San Jose,Online,6049.211216039051,Engineer,3372.7595254551247,5100.811912596401,1490.44,sedang,1
1872.1703768097086,Debit,Denver,Branch,-777.0674041202619,Student,10622.510204355583,5100.811912596401,5976.0,rendah,0
11167.597701780312,Credit,San Antonio,ATM,-556.8648679860908,Student,7468.038534910345,5100.811912596401,1673.7600000000002,rendah,1
613.2654904050823,Debit,Chicago,Branch,11994.679691661679,Retired,2376.61057720926,5100.811912596401,3290.72,tinggi,0
4966.650196361729,Debit,Charlotte,ATM,984.5528849531083,Engineer,9404.994823166195,5100.811912596401,3030.97,rendah,0
8047.352915820919,Debit,San Jose,Branch,-336.6623318519196,Student,2210.5857525016163,5100.811912596401,369.8599999999997,rendah,1
3900.8036346345607,Debit,Raleigh,Branch,8031.034041246593,Engineer,-169.1034016412832,5100.811912596401,6570.36,tinggi,1
1814.9148959044387,Debit,Atlanta,Branch,11994.679691661679,Retired,10290.460554940295,5100.811912596401,2264.98,tinggi,0
3871.460200670609,Credit,Jacksonville,Online,11774.477155527507,Retired,9460.336431402076,5100.811912596401,5029.87,tinggi,0
1051.4488427082274,Debit,Jacksonville,Branch,8911.844185783279,Doctor,5254.374205475091,5100.811912596401,12327.74,tinggi,0
3551.366277734584,Debit,San Francisco,Branch,8911.844185783279,Retired,5863.131896069786,5100.811912596401,5172.99,tinggi,1
1518.438858841837,Debit,Austin,Branch,7150.223896709907,Doctor,5199.03259723921,5100.811912596401,8981.1,sedang,0
1456.1735233573554,Debit,Las Vegas,ATM,2746.1731740264795,Doctor,2376.61057720926,5100.811912596401,7915.0,sedang,0
11012.292209824767,Debit,Omaha,Online,1204.75542108728,Student,6471.889586664482,5100.811912596401,500.84000000000015,rendah,1
885.9447182164304,Credit,Indianapolis,Online,8911.844185783279,Retired,4811.64133958804,5100.811912596401,7392.79,tinggi,0
1865.550211830037,Credit,Albuquerque,Online,2746.1731740264795,Doctor,8962.261957279143,5100.811912596401,14765.41,sedang,0
2923.5241449327314,Debit,Colorado Springs,Online,11113.869547124992,Retired,1269.778412491633,5100.811912596401,5878.14,tinggi,0
1211.7641892429833,Debit,Omaha,ATM,7590.628968978251,Retired,605.6791136610573,5100.811912596401,5889.51,tinggi,1
8586.98582335309,Debit,Houston,Online,2525.9706378923083,Engineer,-667.1778757642151,5100.811912596401,4381.54,sedang,0
6857.154606502618,Credit,Fort Worth,Online,984.5528849531083,Student,328.97107248164957,5100.811912596401,185.47000000000025,rendah,0
8157.748639941394,Debit,Raleigh,ATM,4727.995999234022,Engineer,11563.317544365567,5100.811912596401,2443.54,sedang,1
5065.415900923321,Debit,Boston,Branch,323.9452765505948,Student,4147.542040757464,5100.811912596401,699.8999999999996,rendah,0
3907.960569747719,Debit,Baltimore,ATM,6049.211216039051,Doctor,13168.224183206126,5100.811912596401,12893.85,sedang,0
4202.468449654202,Credit,Oklahoma City,Online,8251.236577380765,Retired,5586.4238548903795,5100.811912596401,7626.53,tinggi,1
2173.298421695864,Debit,Charlotte,Online,6709.818824441565,Retired,1380.4616289633955,5100.811912596401,1014.6300000000006,sedang,0
11975.436752678106,Debit,Colorado Springs,ATM,323.9452765505948,Student,-113.76179340540057,5100.811912596401,1602.13,rendah,0
15471.420632078334,Debit,Virginia Beach,Online,8691.641649649107,Retired,1989.2193195580908,5100.811912596401,1731.8900000000003,tinggi,1
3895.0780865440333,Credit,Boston,Branch,6930.021360575736,Doctor,1933.877711322209,5100.811912596401,12578.75,sedang,0
2148.606995555466,Credit,Mesa,Branch,10012.856866454134,Retired,2930.026659568074,5100.811912596401,1712.4099999999999,tinggi,1
11411.112419005538,Debit,Washington,ATM,12435.084763930021,Retired,7855.429792561516,5100.811912596401,3485.03,tinggi,1
15880.260550417526,Credit,Colorado Springs,Branch,12435.084763930021,Retired,2265.9273607374976,5100.811912596401,1146.7800000000002,tinggi,0
2294.7873952417335,Debit,Philadelphia,ATM,6269.413752173222,Doctor,1989.2193195580908,5100.811912596401,6393.12,sedang,1
1020.3161749659866,Credit,Tucson,Online,4067.388390831508,Doctor,1325.1200207275142,5100.811912596401,680.5500000000002,sedang,1
2492.8555744984023,Debit,Chicago,Online,10673.46447485665,Doctor,3096.0514842757175,5100.811912596401,7037.34,tinggi,0
1439.891495974919,Credit,San Francisco,Branch,1424.9579572214516,Student,3815.4923913421753,5100.811912596401,105.01000000000022,rendah,1
1912.0702900655688,Debit,Oklahoma City,Branch,2305.768101758137,Doctor,1380.4616289633955,5100.811912596401,1360.85,rendah,1
6480.878742928296,Debit,Fresno,Branch,6709.818824441565,Doctor,993.0703713122266,5100.811912596401,5237.36,sedang,0
1057.7111609322415,Debit,Fresno,ATM,2525.9706378923083,Doctor,14828.472430282567,5100.811912596401,14348.649999999998,sedang,0
13216.628224677666,Debit,San Diego,Online,10012.856866454134,Retired,4866.982947823922,5100.811912596401,5625.55,tinggi,1
4445.8042435016005,Debit,Milwaukee,ATM,4287.5909269656795,Engineer,1159.09519601987,5100.811912596401,3438.02,sedang,1
993.4776682916408,Debit,Atlanta,ATM,1645.1604933556227,Doctor,3815.4923913421753,5100.811912596401,10668.24,rendah,0
2321.8048252939075,Debit,Tucson,ATM,6049.211216039051,Engineer,3926.1756078139383,5100.811912596401,2018.9,sedang,1
3415.5634339623966,Debit,New York,ATM,8251.236577380765,Engineer,6637.914411372125,5100.811912596401,9500.95,tinggi,1
693.6020870502889,Debit,Kansas City,ATM,7370.426432844079,Retired,162.94624777400531,5100.811912596401,2472.99,sedang,0
5349.188378160066,Debit,Los Angeles,Branch,3626.983318563165,Doctor,550.3375054251746,5100.811912596401,6522.47,sedang,0
4935.159681863831,Debit,San Antonio,ATM,3847.1858546973367,Engineer,6914.622452551532,5100.811912596401,778.7399999999998,sedang,1
6940.353977193087,Credit,Jacksonville,Online,764.3503488189372,Student,14496.42278086728,5100.811912596401,219.52999999999975,rendah,0
2471.921539292413,Debit,Seattle,Branch,3626.983318563165,Doctor,3483.4427419268877,5100.811912596401,12896.06,sedang,1
4365.109800100736,Credit,Columbus,Branch,1865.3630294897944,Engineer,6084.498329013311,5100.811912596401,8697.11,rendah,0
4518.268211522332,Debit,Chicago,Online,9352.249258051621,Retired,2265.9273607374976,5100.811912596401,5767.51,tinggi,0
11398.051012424025,Debit,Fort Worth,Online,7370.426432844079,Engineer,7191.3304937309385,5100.811912596401,2991.17,sedang,0
15537.801205252883,Credit,Colorado Springs,Branch,-336.6623318519196,Student,2265.9273607374976,5100.811912596401,1236.7600000000002,rendah,0
4143.602658348472,Debit,Phoenix,ATM,8471.439113514936,Doctor,2155.244144265735,5100.811912596401,13586.989999999998,tinggi,1
2131.430351283885,Debit,Colorado Springs,ATM,984.5528849531083,Engineer,14219.714739687872,5100.811912596401,7117.35,rendah,0
1580.883117704147,Credit,Albuquerque,Branch,8691.641649649107,Retired,5254.374205475091,5100.811912596401,7235.87,tinggi,0
7553.524393012965,Debit,Memphis,Branch,11113.869547124992,Retired,1103.7535877839891,5100.811912596401,7318.64,tinggi,1
852.3071231845843,Debit,Colorado Springs,ATM,4727.995999234022,Doctor,993.0703713122266,5100.811912596401,9847.6,sedang,0
10478.74269713878,Credit,Washington,Online,12875.489836198365,Retired,1214.4368042557512,5100.811912596401,2968.75,tinggi,1
1526.4904108441401,Credit,Boston,Online,2085.5655656239655,Doctor,3981.5172160498196,5100.811912596401,9323.71,rendah,0
7577.6790490198755,Credit,Miami,Online,-777.0674041202619,Student,7744.746576089752,5100.811912596401,1764.08,rendah,1
5677.154929720566,Debit,New York,ATM,11774.477155527507,Retired,4922.324556059803,5100.811912596401,5683.49,tinggi,1
1330.3903887435904,Debit,San Francisco,Online,2525.9706378923083,Doctor,11397.292719657922,5100.811912596401,5225.73,sedang,1
6508.254019736128,Debit,Sacramento,ATM,9132.04672191745,Retired,1103.7535877839891,5100.811912596401,6445.4,tinggi,1
7448.854216983018,Debit,Seattle,Online,544.147812684766,Student,2265.9273607374976,5100.811912596401,289.71000000000004,rendah,1
9824.777751173899,Credit,Sacramento,Online,6489.616288307394,Engineer,2155.244144265735,5100.811912596401,9200.74,sedang,1
14593.980387205072,Debit,Memphis,Online,764.3503488189372,Student,661.0207218969381,5100.811912596401,300.8699999999999,rendah,1
1072.5618012920454,Credit,Raleigh,ATM,5829.0086799048795,Doctor,5199.03259723921,5100.811912596401,743.8999999999996,sedang,1
904.3738261328144,Debit,Philadelphia,ATM,-116.45979571774842,Student,3483.4427419268877,5100.811912596401,1200.35,rendah,1
4139.6663440362345,Debit,San Jose,ATM,7590.628968978251,Retired,8519.52909139209,5100.811912596401,1562.3900000000003,tinggi,1
6158.279892702663,Credit,Raleigh,Branch,6049.211216039051,Doctor,8021.454617269159,5100.811912596401,7719.71,sedang,1
510.0267013977673,Debit,Oklahoma City,Online,-336.6623318519196,Student,8076.796225505041,5100.811912596401,1833.67,rendah,1
4276.542728075396,Debit,Mesa,ATM,10893.667010990823,Retired,7412.6969266744645,5100.811912596401,5396.65,tinggi,1
7781.293852989242,Debit,Mesa,ATM,7810.831505112422,Doctor,4424.250081936871,5100.811912596401,12995.7,tinggi,1
8072.044341961317,Debit,Tucson,ATM,4067.388390831508,Engineer,4645.616514880396,5100.811912596401,7616.43,sedang,1
874.3146986575484,Credit,Philadelphia,ATM,2966.375710160651,Doctor,10954.559853770872,5100.811912596401,12500.8,sedang,1
3625.619479533606,Debit,San Francisco,ATM,-556.8648679860908,Student,494.9958971892938,5100.811912596401,1127.08,rendah,1
1486.7694209661095,Credit,San Francisco,Branch,8031.034041246593,Retired,716.3623301328198,5100.811912596401,2727.45,tinggi,1
801.4928838811584,Debit,Tucson,Branch,984.5528849531083,Engineer,7302.013710202702,5100.811912596401,6089.79,rendah,1
2139.3029799083597,Debit,Milwaukee,Branch,8031.034041246593,Engineer,2764.00183486043,5100.811912596401,2618.1,tinggi,1
1393.1924943615586,Debit,Portland,ATM,7370.426432844079,Engineer,4645.616514880396,5100.811912596401,3841.42,sedang,1
9221.805967890274,Credit,Los Angeles,Branch,1424.9579572214516,Student,3151.393092511599,5100.811912596401,321.21000000000004,rendah,0
7762.506898317201,Debit,Tucson,Online,3406.780782428994,Engineer,937.728763076344,5100.811912596401,9754.73,sedang,1
9683.249359311185,Debit,Columbus,Branch,7810.831505112422,Engineer,6416.5479784286,5100.811912596401,9584.52,tinggi,0
6695.050026189571,Debit,Portland,ATM,2085.5655656239655,Doctor,7523.380143146227,5100.811912596401,7624.56,rendah,1
6885.066653443936,Debit,New York,Online,5608.806143770707,Engineer,1380.4616289633955,5100.811912596401,2485.73,sedang,1
689.8446961158807,Debit,Louisville,Online,3186.5782462948227,Engineer,13998.348306744349,5100.811912596401,2137.9,sedang,0
4293.003678835661,Debit,Atlanta,Branch,1865.3630294897944,Doctor,4645.616514880396,5100.811912596401,6412.85,rendah,0
4468.348589108051,Credit,Oklahoma City,Branch,323.9452765505948,Student,9349.653214930313,5100.811912596401,707.25,rendah,1
2596.6311336392046,Debit,Memphis,ATM,5168.401071502365,Doctor,13057.540966734365,5100.811912596401,7717.34,sedang,1
6387.838586457231,Credit,San Diego,Online,3847.1858546973367,Doctor,12172.075234960263,5100.811912596401,6967.03,sedang,1
1892.5676418822109,Debit,Louisville,Branch,7150.223896709907,Retired,1546.4864536710397,5100.811912596401,5158.6,sedang,0
8051.289230133158,Debit,San Jose,Online,10012.856866454134,Doctor,4202.883648993346,5100.811912596401,12031.14,tinggi,1
6118.022132691146,Debit,Oklahoma City,Branch,11334.072083259165,Retired,6914.622452551532,5100.811912596401,7093.68,tinggi,1
7872.0080055485305,Debit,Washington,Branch,1645.1604933556227,Doctor,6969.9640607874135,5100.811912596401,8539.86,rendah,1
9607.74369386736,Debit,Chicago,Branch,8251.236577380765,Retired,3428.101133691006,5100.811912596401,7640.57,tinggi,0
3244.333761380073,Debit,Omaha,ATM,544.147812684766,Student,9626.361256109718,5100.811912596401,1292.21,rendah,1
917.0773859586716,Debit,Las Vegas,Branch,9132.04672191745,Retired,7689.404967853871,5100.811912596401,5958.75,tinggi,0
1744.9558551733116,Debit,Los Angeles,Online,764.3503488189372,Student,5641.76546312626,5100.811912596401,708.7399999999998,rendah,0
1422.3570049476803,Credit,Austin,Branch,1424.9579572214516,Student,2155.244144265735,5100.811912596401,1744.4,rendah,0
7799.1861907721395,Debit,Denver,ATM,764.3503488189372,Student,13057.540966734365,5100.811912596401,273.77999999999975,rendah,0
8722.43082036962,Debit,Tucson,Branch,764.3503488189372,Student,1767.8528866145648,5100.811912596401,130.76000000000022,rendah,1
5900.988075384606,Debit,Seattle,Branch,6049.211216039051,Doctor,5033.007772531566,5100.811912596401,10389.6,sedang,1
821.5323021980021,Debit,San Diego,Online,9132.04672191745,Doctor,3538.7843501627685,5100.811912596401,1048.1800000000007,tinggi,1
600.025160445738,Credit,San Francisco,Online,2305.768101758137,Doctor,5807.790287833905,5100.811912596401,12896.68,rendah,1
7686.8223094955465,Debit,Los Angeles,Branch,4727.995999234022,Engineer,12393.44166790379,5100.811912596401,8208.54,sedang,0
3106.9206072074244,Debit,Tucson,Online,3626.983318563165,Engineer,-169.1034016412832,5100.811912596401,5244.49,sedang,1
1119.2608029054063,Debit,Philadelphia,ATM,544.147812684766,Student,12393.44166790379,5100.811912596401,1484.7600000000002,rendah,1
14471.954643525714,Credit,Tucson,Online,323.9452765505948,Student,6527.231194900362,5100.811912596401,6513.34,rendah,1
5562.643967910025,Debit,Fort Worth,ATM,2966.375710160651,Doctor,7412.6969266744645,5100.811912596401,13801.149999999998,sedang,0
5967.368648559153,Debit,Las Vegas,Online,10233.059402588307,Doctor,6637.914411372125,5100.811912596401,12958.65,tinggi,0
3829.9499770142884,Debit,Austin,Online,2305.768101758137,Doctor,4922.324556059803,5100.811912596401,9588.71,rendah,0
8520.247403422885,Debit,Tucson,Branch,1645.1604933556227,Engineer,2653.318618388667,5100.811912596401,7544.4,rendah,1
5502.704636337321,Debit,Oklahoma City,ATM,-556.8648679860908,Student,1159.09519601987,5100.811912596401,1193.6099999999992,rendah,1
11440.27692959166,Debit,Detroit,ATM,1204.75542108728,Student,5199.03259723921,5100.811912596401,892.8299999999999,rendah,0
5429.346051427444,Debit,New York,Online,7150.223896709907,Engineer,2985.368267803955,5100.811912596401,1230.12,sedang,1
8159.537873719684,Debit,San Jose,Branch,-777.0674041202619,Student,8962.261957279143,5100.811912596401,1479.67,rendah,1
2344.8859410338455,Debit,Seattle,Branch,11994.679691661679,Retired,1103.7535877839891,5100.811912596401,3228.87,tinggi,1
909.9204508455132,Debit,Seattle,Online,-556.8648679860908,Student,6527.231194900362,5100.811912596401,1111.67,rendah,1
1727.0635173904147,Debit,Boston,Online,7590.628968978251,Engineer,14717.789213810804,5100.811912596401,3213.16,tinggi,0
1107.4518599686949,Credit,New York,Online,9132.04672191745,Doctor,6582.572803136244,5100.811912596401,12719.93,tinggi,1
6994.567760675265,Credit,Miami,ATM,9132.04672191745,Retired,6084.498329013311,5100.811912596401,2040.77,tinggi,1
1815.6305894157545,Debit,San Francisco,Branch,-336.6623318519196,Student,8021.454617269159,5100.811912596401,1309.85,rendah,1
12215.730849102412,Credit,Austin,Online,764.3503488189372,Student,4258.225257229226,5100.811912596401,164.60999999999967,rendah,0
837.4564828247803,Credit,Memphis,Branch,6049.211216039051,Engineer,7412.6969266744645,5100.811912596401,4230.37,sedang,1
7466.388708010257,Debit,Dallas,ATM,1204.75542108728,Student,771.7039383687006,5100.811912596401,761.0,rendah,0
1702.5510146278461,Debit,Seattle,ATM,3847.1858546973367,Doctor,3206.734700747481,5100.811912596401,871.1000000000004,sedang,1
6507.89617298047,Debit,Oklahoma City,Branch,5168.401071502365,Engineer,7080.647277259176,5100.811912596401,3023.16,sedang,1
1187.7884566139019,Debit,Albuquerque,Online,-556.8648679860908,Student,8132.137833740922,5100.811912596401,1119.21,rendah,0
6946.9741421727595,Debit,Dallas,Online,10233.059402588307,Retired,2265.9273607374976,5100.811912596401,6400.59,tinggi,0
10663.03377630262,Debit,Memphis,Online,9132.04672191745,Doctor,2930.026659568074,5100.811912596401,13884.239999999998,tinggi,1
4409.3038744244905,Debit,Austin,ATM,-556.8648679860908,Student,8740.895524335618,5100.811912596401,620.8299999999999,rendah,0
4262.586704604736,Debit,Denver,ATM,-556.8648679860908,Student,716.3623301328198,5100.811912596401,1938.0100000000002,rendah,0
702.5482559417378,Debit,Tucson,Branch,-556.8648679860908,Student,13998.348306744349,5100.811912596401,964.79,rendah,1
1998.1324348013031,Debit,New York,Online,7590.628968978251,Retired,4534.933298408633,5100.811912596401,1870.1599999999999,tinggi,1
6677.694458540162,Debit,Austin,Online,2746.1731740264795,Doctor,4368.908473700989,5100.811912596401,5577.94,sedang,0
3588.0455701895226,Debit,El Paso,ATM,3186.5782462948227,Engineer,14164.37313145199,5100.811912596401,8700.8,sedang,0
4004.0424236418758,Debit,Omaha,Online,8471.439113514936,Retired,12614.808100847313,5100.811912596401,2794.66,tinggi,1
3734.2259698757903,Debit,Fresno,ATM,764.3503488189372,Student,384.3126807175313,5100.811912596401,831.75,rendah,0
12896.713225119469,Debit,Charlotte,Branch,6930.021360575736,Retired,4534.933298408633,5100.811912596401,2451.56,sedang,0
3141.0949723727576,Credit,Mesa,Online,2746.1731740264795,Doctor,3594.1259583986503,5100.811912596401,13625.52,sedang,1
2428.443158479974,Debit,Los Angeles,Branch,-336.6623318519196,Student,4202.883648993346,5100.811912596401,1379.3900000000003,rendah,0
1963.7791462581404,Debit,Washington,Branch,764.3503488189372,Student,3870.833999578057,5100.811912596401,865.4899999999998,rendah,1
7044.666306467378,Credit,Seattle,Online,11994.679691661679,Retired,10456.48537964794,5100.811912596401,7147.4,tinggi,1
9292.301778754887,Credit,Houston,Online,2966.375710160651,Engineer,5420.399030182735,5100.811912596401,7833.85,sedang,0
8607.025241669935,Debit,Los Angeles,Branch,12875.489836198365,Retired,6859.280844315651,5100.811912596401,4840.67,tinggi,0
2087.415200337959,Debit,El Paso,ATM,8911.844185783279,Doctor,3538.7843501627685,5100.811912596401,12381.45,tinggi,0
3288.16998894817,Debit,Baltimore,ATM,1645.1604933556227,Engineer,2155.244144265735,5100.811912596401,4008.05,rendah,0
1207.4700281750884,Debit,Dallas,ATM,12214.88222779585,Retired,4368.908473700989,5100.811912596401,6462.41,tinggi,0
1914.7541407330032,Credit,Las Vegas,ATM,5829.0086799048795,Engineer,1269.778412491633,5100.811912596401,6470.57,sedang,0
979.5216448209821,Debit,Indianapolis,Online,5829.0086799048795,Engineer,8408.84587492033,5100.811912596401,4854.83,sedang,0
2001.5319789800537,Debit,Raleigh,ATM,5829.0086799048795,Doctor,6582.572803136244,5100.811912596401,12652.22,sedang,1
3060.0426822162344,Debit,San Diego,Branch,10233.059402588307,Doctor,6803.939236079769,5100.811912596401,11705.88,tinggi,1
1507.1666860386117,Debit,El Paso,ATM,2966.375710160651,Doctor,3760.1507831062945,5100.811912596401,932.6099999999997,sedang,0
14362.632459672212,Debit,Louisville,Branch,8691.641649649107,Doctor,218.28785600988704,5100.811912596401,11613.58,tinggi,0
2390.690325758061,Debit,Sacramento,ATM,764.3503488189372,Student,7357.355318438584,5100.811912596401,1068.5500000000002,rendah,1
2631.5211923158536,Debit,Virginia Beach,Online,1424.9579572214516,Student,14828.472430282567,5100.811912596401,1616.3000000000002,rendah,1
1332.358545899709,Debit,San Jose,Branch,323.9452765505948,Student,10511.826987883822,5100.811912596401,471.27999999999975,rendah,1
12309.128852329137,Credit,San Jose,Branch,-116.45979571774842,Student,6693.256019608007,5100.811912596401,106.85999999999967,rendah,1
7268.141605375759,Debit,Miami,Online,11113.869547124992,Retired,7357.355318438584,5100.811912596401,2457.1,tinggi,1
2546.8904346027507,Debit,Boston,Branch,10453.261938722479,Retired,6693.256019608007,5100.811912596401,5882.12,tinggi,0
707.5581105209494,Credit,Louisville,Online,7370.426432844079,Retired,771.7039383687006,5100.811912596401,1938.9899999999998,sedang,0
2214.0929518408684,Debit,Omaha,Online,7810.831505112422,Retired,-556.4946592924525,5100.811912596401,4079.09,tinggi,1
2848.0184794889065,Credit,Houston,Branch,1424.9579572214516,Engineer,6748.597627843888,5100.811912596401,860.1199999999999,rendah,0
5389.446138171584,Debit,Boston,Online,10233.059402588307,Retired,8132.137833740922,5100.811912596401,7811.31,tinggi,0
1817.7776699497022,Debit,San Francisco,Branch,544.147812684766,Student,1103.7535877839891,5100.811912596401,1181.8400000000001,rendah,1
1041.0712867941465,Debit,San Francisco,ATM,8031.034041246593,Doctor,11950.708802016736,5100.811912596401,10915.54,tinggi,1
15185.322150929813,Credit,Fort Worth,Online,6930.021360575736,Engineer,11950.708802016736,5100.811912596401,5621.86,sedang,0
3244.1548380022437,Debit,Detroit,ATM,7590.628968978251,Engineer,4922.324556059803,5100.811912596401,8873.43,tinggi,0
1452.5950558007762,Debit,Tucson,Branch,4287.5909269656795,Doctor,6582.572803136244,5100.811912596401,6990.92,sedang,1
7383.368260697616,Debit,Jacksonville,ATM,8471.439113514936,Engineer,2099.9025360298533,5100.811912596401,7831.56,tinggi,0
4717.588854423804,Debit,Phoenix,Branch,6489.616288307394,Retired,8187.479441976803,5100.811912596401,6173.23,sedang,1
2549.2164385145284,Debit,Dallas,ATM,7590.628968978251,Doctor,2044.560927793972,5100.811912596401,9523.72,tinggi,0
731.1759963943723,Debit,El Paso,Branch,2525.9706378923083,Doctor,1878.5361030863278,5100.811912596401,6420.47,sedang,0
7188.520702241867,Debit,Colorado Springs,ATM,2966.375710160651,Engineer,11507.975936129686,5100.811912596401,6430.41,sedang,0
6518.094805516721,Debit,San Antonio,Branch,1424.9579572214516,Student,7578.721751382109,5100.811912596401,1635.0500000000002,rendah,1
2514.1474564600494,Debit,Seattle,Branch,8031.034041246593,Doctor,4147.542040757464,5100.811912596401,7369.89,tinggi,1
9361.366202596868,Debit,Sacramento,ATM,4067.388390831508,Engineer,5807.790287833905,5100.811912596401,6903.68,sedang,1
10553.353745693461,Debit,Sacramento,Online,9572.451794185792,Doctor,-224.445009877164,5100.811912596401,11748.86,tinggi,1
8394.822115564777,Debit,San Antonio,Online,4507.793463099851,Doctor,6693.256019608007,5100.811912596401,7303.23,sedang,1
1791.8337801645016,Debit,Los Angeles,Branch,1645.1604933556227,Doctor,1325.1200207275142,5100.811912596401,10619.35,rendah,0
5097.622108932535,Credit,Raleigh,Online,7150.223896709907,Retired,6084.498329013311,5100.811912596401,1794.5,sedang,1
3485.3435513156946,Credit,Houston,Branch,8251.236577380765,Doctor,3981.5172160498196,5100.811912596401,12970.21,tinggi,0
5448.311929477314,Debit,Louisville,Branch,7590.628968978251,Doctor,6416.5479784286,5100.811912596401,120.89000000000033,tinggi,0
1139.836991355738,Debit,Indianapolis,ATM,10012.856866454134,Doctor,7578.721751382109,5100.811912596401,5692.31,tinggi,0
1187.7884566139019,Debit,Portland,Branch,6269.413752173222,Engineer,7634.06335961799,5100.811912596401,9879.87,sedang,1
9563.549619543603,Credit,Baltimore,ATM,9352.249258051621,Retired,3262.0763089833617,5100.811912596401,6266.65,tinggi,0
13679.86084987687,Debit,Indianapolis,Online,2085.5655656239655,Doctor,52.26303130224278,5100.811912596401,14268.95,rendah,0
7473.187796367758,Credit,Austin,ATM,6709.818824441565,Engineer,6859.280844315651,5100.811912596401,6449.83,sedang,0
963.0606940607158,Debit,Omaha,ATM,8471.439113514936,Engineer,7689.404967853871,5100.811912596401,6741.41,tinggi,1
8487.146578524527,Debit,Seattle,ATM,764.3503488189372,Student,11950.708802016736,5100.811912596401,1008.4400000000005,rendah,1
3148.7886776194036,Debit,Raleigh,Branch,323.9452765505948,Student,-667.1778757642151,5100.811912596401,1711.7799999999997,rendah,1
1332.5374692775376,Debit,Fresno,Online,12214.88222779585,Retired,14109.031523216112,5100.811912596401,5107.75,tinggi,0
5253.464371021567,Debit,Washington,Branch,2525.9706378923083,Engineer,2764.00183486043,5100.811912596401,5229.95,sedang,1
6634.7528478612085,Debit,Boston,Online,-336.6623318519196,Student,3538.7843501627685,5100.811912596401,339.15999999999985,rendah,0
7971.131556865779,Credit,New York,Online,2305.768101758137,Doctor,993.0703713122266,5100.811912596401,10442.48,rendah,1
1107.0940132130363,Debit,Columbus,Online,9132.04672191745,Retired,2708.6602266245486,5100.811912596401,4324.4,tinggi,0
1660.861867593696,Debit,El Paso,Branch,7370.426432844079,Retired,8076.796225505041,5100.811912596401,6292.29,sedang,0
921.0137002709089,Credit,Miami,Branch,-116.45979571774842,Student,5254.374205475091,5100.811912596401,269.0100000000002,rendah,1
5613.458207213453,Credit,Charlotte,Branch,6930.021360575736,Doctor,4534.933298408633,5100.811912596401,6366.84,sedang,0
1791.2970100310145,Debit,Nashville,ATM,103.74274041642275,Student,12780.832925554958,5100.811912596401,1839.1,rendah,1
6030.52860093278,Debit,Baltimore,ATM,6930.021360575736,Retired,771.7039383687006,5100.811912596401,3966.54,sedang,0
5666.06168029517,Debit,Phoenix,Branch,9792.654330319965,Retired,2487.2937936810226,5100.811912596401,4577.09,tinggi,1
3143.778823040192,Credit,Albuquerque,Online,9572.451794185792,Doctor,9847.727689053245,5100.811912596401,7458.03,tinggi,0
3553.5133582685316,Debit,Indianapolis,ATM,1865.3630294897944,Doctor,5033.007772531566,5100.811912596401,6034.73,rendah,0
13683.618240811276,Debit,Philadelphia,ATM,7370.426432844079,Engineer,5143.6909890033285,5100.811912596401,9826.26,sedang,1
4323.957423200072,Debit,Columbus,ATM,5168.401071502365,Engineer,-556.4946592924525,5100.811912596401,3736.38,sedang,0
2188.864755566984,Debit,Miami,Branch,1204.75542108728,Student,9737.044472581481,5100.811912596401,646.8500000000004,rendah,1
5227.520481236366,Credit,San Diego,Branch,7810.831505112422,Retired,11397.292719657922,5100.811912596401,4161.71,tinggi,1
1892.0308717487242,Credit,Fort Worth,Online,6489.616288307394,Doctor,9626.361256109718,5100.811912596401,11079.77,sedang,0
570.6817264817873,Debit,Miami,Online,10453.261938722479,Doctor,6582.572803136244,5100.811912596401,10017.11,tinggi,1
4527.39330379161,Debit,Boston,Online,-777.0674041202619,Student,5641.76546312626,5100.811912596401,528.3800000000001,rendah,0
1655.8520130144852,Debit,Louisville,ATM,7370.426432844079,Retired,2210.5857525016163,5100.811912596401,7530.3,sedang,0
2505.5591343242595,Debit,Jacksonville,Online,8911.844185783279,Doctor,1214.4368042557512,5100.811912596401,10887.59,tinggi,0
11485.902390938048,Credit,Fort Worth,Branch,8691.641649649107,Retired,550.3375054251746,5100.811912596401,7307.11,tinggi,0
3555.1236686689917,Debit,San Francisco,Branch,8471.439113514936,Engineer,9515.678039637956,5100.811912596401,2284.41,tinggi,1
6665.1698220921335,Debit,San Antonio,Branch,103.74274041642275,Student,5309.715813710973,5100.811912596401,1918.3599999999997,rendah,1
16120.375723464007,Debit,Washington,Online,103.74274041642275,Student,14441.081172631399,5100.811912596401,503.0100000000002,rendah,1
5746.935047073864,Debit,Memphis,Branch,3406.780782428994,Engineer,1601.8280619069214,5100.811912596401,1216.9099999999999,sedang,1
1014.2327801198016,Debit,Fresno,ATM,-777.0674041202619,Student,11950.708802016736,5100.811912596401,1071.04,rendah,0
4245.231136955326,Debit,El Paso,ATM,-116.45979571774842,Student,2597.9770101527856,5100.811912596401,187.89999999999964,rendah,0
864.1160661212971,Debit,Chicago,ATM,11113.869547124992,Retired,7966.113009033278,5100.811912596401,7145.67,tinggi,0
3636.891652336831,Debit,Phoenix,Online,1424.9579572214516,Student,2431.9521854451414,5100.811912596401,1493.88,rendah,1
2106.738925143487,Credit,Louisville,Branch,4287.5909269656795,Engineer,5918.473504305668,5100.811912596401,8658.95,sedang,0
1757.1226448656812,Debit,Baltimore,Branch,1424.9579572214516,Student,218.28785600988704,5100.811912596401,164.1199999999999,rendah,0
7246.849723414111,Credit,Nashville,Online,-116.45979571774842,Student,3372.7595254551247,5100.811912596401,841.6499999999996,rendah,1
3163.1025478457204,Credit,Columbus,Branch,10893.667010990823,Retired,4424.250081936871,5100.811912596401,5677.05,tinggi,0
7461.378853431046,Credit,Jacksonville,Online,984.5528849531083,Student,162.94624777400531,5100.811912596401,1658.4899999999998,rendah,0
2301.4075602214057,Debit,Seattle,Branch,9132.04672191745,Doctor,1214.4368042557512,5100.811912596401,10171.68,tinggi,1
2960.7402075211567,Debit,Fresno,Branch,9352.249258051621,Doctor,1989.2193195580908,5100.811912596401,13847.989999999998,tinggi,0
16077.076266029391,Debit,San Jose,ATM,6489.616288307394,Retired,11175.926286714397,5100.811912596401,3688.98,sedang,1
8716.884195656923,Debit,Detroit,Branch,6709.818824441565,Engineer,8464.18748315621,5100.811912596401,5619.95,sedang,0
6362.431466805518,Credit,Memphis,Branch,-336.6623318519196,Student,8187.479441976803,5100.811912596401,342.0799999999999,rendah,1
14052.558245894612,Debit,Raleigh,Online,6930.021360575736,Engineer,605.6791136610573,5100.811912596401,4702.86,sedang,1
1350.4298070604345,Credit,Memphis,Online,11334.072083259165,Retired,7357.355318438584,5100.811912596401,6659.81,tinggi,1
3564.4276843160987,Debit,Nashville,Branch,984.5528849531083,Student,14662.447605574922,5100.811912596401,1265.27,rendah,1
12299.109143170714,Debit,Boston,ATM,103.74274041642275,Student,9792.386080817363,5100.811912596401,1241.5900000000001,rendah,0
1069.5201038689538,Debit,Kansas City,Online,764.3503488189372,Student,14164.37313145199,5100.811912596401,874.9300000000003,rendah,0
4978.63806267627,Debit,Kansas City,ATM,8911.844185783279,Retired,3372.7595254551247,5100.811912596401,1541.48,tinggi,0
10420.413675966536,Debit,Raleigh,ATM,6049.211216039051,Doctor,4479.591690172752,5100.811912596401,14817.219999999998,sedang,1
1013.1592398528283,Debit,Sacramento,Branch,7370.426432844079,Doctor,3926.1756078139383,5100.811912596401,173.69999999999982,sedang,1
805.9659683268819,Debit,San Diego,ATM,6049.211216039051,Doctor,3704.809174870413,5100.811912596401,11847.07,sedang,1
16551.044293898332,Debit,Dallas,Online,2525.9706378923083,Doctor,7800.088184325634,5100.811912596401,11146.74,sedang,0
3350.256401054822,Debit,Las Vegas,ATM,6049.211216039051,Engineer,605.6791136610573,5100.811912596401,369.78999999999996,sedang,0
1512.892234129139,Credit,Houston,Online,11774.477155527507,Retired,9294.311606694431,5100.811912596401,6396.08,tinggi,0
4155.232677907355,Debit,Philadelphia,Online,6709.818824441565,Retired,10401.143771412058,5100.811912596401,4840.31,sedang,1
1417.7049971241272,Debit,Detroit,Branch,1645.1604933556227,Doctor,2708.6602266245486,5100.811912596401,1334.6,rendah,0
2317.5106642260125,Credit,Chicago,Online,2305.768101758137,Engineer,2653.318618388667,5100.811912596401,2774.35,rendah,0
5871.644641420656,Debit,Denver,ATM,1204.75542108728,Student,5254.374205475091,5100.811912596401,1368.0,rendah,0
833.6990918903721,Debit,Nashville,Branch,-116.45979571774842,Student,2819.343443096311,5100.811912596401,1293.3900000000003,rendah,1
13612.048889679689,Credit,San Jose,ATM,984.5528849531083,Student,4922.324556059803,5100.811912596401,441.53999999999996,rendah,1
1670.344806618632,Debit,Nashville,ATM,2746.1731740264795,Engineer,6803.939236079769,5100.811912596401,8485.14,sedang,1
1705.4137886731091,Credit,Los Angeles,ATM,544.147812684766,Student,1601.8280619069214,5100.811912596401,999.6199999999999,rendah,0
2965.213291966881,Debit,Seattle,Branch,7370.426432844079,Doctor,1103.7535877839891,5100.811912596401,14273.419999999998,sedang,1
7632.966372769028,Debit,Columbus,ATM,103.74274041642275,Student,1601.8280619069214,5100.811912596401,1863.6999999999998,rendah,0
8905.111589132997,Debit,New York,ATM,-336.6623318519196,Student,6748.597627843888,5100.811912596401,8640.56,rendah,1
1177.7687474554796,Debit,Indianapolis,ATM,7810.831505112422,Doctor,8574.870699627972,5100.811912596401,259.4399999999996,tinggi,0
3372.442899905615,Debit,Washington,ATM,2085.5655656239655,Engineer,-667.1778757642151,5100.811912596401,5526.97,rendah,1
6148.43910692207,Credit,New York,Branch,323.9452765505948,Student,3649.4675666345315,5100.811912596401,929.6000000000004,rendah,1
3473.89245513464,Debit,Jacksonville,ATM,984.5528849531083,Student,3151.393092511599,5100.811912596401,587.1199999999999,rendah,0
4287.099207367305,Debit,San Francisco,Branch,5608.806143770707,Engineer,9238.96999845855,5100.811912596401,4760.34,sedang,1
4825.479651254673,Debit,Portland,Online,984.5528849531083,Student,7246.67210196682,5100.811912596401,1594.04,rendah,1
921.1926236487379,Debit,Indianapolis,Branch,10233.059402588307,Doctor,5641.76546312626,5100.811912596401,13777.79,tinggi,0
1773.5835956259466,Credit,Omaha,Branch,11554.274619393334,Retired,8242.821050212686,5100.811912596401,1794.65,tinggi,1
6132.87277305095,Debit,Memphis,ATM,12875.489836198365,Retired,11175.926286714397,5100.811912596401,7071.32,tinggi,1
3758.3806258827008,Credit,Austin,Online,12435.084763930021,Retired,5254.374205475091,5100.811912596401,7525.73,tinggi,0
15796.882256349232,Debit,Fort Worth,Branch,7590.628968978251,Retired,5033.007772531566,5100.811912596401,2989.25,tinggi,0
5178.674399089058,Debit,Oklahoma City,ATM,9352.249258051621,Retired,1380.4616289633955,5100.811912596401,7620.6,tinggi,1
4453.855795503904,Credit,Raleigh,Online,10893.667010990823,Retired,10511.826987883822,5100.811912596401,5549.2,tinggi,1
717.5778196793708,Debit,Sacramento,Branch,2085.5655656239655,Engineer,5641.76546312626,5100.811912596401,6782.61,rendah,1
2699.86992264652,Debit,Columbus,Online,1424.9579572214516,Student,771.7039383687006,5100.811912596401,1968.5100000000002,rendah,0
7575.710891863757,Debit,Milwaukee,Online,7590.628968978251,Retired,-556.4946592924525,5100.811912596401,5340.73,tinggi,1
13113.926205803838,Debit,Las Vegas,Online,6489.616288307394,Retired,6803.939236079769,5100.811912596401,3267.84,sedang,0
7123.571516089952,Debit,San Antonio,ATM,10453.261938722479,Retired,2321.268968973379,5100.811912596401,6941.47,tinggi,1
700.7590221634473,Debit,Jacksonville,ATM,10012.856866454134,Retired,13334.249007913771,5100.811912596401,7567.2,tinggi,0
4068.454839660304,Debit,Seattle,Branch,2085.5655656239655,Engineer,494.9958971892938,5100.811912596401,7001.25,rendah,1
11608.285981373061,Credit,Omaha,Branch,1424.9579572214516,Student,3926.1756078139383,5100.811912596401,213.35999999999967,rendah,1
14064.009342075664,Debit,Charlotte,Online,103.74274041642275,Student,4977.666164295684,5100.811912596401,1443.02,rendah,0
2702.7326966917835,Debit,San Jose,Branch,6709.818824441565,Doctor,-833.2027004718584,5100.811912596401,8450.84,sedang,1
2227.5122051780413,Debit,Houston,Online,8691.641649649107,Retired,7966.113009033278,5100.811912596401,7996.7,tinggi,0
3055.9274445261685,Debit,Kansas City,Online,10012.856866454134,Doctor,3870.833999578057,5100.811912596401,1262.6800000000003,tinggi,0
1148.4253134915289,Credit,Fresno,Branch,323.9452765505948,Student,6305.864761956837,5100.811912596401,1697.2799999999997,rendah,0
950.1782108570314,Debit,Jacksonville,Branch,8031.034041246593,Engineer,14662.447605574922,5100.811912596401,2591.65,tinggi,0
2349.716872235227,Debit,San Francisco,Online,8471.439113514936,Doctor,4534.933298408633,5100.811912596401,12002.16,tinggi,1
2585.7168075916375,Debit,Portland,Online,7810.831505112422,Engineer,3704.809174870413,5100.811912596401,8726.92,tinggi,1
1416.0946867236662,Credit,Jacksonville,Online,1424.9579572214516,Student,6803.939236079769,5100.811912596401,1277.6999999999998,rendah,0
4206.2258405886105,Debit,Philadelphia,Branch,-336.6623318519196,Student,7025.305669023295,5100.811912596401,454.65999999999985,rendah,1
4072.570077350371,Debit,Chicago,Online,544.147812684766,Student,2874.6850513321924,5100.811912596401,1331.3000000000002,rendah,0
831.5520113564244,Debit,Nashville,ATM,7590.628968978251,Engineer,52.26303130224278,5100.811912596401,8422.2,tinggi,1
7639.049767615212,Debit,Albuquerque,ATM,5608.806143770707,Doctor,13776.981873800822,5100.811912596401,7987.74,sedang,0
7272.256843065825,Debit,Mesa,Branch,4067.388390831508,Engineer,7744.746576089752,5100.811912596401,7372.81,sedang,1
2737.2649086127744,Debit,Los Angeles,ATM,6049.211216039051,Engineer,328.97107248164957,5100.811912596401,2987.97,sedang,0
811.3336696617507,Debit,Albuquerque,ATM,6930.021360575736,Retired,4092.2004325215826,5100.811912596401,1619.54,sedang,0
5641.370254154772,Debit,Milwaukee,ATM,103.74274041642275,Student,10235.118946704413,5100.811912596401,1204.65,rendah,1
16156.160399029799,Debit,San Francisco,Online,1424.9579572214516,Engineer,8076.796225505041,5100.811912596401,4630.58,rendah,1
1223.215285424038,Credit,Dallas,ATM,3186.5782462948227,Doctor,13389.590616149653,5100.811912596401,14304.379999999997,sedang,0
2741.9169164363275,Credit,Indianapolis,Online,6049.211216039051,Engineer,8298.162658448566,5100.811912596401,3215.76,sedang,0
6739.780870646813,Debit,Baltimore,Online,544.147812684766,Student,6637.914411372125,5100.811912596401,1022.94,rendah,0
2802.750864898177,Debit,Tucson,ATM,10453.261938722479,Retired,218.28785600988704,5100.811912596401,2610.64,tinggi,1
6247.56265823932,Debit,Atlanta,Online,7370.426432844079,Engineer,8353.504266684447,5100.811912596401,9451.66,sedang,0
530.6028898480981,Debit,Sacramento,ATM,6930.021360575736,Retired,13887.665090272585,5100.811912596401,1244.17,sedang,1
1409.295598366166,Debit,Los Angeles,Branch,7150.223896709907,Doctor,14717.789213810804,5100.811912596401,12815.24,sedang,0
7375.137785317483,Credit,San Diego,Online,2085.5655656239655,Engineer,6416.5479784286,5100.811912596401,9933.56,rendah,1
736.9015444849001,Debit,Fresno,Branch,323.9452765505948,Student,7246.67210196682,5100.811912596401,921.2300000000005,rendah,0
6405.37307748447,Debit,Sacramento,Online,7590.628968978251,Retired,10179.777338468533,5100.811912596401,6009.43,tinggi,1
2281.189218526732,Credit,Phoenix,Online,9132.04672191745,Retired,3649.4675666345315,5100.811912596401,2570.34,tinggi,1
3199.9607636784885,Debit,Miami,ATM,10453.261938722479,Retired,1767.8528866145648,5100.811912596401,3240.14,tinggi,1
1033.1986581696724,Debit,San Antonio,Online,11334.072083259165,Retired,5641.76546312626,5100.811912596401,1229.3199999999997,tinggi,1
1477.644328696832,Debit,Albuquerque,ATM,9572.451794185792,Doctor,1048.4119795481074,5100.811912596401,8019.89,tinggi,0
831.9098581120825,Debit,Kansas City,ATM,6930.021360575736,Doctor,-501.1530510565708,5100.811912596401,14328.29,sedang,0
11846.79084401908,Debit,Kansas City,Online,1204.75542108728,Student,8187.479441976803,5100.811912596401,330.15999999999985,rendah,0
1957.3379046562982,Debit,Miami,ATM,-556.8648679860908,Student,4811.64133958804,5100.811912596401,1595.2600000000002,rendah,1
2007.4364504484092,Debit,New York,Online,11774.477155527507,Retired,7910.771400797397,5100.811912596401,7413.18,tinggi,1
7848.390119675106,Credit,Virginia Beach,ATM,8691.641649649107,Retired,2819.343443096311,5100.811912596401,2563.91,tinggi,1
3595.0235819248524,Debit,Baltimore,ATM,2525.9706378923083,Doctor,-556.4946592924525,5100.811912596401,10724.95,sedang,0
3008.1549026458333,Debit,Colorado Springs,ATM,2746.1731740264795,Engineer,7468.038534910345,5100.811912596401,2969.71,sedang,0
3467.4512135327977,Debit,Dallas,Branch,1424.9579572214516,Student,4866.982947823922,5100.811912596401,761.7799999999997,rendah,0
5617.036674770032,Debit,Miami,ATM,9132.04672191745,Retired,439.6542889534121,5100.811912596401,2552.54,tinggi,1
10031.255329188529,Debit,Jacksonville,ATM,103.74274041642275,Student,6748.597627843888,5100.811912596401,1033.73,rendah,0
5763.038151078472,Debit,Charlotte,Online,764.3503488189372,Student,6471.889586664482,5100.811912596401,1919.9700000000003,rendah,0
1005.2866112283532,Debit,Atlanta,Branch,12655.287300064192,Retired,5143.6909890033285,5100.811912596401,1893.44,tinggi,0
5342.747136558223,Debit,Oklahoma City,ATM,764.3503488189372,Student,550.3375054251746,5100.811912596401,1783.04,rendah,1
9559.434381853538,Debit,Detroit,Branch,-116.45979571774842,Student,-335.12822634892655,5100.811912596401,1123.8900000000003,rendah,0
4208.193997744729,Debit,Seattle,Branch,103.74274041642275,Student,218.28785600988704,5100.811912596401,1817.65,rendah,1
6784.869561859713,Debit,Tucson,ATM,9132.04672191745,Retired,7744.746576089752,5100.811912596401,5463.94,tinggi,1
5186.547027713533,Debit,Chicago,Branch,-336.6623318519196,Student,6803.939236079769,5100.811912596401,477.02999999999975,rendah,0
1330.5693121214194,Debit,Fresno,Branch,8251.236577380765,Doctor,162.94624777400531,5100.811912596401,8874.01,tinggi,0
992.9408981581546,Credit,Kansas City,Branch,9132.04672191745,Retired,3594.1259583986503,5100.811912596401,5365.2,tinggi,0
6439.547442649804,Debit,Las Vegas,ATM,11994.679691661679,Retired,6527.231194900362,5100.811912596401,7216.3,tinggi,0
12456.561715660206,Credit,Oklahoma City,ATM,8911.844185783279,Doctor,12504.124884375551,5100.811912596401,13558.559999999998,tinggi,1
10454.23019437621,Debit,Denver,ATM,11113.869547124992,Retired,-3.0785769336380326,5100.811912596401,5200.04,tinggi,0
2080.9739587361155,Credit,Raleigh,Online,-777.0674041202619,Student,14441.081172631399,5100.811912596401,1779.85,rendah,1
1708.6344094740311,Debit,Miami,Online,-556.8648679860908,Student,7191.3304937309385,5100.811912596401,467.39999999999964,rendah,1
2180.6342801868514,Debit,New York,ATM,1645.1604933556227,Engineer,6305.864761956837,5100.811912596401,9873.62,rendah,1
1241.2865465847635,Credit,Philadelphia,Branch,12214.88222779585,Retired,1712.511278378684,5100.811912596401,6067.54,tinggi,1
3941.061394646079,Credit,Indianapolis,Online,12655.287300064192,Retired,7025.305669023295,5100.811912596401,5169.07,tinggi,0
5716.875919598597,Debit,Detroit,Branch,12214.88222779585,Retired,5199.03259723921,5100.811912596401,6878.86,tinggi,0
6621.691441279693,Credit,El Paso,Branch,1204.75542108728,Student,3428.101133691006,5100.811912596401,1400.04,rendah,0
2266.1596547890986,Debit,Sacramento,Online,1204.75542108728,Student,1159.09519601987,5100.811912596401,912.71,rendah,1
997.5929059817081,Credit,Columbus,Online,4067.388390831508,Doctor,4202.883648993346,5100.811912596401,13645.629999999997,sedang,0
966.4602382394669,Credit,San Diego,Online,5168.401071502365,Doctor,13832.323482036703,5100.811912596401,11749.77,sedang,1
2787.900224538372,Debit,Nashville,ATM,6709.818824441565,Retired,2653.318618388667,5100.811912596401,6118.2,sedang,1
7520.0657213589475,Debit,Denver,ATM,8471.439113514936,Engineer,8021.454617269159,5100.811912596401,4383.69,tinggi,0
9827.461601841333,Credit,Seattle,Branch,4287.5909269656795,Engineer,2542.6354019169044,5100.811912596401,4004.55,sedang,1
15709.567647968692,Debit,Seattle,ATM,764.3503488189372,Student,13389.590616149653,5100.811912596401,373.8800000000001,rendah,1
3591.802961123931,Debit,Columbus,Online,10233.059402588307,Doctor,218.28785600988704,5100.811912596401,6851.16,tinggi,0
3231.093431420729,Debit,Omaha,Branch,7370.426432844079,Doctor,4866.982947823922,5100.811912596401,6853.51,sedang,1
883.4397909268246,Debit,Dallas,Branch,1424.9579572214516,Student,6969.9640607874135,5100.811912596401,948.6999999999998,rendah,0
2501.264973256364,Debit,Denver,ATM,5388.603607636536,Doctor,4092.2004325215826,5100.811912596401,12221.17,sedang,0
6263.486838866098,Credit,Raleigh,Branch,2305.768101758137,Engineer,882.3871548404632,5100.811912596401,6500.5,rendah,1
3167.2177855357877,Debit,San Jose,Branch,10012.856866454134,Retired,8187.479441976803,5100.811912596401,2138.42,tinggi,1
10638.342350162222,Credit,Charlotte,ATM,544.147812684766,Student,2155.244144265735,5100.811912596401,379.8199999999997,rendah,0
3742.8142920115806,Debit,Raleigh,Branch,11774.477155527507,Retired,1657.1696701428027,5100.811912596401,7659.99,tinggi,1
1899.187806861883,Debit,Washington,Branch,-116.45979571774842,Student,5586.4238548903795,5100.811912596401,664.7200000000003,rendah,1
6211.599059295697,Credit,Washington,Branch,-116.45979571774842,Student,1823.1944948504465,5100.811912596401,1167.2499999999995,rendah,1
2306.775261556275,Debit,Memphis,Online,9132.04672191745,Retired,6195.181545485075,5100.811912596401,1123.7499999999995,tinggi,1
11055.412743881549,Debit,Charlotte,Online,8911.844185783279,Retired,10124.43573023265,5100.811912596401,2039.4,tinggi,0
4547.790568864113,Credit,Omaha,Branch,764.3503488189372,Student,9515.678039637956,5100.811912596401,1864.27,rendah,1
12163.127376020695,Debit,Phoenix,Online,11113.869547124992,Retired,3040.709876039836,5100.811912596401,2325.78,tinggi,1
1954.1172838553762,Debit,Seattle,Online,3626.983318563165,Doctor,7191.3304937309385,5100.811912596401,5926.31,sedang,1
3938.7353907343017,Debit,San Antonio,Branch,764.3503488189372,Student,-722.5194840000959,5100.811912596401,399.5699999999997,rendah,1
5958.064632912047,Credit,Austin,Branch,12435.084763930021,Retired,5420.399030182735,5100.811912596401,1916.3400000000001,tinggi,0
4111.217526961428,Debit,Tucson,Online,10233.059402588307,Retired,14385.739564395517,5100.811912596401,2732.86,tinggi,1
656.5649478396917,Debit,Philadelphia,ATM,103.74274041642275,Student,6305.864761956837,5100.811912596401,1115.3000000000002,rendah,1
13803.675827334515,Credit,Indianapolis,Online,-556.8648679860908,Student,4534.933298408633,5100.811912596401,1024.19,rendah,0
796.4830293019468,Debit,Atlanta,ATM,7810.831505112422,Doctor,937.728763076344,5100.811912596401,10971.32,tinggi,0
5709.540061107609,Debit,Louisville,Online,5168.401071502365,Doctor,494.9958971892938,5100.811912596401,14631.879999999997,sedang,0
10448.325722907857,Credit,Boston,Branch,103.74274041642275,Student,2542.6354019169044,5100.811912596401,830.3699999999999,rendah,0
1811.6942751035172,Credit,Milwaukee,Online,764.3503488189372,Student,1933.877711322209,5100.811912596401,1997.33,rendah,1
6698.270646990492,Debit,San Francisco,Branch,4948.198535368194,Doctor,-833.2027004718584,5100.811912596401,13084.27,sedang,1
640.6407672129135,Debit,Milwaukee,ATM,4067.388390831508,Doctor,6527.231194900362,5100.811912596401,8528.72,sedang,1
10174.394031451704,Debit,Houston,Branch,5168.401071502365,Doctor,13555.615440857298,5100.811912596401,425.7699999999995,sedang,0
5231.456795548604,Debit,Baltimore,ATM,9352.249258051621,Doctor,5420.399030182735,5100.811912596401,8459.26,tinggi,0
4945.358314400082,Debit,Milwaukee,ATM,11774.477155527507,Retired,9681.7028643456,5100.811912596401,2649.23,tinggi,1
940.8741952099244,Debit,Raleigh,Branch,7150.223896709907,Engineer,4590.274906644515,5100.811912596401,6659.12,sedang,1
8174.209590701659,Debit,Fort Worth,ATM,9792.654330319965,Doctor,1933.877711322209,5100.811912596401,11937.04,tinggi,0
2610.587157109864,Credit,Memphis,Branch,3847.1858546973367,Doctor,5475.740638418617,5100.811912596401,6794.17,sedang,1
3471.9242979785217,Debit,Nashville,Online,8471.439113514936,Engineer,14385.739564395517,5100.811912596401,2064.76,tinggi,1
5679.480933632342,Debit,Baltimore,ATM,9572.451794185792,Retired,2044.560927793972,5100.811912596401,3139.75,tinggi,0
2748.894928171657,Debit,Los Angeles,ATM,-116.45979571774842,Student,6250.523153720956,5100.811912596401,202.6899999999996,rendah,0
9575.000715724658,Credit,Houston,Branch,9352.249258051621,Doctor,1601.8280619069214,5100.811912596401,11471.87,tinggi,0
9525.260016688204,Credit,Baltimore,Branch,764.3503488189372,Student,4092.2004325215826,5100.811912596401,1107.2799999999997,rendah,0
1258.4631908563447,Debit,Denver,Branch,1645.1604933556227,Engineer,5033.007772531566,5100.811912596401,5526.28,rendah,0
11371.033582371849,Debit,Baltimore,ATM,2305.768101758137,Doctor,3151.393092511599,5100.811912596401,9679.68,rendah,0
2149.68053582244,Debit,Chicago,Online,12214.88222779585,Retired,5420.399030182735,5100.811912596401,1033.9399999999996,tinggi,0
5934.4467470386235,Debit,Virginia Beach,Branch,103.74274041642275,Student,162.94624777400531,5100.811912596401,1833.2399999999998,rendah,1
12471.41235602001,Debit,Mesa,ATM,-336.6623318519196,Student,6305.864761956837,5100.811912596401,983.6800000000003,rendah,1
5345.967757359144,Credit,Sacramento,ATM,-336.6623318519196,Student,6195.181545485075,5100.811912596401,269.77999999999975,rendah,1
4941.422000087845,Debit,Indianapolis,Branch,3406.780782428994,Engineer,2874.6850513321924,5100.811912596401,9801.48,sedang,0
1125.7020445072499,Debit,Chicago,Online,-556.8648679860908,Student,2431.9521854451414,5100.811912596401,888.6000000000004,rendah,0
6338.813580932093,Credit,New York,Online,-777.0674041202619,Student,6084.498329013311,5100.811912596401,290.2399999999998,rendah,1
7196.930100999829,Debit,Sacramento,ATM,8471.439113514936,Doctor,6250.523153720956,5100.811912596401,8590.5,tinggi,1
15167.787659902573,Debit,Virginia Beach,ATM,764.3503488189372,Student,-58.420185169519755,5100.811912596401,1804.5,rendah,1
755.8674225347704,Debit,San Antonio,ATM,6049.211216039051,Engineer,8076.796225505041,5100.811912596401,7975.18,sedang,1
1528.1007212446011,Debit,Columbus,ATM,4067.388390831508,Engineer,2597.9770101527856,5100.811912596401,222.22000000000025,sedang,0
5555.665956174696,Debit,Memphis,Online,3406.780782428994,Engineer,13887.665090272585,5100.811912596401,6857.2,sedang,1
8972.028932441031,Debit,Houston,Online,2746.1731740264795,Doctor,8076.796225505041,5100.811912596401,248.52000000000044,sedang,0
3958.0591155398306,Debit,Sacramento,ATM,8251.236577380765,Retired,6250.523153720956,5100.811912596401,3019.04,tinggi,1
3529.000855505963,Debit,Baltimore,ATM,-777.0674041202619,Student,9737.044472581481,5100.811912596401,1523.5699999999997,rendah,0
537.9387483390865,Debit,San Francisco,Online,12875.489836198365,Retired,1823.1944948504465,5100.811912596401,5571.39,tinggi,1
1237.1713088946976,Debit,Charlotte,ATM,7370.426432844079,Doctor,550.3375054251746,5100.811912596401,1514.3400000000001,sedang,0
1917.259068022609,Debit,Sacramento,Online,8691.641649649107,Doctor,7191.3304937309385,5100.811912596401,1817.4300000000003,tinggi,1
3546.535346533202,Credit,San Diego,ATM,103.74274041642275,Student,-833.2027004718584,5100.811912596401,6269.12,rendah,1
9211.965182109681,Credit,Sacramento,ATM,5829.0086799048795,Engineer,5697.107071362142,5100.811912596401,2006.69,sedang,1
3155.766689354733,Debit,Phoenix,Branch,8031.034041246593,Retired,1601.8280619069214,5100.811912596401,2189.38,tinggi,1
3449.0221056164137,Debit,Dallas,ATM,8691.641649649107,Doctor,7468.038534910345,5100.811912596401,11036.74,tinggi,0
5313.0458558386135,Debit,Milwaukee,ATM,6930.021360575736,Retired,1989.2193195580908,5100.811912596401,2104.74,sedang,1
11908.877256125732,Debit,Indianapolis,ATM,6489.616288307394,Retired,13887.665090272585,5100.811912596401,5183.5,sedang,0
4383.717831394948,Credit,Omaha,Online,5608.806143770707,Engineer,6139.839937249193,5100.811912596401,643.6400000000003,sedang,1
7984.72973358078,Debit,Los Angeles,ATM,5388.603607636536,Doctor,4590.274906644515,5100.811912596401,11011.86,sedang,0
5730.474096313598,Credit,Memphis,ATM,5388.603607636536,Engineer,7025.305669023295,5100.811912596401,951.3299999999999,sedang,1
5003.508412194497,Debit,Tucson,ATM,7810.831505112422,Retired,8353.504266684447,5100.811912596401,2561.67,tinggi,1
3807.584554785668,Debit,Virginia Beach,Online,-116.45979571774842,Student,3649.4675666345315,5100.811912596401,1549.27,rendah,1
1109.420017124813,Debit,Seattle,Online,984.5528849531083,Engineer,11065.243070242635,5100.811912596401,3253.51,rendah,1
2986.684097306357,Credit,Colorado Springs,Branch,103.74274041642275,Student,937.728763076344,5100.811912596401,206.19999999999982,rendah,0
1266.872589614306,Debit,Fresno,Online,-777.0674041202619,Student,6582.572803136244,5100.811912596401,4361.44,rendah,0
1468.519236427554,Debit,Baltimore,Branch,10673.46447485665,Retired,5752.448679598024,5100.811912596401,4580.59,tinggi,0
703.8007195865412,Debit,Charlotte,Branch,6489.616288307394,Engineer,3760.1507831062945,5100.811912596401,2990.05,sedang,0
8542.254978895848,Debit,Denver,Online,10012.856866454134,Retired,1269.778412491633,5100.811912596401,1025.9899999999998,tinggi,0
5830.134417764335,Debit,Milwaukee,Online,3847.1858546973367,Doctor,7468.038534910345,5100.811912596401,1461.17,sedang,1
12739.260652629977,Debit,Las Vegas,Branch,2305.768101758137,Doctor,4368.908473700989,5100.811912596401,6333.72,rendah,0
6158.279892702663,Debit,Omaha,ATM,12435.084763930021,Retired,3649.4675666345315,5100.811912596401,4273.99,tinggi,1
4508.964195875226,Credit,Boston,Branch,11554.274619393334,Retired,4590.274906644515,5100.811912596401,4102.23,tinggi,0
4370.656424813434,Debit,Boston,ATM,4507.793463099851,Doctor,15105.180471461976,5100.811912596401,10462.77,sedang,0
817.0592177522785,Debit,Dallas,ATM,11554.274619393334,Retired,6803.939236079769,5100.811912596401,6851.31,tinggi,0
9306.794572359035,Debit,Milwaukee,Online,12435.084763930021,Retired,7080.647277259176,5100.811912596401,2421.94,tinggi,1
4407.156793890543,Debit,Austin,Branch,323.9452765505948,Student,11950.708802016736,5100.811912596401,443.6199999999999,rendah,0
8058.446165246316,Credit,Albuquerque,Branch,984.5528849531083,Student,4534.933298408633,5100.811912596401,1436.3199999999997,rendah,0
11477.135145424429,Debit,Tucson,ATM,8691.641649649107,Retired,7191.3304937309385,5100.811912596401,3279.12,tinggi,1
1826.3659920854925,Debit,Las Vegas,Online,10453.261938722479,Doctor,2321.268968973379,5100.811912596401,6020.29,tinggi,0
1710.0657964966622,Debit,Detroit,Online,8251.236577380765,Engineer,494.9958971892938,5100.811912596401,5925.98,tinggi,0
987.0364266897986,Debit,Indianapolis,ATM,8911.844185783279,Retired,882.3871548404632,5100.811912596401,1674.94,tinggi,0
832.8044750012277,Debit,Mesa,Online,5829.0086799048795,Engineer,7080.647277259176,5100.811912596401,3733.52,sedang,1
6194.064568268457,Debit,Los Angeles,ATM,7150.223896709907,Engineer,5365.0574219468535,5100.811912596401,2996.51,sedang,0
3714.9022450702614,Debit,Mesa,Online,4067.388390831508,Doctor,8076.796225505041,5100.811912596401,11666.18,sedang,1
754.436035512138,Debit,Los Angeles,ATM,3406.780782428994,Engineer,10069.09412199677,5100.811912596401,2735.84,sedang,0
7043.771689578232,Debit,Portland,ATM,764.3503488189372,Student,8242.821050212686,5100.811912596401,1073.5100000000002,rendah,1
5221.61600976801,Debit,Dallas,Branch,10893.667010990823,Retired,-611.8362675283333,5100.811912596401,6996.35,tinggi,0
1485.8748040769647,Debit,Albuquerque,Branch,2746.1731740264795,Engineer,6250.523153720956,5100.811912596401,4943.49,sedang,0
1067.015176579347,Debit,Tucson,ATM,-336.6623318519196,Student,-667.1778757642151,5100.811912596401,998.4899999999998,rendah,1
607.5399423145554,Debit,Tucson,Branch,-116.45979571774842,Student,4368.908473700989,5100.811912596401,1285.42,rendah,1
3697.1888306651936,Debit,Tucson,Online,2746.1731740264795,Engineer,3926.1756078139383,5100.811912596401,8469.43,sedang,1
1151.1091641589628,Debit,Columbus,Branch,6930.021360575736,Doctor,7744.746576089752,5100.811912596401,12319.26,sedang,0
2147.354531910663,Debit,Omaha,Branch,6489.616288307394,Doctor,8132.137833740922,5100.811912596401,9240.73,sedang,1
2971.117763435237,Debit,Detroit,Branch,8031.034041246593,Engineer,937.728763076344,5100.811912596401,2631.47,tinggi,0
5091.896560842008,Debit,Kansas City,Branch,10453.261938722479,Retired,3981.5172160498196,5100.811912596401,7471.63,tinggi,0
1509.3137665725599,Debit,Boston,Branch,3186.5782462948227,Doctor,4534.933298408633,5100.811912596401,11123.65,sedang,0
2618.4597857343388,Debit,Fort Worth,ATM,6269.413752173222,Engineer,1269.778412491633,5100.811912596401,7976.6,sedang,0
2972.012380324382,Credit,Sacramento,Online,9792.654330319965,Doctor,5143.6909890033285,5100.811912596401,8046.94,tinggi,1
15065.801334540061,Credit,Atlanta,ATM,7150.223896709907,Doctor,1546.4864536710397,5100.811912596401,14935.5,sedang,0
4763.214315770191,Debit,Columbus,ATM,10453.261938722479,Doctor,2321.268968973379,5100.811912596401,13486.149999999998,tinggi,0
12760.910381347283,Debit,Mesa,ATM,-116.45979571774842,Student,218.28785600988704,5100.811912596401,526.6700000000001,rendah,1
16226.119439760929,Debit,Columbus,ATM,8471.439113514936,Engineer,6195.181545485075,5100.811912596401,4954.37,tinggi,0
5453.679630812184,Debit,Austin,Branch,10233.059402588307,Doctor,-667.1778757642151,5100.811912596401,8942.58,tinggi,0
661.9326491745614,Debit,Louisville,ATM,12655.287300064192,Retired,9515.678039637956,5100.811912596401,4044.62,tinggi,0
11911.382183415337,Debit,Colorado Springs,Online,9572.451794185792,Retired,9958.410905525008,5100.811912596401,4148.85,tinggi,0
2350.9693358800305,Debit,San Diego,Branch,6489.616288307394,Doctor,8408.84587492033,5100.811912596401,11388.15,sedang,1
9551.740676606893,Debit,Denver,Branch,6709.818824441565,Retired,8630.212307863854,5100.811912596401,5347.57,sedang,0
7158.819421522259,Debit,Miami,ATM,5388.603607636536,Doctor,3538.7843501627685,5100.811912596401,1329.4499999999998,sedang,1
760.519430358323,Debit,Virginia Beach,Branch,6269.413752173222,Engineer,550.3375054251746,5100.811912596401,2475.65,sedang,1
740.8378587971365,Debit,Mesa,Branch,4727.995999234022,Engineer,3926.1756078139383,5100.811912596401,1019.46,sedang,1
1811.6942751035172,Debit,Houston,ATM,7590.628968978251,Retired,4092.2004325215826,5100.811912596401,2833.12,tinggi,0
4110.680756827941,Credit,Dallas,Online,8691.641649649107,Doctor,9349.653214930313,5100.811912596401,12148.32,tinggi,0
3194.5930623436197,Debit,Las Vegas,Online,4287.5909269656795,Doctor,9792.386080817363,5100.811912596401,14371.079999999998,sedang,0
929.4230990288706,Debit,San Francisco,ATM,5388.603607636536,Doctor,273.62946424576876,5100.811912596401,7947.44,sedang,1
1392.6557242280714,Debit,Boston,Branch,5829.0086799048795,Engineer,6637.914411372125,5100.811912596401,6037.03,sedang,0
13390.183901171768,Credit,Omaha,ATM,103.74274041642275,Student,3815.4923913421753,5100.811912596401,387.0199999999995,rendah,1
2919.408907242665,Debit,Los Angeles,Online,-556.8648679860908,Student,4092.2004325215826,5100.811912596401,1081.9699999999998,rendah,0
2598.241444039665,Debit,Oklahoma City,ATM,-777.0674041202619,Student,15049.838863226094,5100.811912596401,729.6999999999998,rendah,1
2085.0891964261823,Credit,Houston,Online,6269.413752173222,Engineer,14385.739564395517,5100.811912596401,5245.93,sedang,0
609.329176092845,Debit,Houston,ATM,764.3503488189372,Student,10788.535029063227,5100.811912596401,1290.9499999999998,rendah,0
2356.8738073483864,Debit,Baltimore,ATM,2305.768101758137,Engineer,328.97107248164957,5100.811912596401,6494.25,rendah,0
3309.8197176654758,Debit,Oklahoma City,ATM,10673.46447485665,Retired,6029.156720777431,5100.811912596401,4004.35,tinggi,1
9543.51020122676,Debit,Portland,ATM,10233.059402588307,Retired,8408.84587492033,5100.811912596401,2525.47,tinggi,1
1061.1107051109916,Debit,Kansas City,ATM,5388.603607636536,Doctor,1878.5361030863278,5100.811912596401,11014.25,sedang,0
641.5353841020597,Debit,Atlanta,ATM,6269.413752173222,Doctor,7523.380143146227,5100.811912596401,6275.0,sedang,0
5446.5226956990255,Credit,Portland,ATM,6930.021360575736,Retired,2431.9521854451414,5100.811912596401,1733.3400000000001,sedang,1
3113.540772187097,Debit,Memphis,ATM,10233.059402588307,Retired,11618.659152601449,5100.811912596401,5294.98,tinggi,1
7115.519964087648,Debit,Detroit,Online,2746.1731740264795,Engineer,-445.8114428206891,5100.811912596401,5018.67,sedang,0
10504.686586923981,Debit,Austin,ATM,8471.439113514936,Doctor,3760.1507831062945,5100.811912596401,9844.32,tinggi,0
8183.8714531044225,Debit,Las Vegas,Branch,984.5528849531083,Student,10567.168596119704,5100.811912596401,712.1300000000001,rendah,0
1162.7391837178461,Debit,Tucson,Branch,2525.9706378923083,Doctor,5863.131896069786,5100.811912596401,6217.58,sedang,1
1921.3743057126749,Credit,Portland,Online,7810.831505112422,Retired,-279.78661811304573,5100.811912596401,2229.56,tinggi,1
2875.751603052396,Debit,Charlotte,Branch,3186.5782462948227,Engineer,4092.2004325215826,5100.811912596401,9313.05,sedang,0
4151.117440217288,Debit,Colorado Springs,Branch,7370.426432844079,Retired,550.3375054251746,5100.811912596401,6747.16,sedang,0
13941.625751640651,Debit,Chicago,Branch,12435.084763930021,Retired,-3.0785769336380326,5100.811912596401,5134.37,tinggi,0
520.4042573118468,Debit,Austin,ATM,6709.818824441565,Engineer,218.28785600988704,5100.811912596401,2207.54,sedang,0
5106.9261245796415,Debit,Los Angeles,Online,10012.856866454134,Doctor,52.26303130224278,5100.811912596401,13336.149999999998,tinggi,0
14240.606715992857,Debit,San Jose,ATM,9132.04672191745,Doctor,7080.647277259176,5100.811912596401,1801.69,tinggi,1
3766.9689480184916,Debit,San Diego,Online,7150.223896709907,Doctor,5309.715813710973,5100.811912596401,522.3900000000003,sedang,1
3806.6899378965227,Credit,Portland,Online,7150.223896709907,Doctor,5033.007772531566,5100.811912596401,9381.64,sedang,1
3083.660568089658,Debit,Chicago,Branch,7810.831505112422,Doctor,162.94624777400531,5100.811912596401,11523.64,tinggi,0
1802.5691828342397,Debit,Fort Worth,ATM,4067.388390831508,Doctor,162.94624777400531,5100.811912596401,12723.62,sedang,0
901.6899754653796,Debit,Denver,Branch,4948.198535368194,Doctor,2542.6354019169044,5100.811912596401,7451.83,sedang,0
14424.18210164538,Debit,Austin,Branch,8911.844185783279,Doctor,3870.833999578057,5100.811912596401,7061.58,tinggi,0
14641.574005707578,Debit,Miami,Online,1424.9579572214516,Student,9404.994823166195,5100.811912596401,985.7699999999995,rendah,1
14236.13363154713,Debit,Fort Worth,ATM,7590.628968978251,Doctor,-3.0785769336380326,5100.811912596401,12799.34,tinggi,0
587.3216006198818,Credit,Atlanta,Online,-116.45979571774842,Student,5973.815112541549,5100.811912596401,811.2399999999998,rendah,0
1394.0871112507034,Debit,Atlanta,Online,-116.45979571774842,Student,6582.572803136244,5100.811912596401,842.9399999999996,rendah,0
1897.9353432170797,Credit,Kansas City,Branch,6049.211216039051,Engineer,6582.572803136244,5100.811912596401,2471.53,sedang,0
13081.362151038968,Debit,Washington,ATM,-556.8648679860908,Student,8685.553916099736,5100.811912596401,1237.5,rendah,1
16036.818506017877,Credit,San Diego,Online,6049.211216039051,Engineer,5088.349380767447,5100.811912596401,3931.03,sedang,1
1451.3425921559738,Debit,Indianapolis,Branch,544.147812684766,Student,2376.61057720926,5100.811912596401,960.96,rendah,0
3708.1031567127607,Debit,Houston,ATM,12435.084763930021,Retired,5199.03259723921,5100.811912596401,7310.88,tinggi,0
7378.000559362747,Debit,Fort Worth,ATM,8031.034041246593,Retired,-833.2027004718584,5100.811912596401,7902.52,tinggi,0
4577.84969633938,Debit,Houston,Online,10893.667010990823,Retired,1878.5361030863278,5100.811912596401,4405.28,tinggi,0
1235.9188452498943,Debit,Indianapolis,ATM,5829.0086799048795,Engineer,-169.1034016412832,5100.811912596401,3944.12,sedang,0
9169.560341564214,Debit,Raleigh,Branch,10012.856866454134,Doctor,2764.00183486043,5100.811912596401,8042.3,tinggi,1
5899.377764984146,Debit,Colorado Springs,Branch,-116.45979571774842,Student,14607.105997339044,5100.811912596401,560.7300000000005,rendah,0
4067.5602227711597,Debit,Detroit,Online,10673.46447485665,Doctor,3428.101133691006,5100.811912596401,1658.52,tinggi,0
9736.747449282047,Debit,San Francisco,ATM,1645.1604933556227,Engineer,550.3375054251746,5100.811912596401,1389.8900000000003,rendah,1
1255.6004168110812,Debit,Fresno,ATM,5829.0086799048795,Engineer,6029.156720777431,5100.811912596401,5081.26,sedang,0
2211.409101173434,Debit,Chicago,Online,-116.45979571774842,Student,5752.448679598024,5100.811912596401,1639.9,rendah,0
2171.8670346732315,Debit,Memphis,Online,10012.856866454134,Retired,6859.280844315651,5100.811912596401,5473.82,tinggi,1
1924.773849891425,Credit,Las Vegas,Online,6489.616288307394,Doctor,4534.933298408633,5100.811912596401,14798.099999999999,sedang,0
4686.992956815051,Debit,Jacksonville,Online,-556.8648679860908,Student,14939.15564675433,5100.811912596401,1231.98,rendah,0
772.3283732950349,Debit,Las Vegas,Branch,984.5528849531083,Engineer,5143.6909890033285,5100.811912596401,6611.26,rendah,0
4838.362134458358,Debit,Jacksonville,ATM,8471.439113514936,Doctor,6637.914411372125,5100.811912596401,883.7200000000003,tinggi,0
2705.774394114876,Debit,Jacksonville,Online,12655.287300064192,Retired,11120.584678478515,5100.811912596401,5055.99,tinggi,0
2819.748585791929,Debit,Las Vegas,ATM,6709.818824441565,Engineer,5697.107071362142,5100.811912596401,7166.88,sedang,0
2980.4217790823436,Debit,Dallas,Online,-116.45979571774842,Student,2321.268968973379,5100.811912596401,232.5600000000004,rendah,0
1208.7224918198908,Debit,Portland,Online,764.3503488189372,Student,8353.504266684447,5100.811912596401,1236.38,rendah,1
2148.785918933295,Debit,Seattle,Online,-116.45979571774842,Student,6693.256019608007,5100.811912596401,802.0900000000001,rendah,1
5474.076895884686,Debit,Nashville,Branch,8031.034041246593,Engineer,4424.250081936871,5100.811912596401,1423.1999999999998,tinggi,1
2545.6379709579483,Debit,Portland,ATM,6489.616288307394,Doctor,8021.454617269159,5100.811912596401,13388.559999999998,sedang,1
5920.132876812306,Credit,San Jose,Branch,1204.75542108728,Engineer,-943.8859169436219,5100.811912596401,2801.28,rendah,1
1063.4367090227688,Debit,Charlotte,ATM,6709.818824441565,Engineer,2597.9770101527856,5100.811912596401,5545.96,sedang,0
2525.5985526411037,Credit,Tucson,Online,1204.75542108728,Engineer,5973.815112541549,5100.811912596401,4764.48,rendah,1
13786.141336307275,Debit,San Diego,Online,1204.75542108728,Engineer,494.9958971892938,5100.811912596401,7868.19,rendah,1
5100.12703622214,Debit,Charlotte,ATM,984.5528849531083,Student,2930.026659568074,5100.811912596401,1128.38,rendah,0
7280.8451652016165,Debit,Fort Worth,ATM,8471.439113514936,Doctor,11729.34236907321,5100.811912596401,7627.04,tinggi,0
10738.539441746443,Debit,Washington,Online,6709.818824441565,Retired,5088.349380767447,5100.811912596401,4026.03,sedang,1
976.1221006422311,Credit,Austin,Online,12214.88222779585,Retired,7523.380143146227,5100.811912596401,7095.76,tinggi,0
10052.905057905835,Debit,Mesa,Online,5829.0086799048795,Engineer,4866.982947823922,5100.811912596401,3656.93,sedang,1
8174.388514079488,Debit,Raleigh,Branch,7370.426432844079,Retired,2487.2937936810226,5100.811912596401,3473.24,sedang,1
6968.4449475122365,Debit,Raleigh,ATM,9352.249258051621,Retired,7744.746576089752,5100.811912596401,7061.73,tinggi,1
15486.450195815967,Debit,Phoenix,Branch,764.3503488189372,Student,10456.48537964794,5100.811912596401,6012.67,rendah,1
2925.671225466679,Debit,Atlanta,ATM,5829.0086799048795,Doctor,5752.448679598024,5100.811912596401,9410.51,sedang,0
3817.246417188432,Debit,Albuquerque,Branch,6930.021360575736,Retired,-224.445009877164,5100.811912596401,6115.63,sedang,0
6856.438912991301,Debit,Fort Worth,Online,10453.261938722479,Doctor,3815.4923913421753,5100.811912596401,6712.94,tinggi,0
4517.194671255359,Debit,Fresno,Branch,6930.021360575736,Doctor,550.3375054251746,5100.811912596401,8400.87,sedang,0
13693.816873347529,Debit,Washington,ATM,8471.439113514936,Retired,3594.1259583986503,5100.811912596401,4644.19,tinggi,1
4499.302333472462,Debit,Fort Worth,ATM,1204.75542108728,Student,3815.4923913421753,5100.811912596401,1734.2200000000003,rendah,0
10476.058846471346,Debit,San Jose,ATM,10453.261938722479,Doctor,1435.8032371992772,5100.811912596401,5237.12,tinggi,1
996.3404423369047,Debit,Boston,ATM,8911.844185783279,Retired,7578.721751382109,5100.811912596401,5950.48,tinggi,0
6053.609716672716,Debit,Detroit,Branch,3186.5782462948227,Doctor,7689.404967853871,5100.811912596401,9962.5,sedang,0
1943.5608045634676,Debit,Kansas City,Online,6709.818824441565,Doctor,4922.324556059803,5100.811912596401,9662.88,sedang,0
972.3647097078228,Credit,Detroit,Branch,9792.654330319965,Doctor,4866.982947823922,5100.811912596401,5243.0,tinggi,0
15626.90504741171,Credit,Oklahoma City,Branch,11334.072083259165,Retired,8630.212307863854,5100.811912596401,1702.65,tinggi,1
1574.0840293466458,Debit,Fresno,ATM,1204.75542108728,Student,1601.8280619069214,5100.811912596401,800.9300000000003,rendah,0
14081.543833102904,Debit,San Antonio,ATM,8471.439113514936,Engineer,4811.64133958804,5100.811912596401,7231.47,tinggi,1
5900.093458495461,Debit,Charlotte,ATM,103.74274041642275,Student,14219.714739687872,5100.811912596401,1052.3099999999995,rendah,0
2617.744092223023,Credit,Las Vegas,Branch,2305.768101758137,Doctor,218.28785600988704,5100.811912596401,13560.629999999997,rendah,0
9163.834793473688,Debit,New York,ATM,10673.46447485665,Retired,4866.982947823922,5100.811912596401,3138.0,tinggi,1
1917.616914778267,Debit,Mesa,ATM,3626.983318563165,Doctor,6527.231194900362,5100.811912596401,9916.24,sedang,1
1160.771026561727,Debit,Miami,ATM,11774.477155527507,Retired,12946.857750262601,5100.811912596401,7941.73,tinggi,1
2077.216567801707,Debit,Colorado Springs,Branch,6049.211216039051,Engineer,1989.2193195580908,5100.811912596401,3753.24,sedang,0
13125.556225362721,Debit,Washington,Online,8251.236577380765,Doctor,5365.0574219468535,5100.811912596401,5003.22,tinggi,1
2596.8100570170336,Debit,Columbus,Online,10893.667010990823,Retired,11009.901462006754,5100.811912596401,4880.31,tinggi,0
2409.298357052274,Debit,Los Angeles,Branch,7810.831505112422,Retired,3317.4179172192435,5100.811912596401,1310.38,tinggi,0
10961.835817276997,Debit,Las Vegas,ATM,323.9452765505948,Student,771.7039383687006,5100.811912596401,4475.22,rendah,0
10972.034449813249,Credit,Chicago,Branch,7370.426432844079,Retired,5199.03259723921,5100.811912596401,6521.05,sedang,0
1922.6267693574778,Debit,Colorado Springs,Branch,7590.628968978251,Retired,6250.523153720956,5100.811912596401,1615.04,tinggi,0
3603.0751339271555,Credit,Atlanta,Online,-336.6623318519196,Student,14441.081172631399,5100.811912596401,1490.3400000000001,rendah,0
8070.434031560857,Debit,Los Angeles,Branch,1424.9579572214516,Student,9183.628390222668,5100.811912596401,1929.2799999999997,rendah,0
2928.5339995119425,Debit,San Jose,ATM,7810.831505112422,Retired,3594.1259583986503,5100.811912596401,5315.83,tinggi,1
6033.033528222385,Debit,Los Angeles,Online,764.3503488189372,Student,7744.746576089752,5100.811912596401,1931.6599999999999,rendah,0
5800.254213666896,Debit,Boston,Branch,3186.5782462948227,Doctor,4977.666164295684,5100.811912596401,1050.63,sedang,0
1890.9573314817503,Debit,Washington,Branch,8031.034041246593,Retired,13334.249007913771,5100.811912596401,1950.63,tinggi,1
2160.4159384921777,Credit,Seattle,Online,4067.388390831508,Engineer,2376.61057720926,5100.811912596401,6295.45,sedang,1
2254.1717884745576,Credit,Los Angeles,Online,4287.5909269656795,Engineer,6084.498329013311,5100.811912596401,4113.63,sedang,0
5724.211778089585,Debit,Columbus,ATM,-116.45979571774842,Student,3483.4427419268877,5100.811912596401,1451.02,rendah,0
1524.522253688022,Debit,Albuquerque,ATM,103.74274041642275,Student,5973.815112541549,5100.811912596401,1597.85,rendah,0
8320.747837143585,Debit,Seattle,Online,1204.75542108728,Student,3594.1259583986503,5100.811912596401,1256.33,rendah,1
5148.257424858133,Debit,Austin,Online,11113.869547124992,Retired,14662.447605574922,5100.811912596401,7320.61,tinggi,0
13499.863931780925,Debit,Omaha,Online,7810.831505112422,Retired,6637.914411372125,5100.811912596401,2150.38,tinggi,1
10680.389343952029,Debit,Houston,ATM,11113.869547124992,Retired,4092.2004325215826,5100.811912596401,2940.04,tinggi,0
758.7301965800343,Credit,Oklahoma City,Branch,11554.274619393334,Retired,14551.764389103162,5100.811912596401,5399.76,tinggi,1
1602.7117697992808,Debit,Raleigh,ATM,1204.75542108728,Engineer,5641.76546312626,5100.811912596401,7537.4,rendah,1
999.9189098934839,Debit,New York,Online,7150.223896709907,Engineer,-224.445009877164,5100.811912596401,7498.51,sedang,1
574.2601940383665,Debit,San Jose,ATM,1645.1604933556227,Doctor,273.62946424576876,5100.811912596401,10506.41,rendah,1
8220.90859231502,Credit,Austin,Branch,11334.072083259165,Retired,5641.76546312626,5100.811912596401,6505.98,tinggi,0
3700.0516047104575,Debit,Houston,Branch,7370.426432844079,Engineer,2210.5857525016163,5100.811912596401,7568.4,sedang,0
4956.272640447649,Debit,Denver,ATM,-777.0674041202619,Student,1601.8280619069214,5100.811912596401,546.46,rendah,0
1868.0551391196423,Debit,San Francisco,ATM,323.9452765505948,Student,3981.5172160498196,5100.811912596401,1072.2499999999995,rendah,1
6718.488988685166,Debit,Indianapolis,ATM,10453.261938722479,Doctor,12338.100059667906,5100.811912596401,7273.55,tinggi,0
6337.918964042949,Debit,Washington,ATM,-556.8648679860908,Student,13832.323482036703,5100.811912596401,782.3500000000004,rendah,1
4970.586510673967,Debit,New York,Branch,11994.679691661679,Retired,12116.73362672438,5100.811912596401,4444.95,tinggi,1
817.2381411301076,Debit,Albuquerque,ATM,7590.628968978251,Doctor,328.97107248164957,5100.811912596401,10658.88,tinggi,0
4048.236497965631,Credit,Austin,Branch,984.5528849531083,Student,716.3623301328198,5100.811912596401,250.9300000000003,rendah,0
10982.769852482987,Debit,Raleigh,Branch,323.9452765505948,Student,1546.4864536710397,5100.811912596401,1729.02,rendah,1
8282.637157666015,Credit,Virginia Beach,Online,1204.75542108728,Student,5365.0574219468535,5100.811912596401,1298.13,rendah,1
9642.991599299665,Credit,Nashville,Online,1204.75542108728,Student,14773.130822046689,5100.811912596401,5828.48,rendah,1
6445.27299074033,Debit,Denver,ATM,11554.274619393334,Retired,-833.2027004718584,5100.811912596401,7600.99,tinggi,0
4075.6117747734634,Debit,Portland,Online,7590.628968978251,Engineer,13334.249007913771,5100.811912596401,9603.73,tinggi,1
4315.905871197769,Debit,Atlanta,Online,8251.236577380765,Engineer,8353.504266684447,5100.811912596401,4180.4,tinggi,0
5346.3256041148015,Debit,Philadelphia,Online,323.9452765505948,Student,6195.181545485075,5100.811912596401,1268.44,rendah,1
5987.050220120341,Debit,Colorado Springs,ATM,984.5528849531083,Engineer,5143.6909890033285,5100.811912596401,9609.67,rendah,0
12010.505734732586,Credit,Detroit,ATM,3626.983318563165,Doctor,3206.734700747481,5100.811912596401,11989.39,sedang,0
2267.412118433902,Debit,Miami,Branch,5608.806143770707,Engineer,-833.2027004718584,5100.811912596401,9538.92,sedang,1
16411.841905947396,Debit,Virginia Beach,Online,3186.5782462948227,Engineer,7855.429792561516,5100.811912596401,4826.88,sedang,1
10128.947493483147,Debit,Kansas City,Online,1204.75542108728,Student,5918.473504305668,5100.811912596401,293.0600000000004,rendah,0
4820.648720053291,Debit,Mesa,ATM,764.3503488189372,Student,7468.038534910345,5100.811912596401,1445.5299999999997,rendah,1
2841.040467753576,Debit,Atlanta,ATM,9352.249258051621,Doctor,3704.809174870413,5100.811912596401,11204.62,tinggi,0
14824.43369784878,Credit,San Diego,Branch,-336.6623318519196,Student,3151.393092511599,5100.811912596401,693.3999999999996,rendah,1
663.0061894415358,Debit,Dallas,Online,7810.831505112422,Doctor,7634.06335961799,5100.811912596401,13523.649999999998,tinggi,0
1015.664167142434,Debit,Detroit,ATM,-336.6623318519196,Student,7523.380143146227,5100.811912596401,662.5100000000002,rendah,0
8222.518902715481,Credit,Atlanta,Online,323.9452765505948,Student,3981.5172160498196,5100.811912596401,342.7300000000005,rendah,0
16345.998102906338,Credit,Raleigh,ATM,5608.806143770707,Engineer,1767.8528866145648,5100.811912596401,7764.16,sedang,1
4070.065150060765,Debit,Tucson,ATM,1645.1604933556227,Engineer,1491.1448454351585,5100.811912596401,9834.0,rendah,1
1261.5048882794372,Debit,Raleigh,ATM,4948.198535368194,Doctor,7966.113009033278,5100.811912596401,268.7699999999995,sedang,1
3476.576305802075,Debit,Indianapolis,ATM,1865.3630294897944,Engineer,8021.454617269159,5100.811912596401,5397.68,rendah,0
11032.68947489727,Debit,Dallas,Online,1424.9579572214516,Student,14219.714739687872,5100.811912596401,1926.08,rendah,0
1808.2947309247666,Debit,Houston,Online,10233.059402588307,Doctor,5531.082246654498,5100.811912596401,6911.62,tinggi,0
3410.3746560053564,Debit,Tucson,Online,3186.5782462948227,Engineer,6637.914411372125,5100.811912596401,7527.04,sedang,1
10969.171675767986,Credit,Nashville,Online,4727.995999234022,Doctor,4534.933298408633,5100.811912596401,12071.1,sedang,1
1187.9673799917305,Credit,Oklahoma City,Online,11113.869547124992,Retired,5641.76546312626,5100.811912596401,1425.4700000000003,tinggi,1
11948.777169381592,Debit,Philadelphia,Branch,8471.439113514936,Doctor,882.3871548404632,5100.811912596401,11726.47,tinggi,1
1547.2455226723005,Debit,Phoenix,Online,1424.9579572214516,Student,384.3126807175313,5100.811912596401,9189.76,rendah,1
14393.586204036626,Credit,Raleigh,Online,12435.084763930021,Retired,3981.5172160498196,5100.811912596401,4895.87,tinggi,1
3880.0485228064003,Debit,Boston,Online,10012.856866454134,Retired,-58.420185169519755,5100.811912596401,7167.57,tinggi,0
12589.3228620093,Credit,Jacksonville,Online,7590.628968978251,Retired,218.28785600988704,5100.811912596401,4704.91,tinggi,0
2201.9261621484984,Credit,Columbus,Branch,10012.856866454134,Retired,1601.8280619069214,5100.811912596401,1267.7200000000003,tinggi,0
8112.838872106322,Credit,Fresno,Online,8251.236577380765,Engineer,5973.815112541549,5100.811912596401,5790.55,tinggi,0
1405.0014372982705,Debit,Oklahoma City,Branch,8471.439113514936,Engineer,2099.9025360298533,5100.811912596401,5729.1,tinggi,1
1770.0051280693674,Debit,El Paso,Online,764.3503488189372,Student,4313.566865465108,5100.811912596401,1478.4099999999999,rendah,0
5189.051955003138,Debit,Chicago,Online,1424.9579572214516,Student,1048.4119795481074,5100.811912596401,824.71,rendah,0
3783.6088221565856,Debit,Milwaukee,ATM,1204.75542108728,Student,1989.2193195580908,5100.811912596401,1024.4199999999996,rendah,1
3311.9667981994235,Debit,Charlotte,ATM,6489.616288307394,Doctor,4147.542040757464,5100.811912596401,14453.349999999999,sedang,0
2664.4430938363844,Debit,Colorado Springs,ATM,4507.793463099851,Doctor,11397.292719657922,5100.811912596401,5374.54,sedang,0
6027.307980131858,Credit,Sacramento,Branch,8251.236577380765,Engineer,4092.2004325215826,5100.811912596401,9148.08,tinggi,1
9573.390405324197,Debit,Milwaukee,ATM,8251.236577380765,Engineer,771.7039383687006,5100.811912596401,2757.23,tinggi,1
6381.03949809973,Debit,New York,ATM,4287.5909269656795,Engineer,4479.591690172752,5100.811912596401,2523.83,sedang,1
14753.043270095022,Debit,Austin,Branch,10012.856866454134,Retired,2044.560927793972,5100.811912596401,1498.79,tinggi,0
1802.032412700753,Debit,Boston,Online,1645.1604933556227,Doctor,2487.2937936810226,5100.811912596401,1305.56,rendah,0
5508.072337672191,Debit,Fort Worth,ATM,764.3503488189372,Student,5752.448679598024,5100.811912596401,1910.9,rendah,0
5948.223847131454,Debit,Indianapolis,Online,764.3503488189372,Student,4147.542040757464,5100.811912596401,423.6400000000003,rendah,0
6792.38434372853,Debit,New York,Branch,9352.249258051621,Retired,-335.12822634892655,5100.811912596401,7606.63,tinggi,1
2045.3682065481507,Debit,Dallas,Branch,2085.5655656239655,Doctor,-224.445009877164,5100.811912596401,842.5600000000004,rendah,0
11321.292883335396,Debit,Portland,ATM,1424.9579572214516,Student,2930.026659568074,5100.811912596401,709.4200000000001,rendah,1
5134.1224780096445,Debit,Charlotte,ATM,1204.75542108728,Student,5309.715813710973,5100.811912596401,1358.37,rendah,0
710.4208845662124,Credit,Austin,Branch,11774.477155527507,Retired,2044.560927793972,5100.811912596401,7258.33,tinggi,0
1646.1901506117206,Debit,San Antonio,ATM,10453.261938722479,Retired,4036.8588242857013,5100.811912596401,4980.26,tinggi,1
8500.20798510604,Credit,Miami,Branch,7370.426432844079,Retired,6416.5479784286,5100.811912596401,1623.5,sedang,1
1642.2538362994833,Debit,Dallas,ATM,984.5528849531083,Engineer,6029.156720777431,5100.811912596401,4401.78,rendah,0
1956.6222111449824,Debit,Charlotte,Online,5829.0086799048795,Engineer,4590.274906644515,5100.811912596401,2051.37,sedang,0
3564.2487609382697,Debit,Washington,Branch,9352.249258051621,Doctor,2321.268968973379,5100.811912596401,13374.89,tinggi,1
1373.331999422543,Debit,Austin,Branch,103.74274041642275,Student,2321.268968973379,5100.811912596401,3363.23,rendah,0
6320.921243149196,Debit,Jacksonville,Branch,8471.439113514936,Doctor,4368.908473700989,5100.811912596401,13521.759999999998,tinggi,0
13726.73877486806,Debit,Philadelphia,Branch,4287.5909269656795,Doctor,8076.796225505041,5100.811912596401,13856.18,sedang,1
3732.4367360975007,Credit,Oklahoma City,Online,2525.9706378923083,Engineer,1546.4864536710397,5100.811912596401,9905.23,sedang,1
13396.088372640123,Debit,Tucson,Branch,7150.223896709907,Retired,937.728763076344,5100.811912596401,3101.54,sedang,1
5720.275463777347,Debit,Miami,ATM,7810.831505112422,Retired,5973.815112541549,5100.811912596401,7142.53,tinggi,1
2263.1179573660065,Debit,Mesa,Online,1424.9579572214516,Student,6693.256019608007,5100.811912596401,580.6599999999999,rendah,1
2303.1967939996957,Credit,Milwaukee,Branch,-777.0674041202619,Student,4258.225257229226,5100.811912596401,6149.81,rendah,1
1326.6329978091817,Debit,Columbus,Branch,7590.628968978251,Engineer,13112.882574970246,5100.811912596401,5698.25,tinggi,0
5125.355232496025,Debit,San Antonio,Online,3847.1858546973367,Doctor,10954.559853770872,5100.811912596401,9562.41,sedang,1
5649.6007295349045,Debit,El Paso,Online,103.74274041642275,Student,12614.808100847313,5100.811912596401,187.64999999999964,rendah,0
9474.803624140435,Credit,San Antonio,Online,984.5528849531083,Engineer,6582.572803136244,5100.811912596401,8520.08,rendah,1
972.3647097078228,Debit,Mesa,ATM,1204.75542108728,Student,273.62946424576876,5100.811912596401,1435.7200000000003,rendah,1
8320.211067010097,Debit,Jacksonville,ATM,-336.6623318519196,Student,8242.821050212686,5100.811912596401,825.6899999999996,rendah,0
2712.3945590945477,Credit,Baltimore,Online,2085.5655656239655,Doctor,-943.8859169436219,5100.811912596401,6852.16,rendah,0
3001.713661043991,Debit,Portland,Branch,323.9452765505948,Student,218.28785600988704,5100.811912596401,1570.2200000000003,rendah,1
550.2844614092846,Debit,Baltimore,Online,9132.04672191745,Retired,273.62946424576876,5100.811912596401,4891.56,tinggi,0
910.0993742233422,Debit,Virginia Beach,ATM,9352.249258051621,Doctor,4147.542040757464,5100.811912596401,7682.0,tinggi,1
2774.659894579029,Debit,Austin,Branch,7810.831505112422,Retired,661.0207218969381,5100.811912596401,6100.98,tinggi,0
1339.1576342572098,Debit,Detroit,Online,7370.426432844079,Doctor,2265.9273607374976,5100.811912596401,1562.9,sedang,0
4867.526645044481,Debit,San Francisco,Branch,7810.831505112422,Doctor,1159.09519601987,5100.811912596401,13732.809999999998,tinggi,1
4647.629813692677,Credit,Oklahoma City,Branch,8471.439113514936,Retired,3815.4923913421753,5100.811912596401,5790.7,tinggi,1
14152.576414101004,Debit,Los Angeles,ATM,9352.249258051621,Doctor,12006.050410252617,5100.811912596401,207.10000000000036,tinggi,0
1114.2509483261956,Debit,Los Angeles,Branch,7810.831505112422,Engineer,605.6791136610573,5100.811912596401,3077.2,tinggi,0
2321.625901916079,Credit,Tucson,Online,5388.603607636536,Engineer,9515.678039637956,5100.811912596401,3052.47,sedang,1
6041.621850358177,Debit,Fresno,Branch,1204.75542108728,Engineer,827.0455466045814,5100.811912596401,8564.46,rendah,0
5114.440906448458,Credit,Fort Worth,Online,8251.236577380765,Retired,14717.789213810804,5100.811912596401,7950.74,tinggi,0
1972.7253151495893,Credit,Sacramento,Branch,323.9452765505948,Student,7135.988885495058,5100.811912596401,287.46000000000004,rendah,1
9039.84089263821,Debit,San Diego,Online,323.9452765505948,Student,8851.57874080738,5100.811912596401,1154.4799999999996,rendah,1
6470.501187014215,Debit,Philadelphia,ATM,10233.059402588307,Doctor,439.6542889534121,5100.811912596401,10628.59,tinggi,1
689.6657727380516,Debit,Fresno,ATM,5608.806143770707,Engineer,9404.994823166195,5100.811912596401,7801.32,sedang,0
2275.8215171918628,Debit,Mesa,Branch,11774.477155527507,Retired,2542.6354019169044,5100.811912596401,5670.82,tinggi,1
4354.553320808826,Debit,Charlotte,Online,5388.603607636536,Engineer,4811.64133958804,5100.811912596401,3956.69,sedang,0
4416.102962781992,Credit,Memphis,Branch,8911.844185783279,Doctor,4147.542040757464,5100.811912596401,13869.86,tinggi,1
6622.407134791009,Debit,Austin,ATM,4727.995999234022,Engineer,3428.101133691006,5100.811912596401,4159.52,sedang,0
1407.685287965705,Debit,San Jose,Branch,2305.768101758137,Doctor,1325.1200207275142,5100.811912596401,9794.26,rendah,1
8385.697023295501,Debit,Colorado Springs,Branch,12435.084763930021,Retired,-224.445009877164,5100.811912596401,5123.24,tinggi,0
540.8015223843495,Debit,Seattle,ATM,9792.654330319965,Doctor,7910.771400797397,5100.811912596401,11619.1,tinggi,1
3608.8006820176824,Debit,Philadelphia,ATM,2085.5655656239655,Engineer,7412.6969266744645,5100.811912596401,9077.62,rendah,1
8355.816819198062,Debit,San Antonio,Branch,103.74274041642275,Student,2542.6354019169044,5100.811912596401,1824.19,rendah,1
9802.591252323105,Credit,Washington,Online,10893.667010990823,Retired,716.3623301328198,5100.811912596401,4159.33,tinggi,1
13722.086767044504,Debit,Chicago,Online,6269.413752173222,Doctor,5365.0574219468535,5100.811912596401,14352.329999999998,sedang,0
3209.6226260812527,Debit,Memphis,Online,9352.249258051621,Retired,605.6791136610573,5100.811912596401,2156.54,tinggi,1
8458.876684827548,Debit,Louisville,Online,1204.75542108728,Engineer,-556.4946592924525,5100.811912596401,5424.6,rendah,0
600.025160445738,Debit,Indianapolis,Online,6709.818824441565,Doctor,13776.981873800822,5100.811912596401,11263.89,sedang,0
2252.203631318439,Credit,Milwaukee,Online,5829.0086799048795,Doctor,5531.082246654498,5100.811912596401,12467.31,sedang,1
5102.810886889575,Debit,San Diego,Branch,984.5528849531083,Engineer,2431.9521854451414,5100.811912596401,2531.24,rendah,1
13653.73803671384,Credit,Boston,Branch,5829.0086799048795,Engineer,14551.764389103162,5100.811912596401,6242.03,sedang,0
2013.3409219167652,Debit,Memphis,Branch,3847.1858546973367,Doctor,6361.206370192718,5100.811912596401,13586.059999999998,sedang,1
4128.394171233009,Credit,Virginia Beach,ATM,5829.0086799048795,Engineer,2321.268968973379,5100.811912596401,7447.1,sedang,1
3278.5081265454064,Debit,Mesa,Branch,764.3503488189372,Student,1435.8032371992772,5100.811912596401,1419.31,rendah,1
9121.072106172564,Debit,Atlanta,Branch,8031.034041246593,Retired,13832.323482036703,5100.811912596401,6142.54,tinggi,0
3599.3177429927473,Debit,Miami,Online,-336.6623318519196,Student,10235.118946704413,5100.811912596401,416.3699999999999,rendah,1
5436.324063162773,Credit,Philadelphia,Branch,6930.021360575736,Retired,11674.00076083733,5100.811912596401,6313.22,sedang,1
4212.667082190454,Debit,Columbus,Online,8471.439113514936,Engineer,5863.131896069786,5100.811912596401,8092.94,tinggi,0
2953.4043490301688,Debit,Chicago,Branch,2085.5655656239655,Engineer,-722.5194840000959,5100.811912596401,6229.13,rendah,0
975.943177264403,Debit,Virginia Beach,ATM,2305.768101758137,Doctor,328.97107248164957,5100.811912596401,7473.73,rendah,1
6221.976615209776,Credit,Virginia Beach,Branch,1645.1604933556227,Engineer,2321.268968973379,5100.811912596401,2366.3,rendah,1
3769.294951930268,Debit,Kansas City,Branch,6489.616288307394,Retired,6084.498329013311,5100.811912596401,3051.29,sedang,0
13327.381795553796,Debit,Atlanta,ATM,4948.198535368194,Doctor,11840.025585544972,5100.811912596401,6987.4,sedang,0
4494.650325648909,Credit,Fresno,ATM,9572.451794185792,Doctor,6803.939236079769,5100.811912596401,7370.41,tinggi,0
1932.6464785159,Debit,San Francisco,ATM,10233.059402588307,Retired,7744.746576089752,5100.811912596401,5010.31,tinggi,1
11101.93282211708,Debit,Tucson,ATM,6709.818824441565,Doctor,6250.523153720956,5100.811912596401,9817.05,sedang,1
4087.241794332346,Credit,San Antonio,Branch,6709.818824441565,Retired,4479.591690172752,5100.811912596401,4389.96,sedang,1
6658.191810356803,Debit,Nashville,Online,9132.04672191745,Retired,3870.833999578057,5100.811912596401,6486.18,tinggi,1
3405.722648181803,Debit,Milwaukee,Branch,4287.5909269656795,Engineer,6859.280844315651,5100.811912596401,8576.65,sedang,1
1151.6459342924504,Debit,Houston,Online,103.74274041642275,Student,11452.634327893804,5100.811912596401,1593.0299999999997,rendah,0
6855.544296102157,Debit,Boston,ATM,11554.274619393334,Retired,9072.945173750904,5100.811912596401,3872.55,tinggi,0
1192.6193878152844,Debit,Denver,ATM,4067.388390831508,Doctor,4977.666164295684,5100.811912596401,9129.68,sedang,0
743.3427860867423,Debit,San Antonio,ATM,323.9452765505948,Student,1989.2193195580908,5100.811912596401,213.0,rendah,1
3898.656554100613,Debit,Charlotte,ATM,-116.45979571774842,Student,1823.1944948504465,5100.811912596401,8457.09,rendah,0
5073.646376303453,Debit,Baltimore,ATM,12875.489836198365,Retired,-3.0785769336380326,5100.811912596401,6290.62,tinggi,0
4629.73747590978,Credit,Memphis,Branch,6489.616288307394,Engineer,1601.8280619069214,5100.811912596401,9522.37,sedang,1
4759.099078080126,Debit,Tucson,ATM,8691.641649649107,Doctor,6914.622452551532,5100.811912596401,11795.12,tinggi,1
2026.40232849828,Credit,Portland,ATM,764.3503488189372,Student,7191.3304937309385,5100.811912596401,1299.4,rendah,1
8457.982067938405,Debit,San Jose,Online,7810.831505112422,Retired,1878.5361030863278,5100.811912596401,6062.94,tinggi,1
1506.9877626607822,Credit,Kansas City,Branch,544.147812684766,Student,3317.4179172192435,5100.811912596401,7047.04,rendah,0
1487.8429612330829,Credit,Columbus,ATM,4287.5909269656795,Engineer,13721.64026556494,5100.811912596401,7927.27,sedang,0
7550.303772212044,Debit,Charlotte,Online,984.5528849531083,Student,3483.4427419268877,5100.811912596401,1769.06,rendah,0
9730.127284302376,Debit,Columbus,ATM,1204.75542108728,Engineer,1601.8280619069214,5100.811912596401,9269.67,rendah,0
6448.314688163422,Debit,Dallas,ATM,8251.236577380765,Doctor,4313.566865465108,5100.811912596401,9749.46,tinggi,0
3689.13727866289,Debit,Milwaukee,Online,-556.8648679860908,Student,8076.796225505041,5100.811912596401,123.23999999999978,rendah,1
4800.072531602959,Debit,Atlanta,Online,2525.9706378923083,Engineer,218.28785600988704,5100.811912596401,7807.73,sedang,0
9000.11990276018,Debit,Boston,Online,5388.603607636536,Engineer,14219.714739687872,5100.811912596401,8494.53,sedang,0
8587.343670108748,Debit,Chicago,Online,1645.1604933556227,Engineer,4202.883648993346,5100.811912596401,8994.67,rendah,0
4868.421261933625,Debit,Omaha,Branch,3847.1858546973367,Engineer,882.3871548404632,5100.811912596401,4576.78,sedang,1
8289.973016157,Debit,San Francisco,Online,7370.426432844079,Engineer,2819.343443096311,5100.811912596401,2103.41,sedang,1
2791.657615472781,Debit,Miami,ATM,-336.6623318519196,Student,7910.771400797397,5100.811912596401,1046.6599999999999,rendah,1
919.4033898704483,Credit,Mesa,Online,5608.806143770707,Doctor,3649.4675666345315,5100.811912596401,10536.54,sedang,1
10272.26511912415,Debit,Miami,Branch,1204.75542108728,Engineer,771.7039383687006,5100.811912596401,4860.01,rendah,1
884.871177949457,Debit,Nashville,Online,7370.426432844079,Engineer,550.3375054251746,5100.811912596401,9575.42,sedang,1
8083.316514764541,Credit,Kansas City,Branch,6269.413752173222,Doctor,2985.368267803955,5100.811912596401,5453.4,sedang,0
2547.7850514918964,Debit,Atlanta,ATM,-556.8648679860908,Student,1380.4616289633955,5100.811912596401,1612.4,rendah,0
5443.3020748981035,Credit,Washington,Online,11113.869547124992,Retired,2210.5857525016163,5100.811912596401,6151.05,tinggi,1
11074.020775175759,Debit,Washington,Branch,1204.75542108728,Student,-224.445009877164,5100.811912596401,852.1999999999998,rendah,1
3232.5248184433603,Debit,San Jose,ATM,4507.793463099851,Doctor,8242.821050212686,5100.811912596401,9141.79,sedang,1
7586.6252179113235,Credit,El Paso,Branch,4727.995999234022,Doctor,5033.007772531566,5100.811912596401,6425.99,sedang,0
11512.025204101077,Debit,Boston,Online,984.5528849531083,Student,6250.523153720956,5100.811912596401,214.60999999999967,rendah,0
4223.760331615849,Credit,Las Vegas,Online,-556.8648679860908,Student,162.94624777400531,5100.811912596401,229.02000000000044,rendah,0
4450.993021458641,Debit,Seattle,ATM,7810.831505112422,Retired,6914.622452551532,5100.811912596401,1793.0900000000001,tinggi,1
5541.531009326208,Debit,Philadelphia,ATM,2746.1731740264795,Engineer,6361.206370192718,5100.811912596401,4437.48,sedang,1
1541.5199745817736,Credit,Sacramento,Branch,8031.034041246593,Engineer,3870.833999578057,5100.811912596401,3641.06,tinggi,1
1050.7331491969112,Credit,Seattle,Branch,2305.768101758137,Doctor,2819.343443096311,5100.811912596401,11481.85,rendah,1
8100.135312280466,Debit,Oklahoma City,Online,103.74274041642275,Student,4922.324556059803,5100.811912596401,5491.55,rendah,1
4591.984643187869,Debit,Omaha,ATM,10012.856866454134,Doctor,4922.324556059803,5100.811912596401,9598.43,tinggi,1
1707.2030224513992,Debit,Seattle,Online,9132.04672191745,Doctor,1159.09519601987,5100.811912596401,14410.439999999999,tinggi,1
2629.016265026248,Debit,Omaha,Online,2525.9706378923083,Doctor,14883.814038518449,5100.811912596401,749.3400000000001,sedang,1
4465.485815062787,Debit,Louisville,ATM,1204.75542108728,Student,13776.981873800822,5100.811912596401,1185.4300000000007,rendah,0
5019.790439576934,Credit,Seattle,ATM,984.5528849531083,Student,8021.454617269159,5100.811912596401,1584.6,rendah,1
8262.239892593512,Debit,Philadelphia,Branch,3626.983318563165,Doctor,11286.60950318616,5100.811912596401,6368.32,sedang,1
3694.862826753417,Debit,Oklahoma City,ATM,8251.236577380765,Retired,1767.8528866145648,5100.811912596401,1137.1300000000006,tinggi,1
4745.8587481207815,Debit,Tucson,Online,6049.211216039051,Doctor,4866.982947823922,5100.811912596401,14021.399999999998,sedang,1
6725.288077042667,Credit,Chicago,Online,764.3503488189372,Student,13555.615440857298,5100.811912596401,1400.04,rendah,0
9767.880117024286,Debit,Omaha,ATM,2085.5655656239655,Doctor,-169.1034016412832,5100.811912596401,11305.81,rendah,1
1153.9719382042263,Debit,Tucson,Branch,6709.818824441565,Doctor,2708.6602266245486,5100.811912596401,193.0600000000004,sedang,1
1337.905170612407,Debit,San Francisco,ATM,4507.793463099851,Engineer,384.3126807175313,5100.811912596401,4468.12,sedang,1
4217.498013391836,Debit,Miami,ATM,6930.021360575736,Doctor,-833.2027004718584,5100.811912596401,1688.9,sedang,1
4078.474548818727,Debit,Indianapolis,ATM,4727.995999234022,Engineer,14275.056347923753,5100.811912596401,7574.45,sedang,0
6014.246573550343,Credit,Nashville,Online,8911.844185783279,Retired,3483.4427419268877,5100.811912596401,2637.55,tinggi,1
864.2949894991252,Debit,Memphis,ATM,1204.75542108728,Student,6471.889586664482,5100.811912596401,445.21000000000004,rendah,1
4738.165042874136,Debit,Sacramento,ATM,12655.287300064192,Retired,4700.958123116277,5100.811912596401,3488.77,tinggi,1
511.1002416647407,Debit,Boston,ATM,3847.1858546973367,Engineer,6029.156720777431,5100.811912596401,7158.58,sedang,0
760.877277113982,Debit,Phoenix,ATM,323.9452765505948,Student,2985.368267803955,5100.811912596401,1597.5100000000002,rendah,1
4662.659377430311,Credit,Atlanta,Branch,2525.9706378923083,Engineer,6969.9640607874135,5100.811912596401,4186.25,sedang,0
6186.72870977747,Debit,Miami,Online,4948.198535368194,Engineer,4258.225257229226,5100.811912596401,6237.68,sedang,1
1841.3955558231264,Debit,Indianapolis,ATM,4727.995999234022,Engineer,14164.37313145199,5100.811912596401,3449.35,sedang,0
1668.555572840342,Credit,Austin,Online,1645.1604933556227,Doctor,2210.5857525016163,5100.811912596401,10235.19,rendah,0
513.4262455765174,Debit,Kansas City,Branch,2746.1731740264795,Engineer,8021.454617269159,5100.811912596401,8670.23,sedang,0
7020.511650460466,Debit,Fort Worth,ATM,9132.04672191745,Doctor,1878.5361030863278,5100.811912596401,8198.0,tinggi,0
4489.28262431404,Debit,Detroit,Online,3847.1858546973367,Doctor,3372.7595254551247,5100.811912596401,14466.379999999997,sedang,0
11924.98036013034,Debit,Phoenix,Branch,5829.0086799048795,Engineer,2044.560927793972,5100.811912596401,5695.78,sedang,1
4821.185490186777,Debit,Omaha,ATM,2085.5655656239655,Engineer,4479.591690172752,5100.811912596401,1220.8599999999997,rendah,1
3567.827228494849,Debit,New York,Online,6489.616288307394,Retired,827.0455466045814,5100.811912596401,6126.5,sedang,1
1179.021211100282,Credit,San Jose,Online,1204.75542108728,Student,4534.933298408633,5100.811912596401,411.77999999999975,rendah,1
966.4602382394669,Debit,Memphis,Online,10233.059402588307,Retired,-501.1530510565708,5100.811912596401,4331.54,tinggi,1
14636.743074506194,Debit,Jacksonville,ATM,4067.388390831508,Doctor,3704.809174870413,5100.811912596401,13948.09,sedang,0
14943.954514238532,Debit,Seattle,Online,764.3503488189372,Student,-888.544308707741,5100.811912596401,102.19999999999982,rendah,1
9287.291924175675,Debit,Kansas City,ATM,984.5528849531083,Engineer,4811.64133958804,5100.811912596401,8704.27,rendah,0
6074.901598634364,Debit,Atlanta,Branch,6049.211216039051,Doctor,9460.336431402076,5100.811912596401,135.96000000000004,sedang,0
2026.760175253938,Debit,San Diego,ATM,6489.616288307394,Retired,1159.09519601987,5100.811912596401,4597.57,sedang,1
6011.741646260738,Debit,Detroit,Branch,9352.249258051621,Doctor,1989.2193195580908,5100.811912596401,1061.5799999999995,tinggi,0
6475.511041593427,Debit,Fort Worth,Online,3186.5782462948227,Engineer,2265.9273607374976,5100.811912596401,9238.08,sedang,0
7162.755735834497,Debit,Houston,Branch,9792.654330319965,Doctor,1989.2193195580908,5100.811912596401,13330.739999999998,tinggi,0
9503.43136459307,Credit,Fresno,Online,984.5528849531083,Student,6305.864761956837,5100.811912596401,341.2399999999998,rendah,0
2362.778278816742,Debit,Oklahoma City,ATM,3186.5782462948227,Doctor,384.3126807175313,5100.811912596401,7044.63,sedang,1
1747.6397058407465,Debit,Las Vegas,ATM,1865.3630294897944,Engineer,7468.038534910345,5100.811912596401,9281.85,rendah,0
2480.688784806033,Credit,San Diego,ATM,7590.628968978251,Doctor,1933.877711322209,5100.811912596401,8639.36,tinggi,1
5010.665347307656,Debit,Mesa,ATM,8911.844185783279,Doctor,4147.542040757464,5100.811912596401,11796.66,tinggi,1
6482.667976706585,Debit,New York,Branch,8251.236577380765,Engineer,9571.019647873838,5100.811912596401,7306.79,tinggi,1
1443.6488869093273,Debit,Raleigh,Online,1204.75542108728,Student,3317.4179172192435,5100.811912596401,3157.75,rendah,1
3034.81448594235,Debit,Denver,Online,5388.603607636536,Engineer,2764.00183486043,5100.811912596401,1019.7699999999995,sedang,0
4293.182602213489,Credit,Chicago,Online,6269.413752173222,Doctor,9847.727689053245,5100.811912596401,12272.78,sedang,0
6020.329968396529,Debit,Las Vegas,ATM,8471.439113514936,Retired,-224.445009877164,5100.811912596401,4150.63,tinggi,0
2498.7600459667583,Debit,Chicago,Branch,-116.45979571774842,Student,8519.52909139209,5100.811912596401,1204.1099999999997,rendah,0
12591.469942543248,Debit,Charlotte,ATM,8691.641649649107,Retired,7302.013710202702,5100.811912596401,1893.0,tinggi,0
5776.636327793473,Debit,Omaha,Branch,8471.439113514936,Retired,2597.9770101527856,5100.811912596401,7375.59,tinggi,1
2409.656203807932,Credit,Phoenix,ATM,6709.818824441565,Engineer,7578.721751382109,5100.811912596401,9403.12,sedang,1
7331.659404505042,Debit,Seattle,Online,3186.5782462948227,Doctor,2874.6850513321924,5100.811912596401,5798.92,sedang,1
606.6453254254102,Debit,Fresno,Branch,4067.388390831508,Engineer,328.97107248164957,5100.811912596401,5434.64,sedang,0
4246.483600600129,Debit,Virginia Beach,ATM,5829.0086799048795,Doctor,9737.044472581481,5100.811912596401,9100.81,sedang,1
9841.77547206765,Debit,Virginia Beach,ATM,5608.806143770707,Engineer,384.3126807175313,5100.811912596401,4750.96,sedang,1
11032.510551519441,Debit,Charlotte,Online,2525.9706378923083,Engineer,5918.473504305668,5100.811912596401,8434.99,sedang,0
3129.6438761917034,Debit,Albuquerque,Online,-336.6623318519196,Student,13610.957049093176,5100.811912596401,1569.75,rendah,0
1531.3213420455227,Debit,Atlanta,Online,1204.75542108728,Student,2985.368267803955,5100.811912596401,1100.6399999999999,rendah,0
5779.499101838735,Debit,Philadelphia,Online,12214.88222779585,Retired,4092.2004325215826,5100.811912596401,2272.17,tinggi,1
3414.4898936954223,Debit,Indianapolis,Branch,9352.249258051621,Retired,-445.8114428206891,5100.811912596401,7104.83,tinggi,0
1510.0294600838752,Debit,Nashville,Branch,2085.5655656239655,Doctor,2764.00183486043,5100.811912596401,13265.92,rendah,1
9890.800477592788,Debit,El Paso,ATM,3847.1858546973367,Doctor,8187.479441976803,5100.811912596401,8292.75,sedang,0
10084.93234253722,Debit,San Diego,Branch,323.9452765505948,Student,4590.274906644515,5100.811912596401,651.8400000000001,rendah,1
1522.3751731540742,Debit,Raleigh,ATM,5168.401071502365,Engineer,8740.895524335618,5100.811912596401,7977.78,sedang,1
2724.9191955425754,Credit,Albuquerque,Branch,8691.641649649107,Doctor,10677.851812591465,5100.811912596401,7009.54,tinggi,0
14870.953776084316,Debit,Chicago,ATM,-556.8648679860908,Student,8187.479441976803,5100.811912596401,1973.63,rendah,0
3961.4586597185807,Debit,Charlotte,ATM,9352.249258051621,Retired,4534.933298408633,5100.811912596401,2304.56,tinggi,0
10194.433449768549,Credit,Indianapolis,Branch,5829.0086799048795,Engineer,7412.6969266744645,5100.811912596401,6087.24,sedang,0
866.2631466552439,Debit,San Antonio,ATM,12214.88222779585,Retired,3262.0763089833617,5100.811912596401,3869.37,tinggi,1
1149.1410070028446,Credit,Nashville,Branch,4067.388390831508,Doctor,5863.131896069786,5100.811912596401,11147.34,sedang,1
5394.277069372966,Debit,Fresno,Branch,6489.616288307394,Retired,8076.796225505041,5100.811912596401,2202.21,sedang,0
12376.04619563717,Debit,Albuquerque,ATM,10012.856866454134,Retired,6637.914411372125,5100.811912596401,5897.29,tinggi,0
6657.833963601146,Debit,Charlotte,Branch,7810.831505112422,Engineer,2376.61057720926,5100.811912596401,3278.65,tinggi,0
1854.993732538128,Debit,Fresno,ATM,12214.88222779585,Retired,13223.565791442008,5100.811912596401,1441.8599999999997,tinggi,0
2058.250689751837,Debit,Fort Worth,Branch,2525.9706378923083,Doctor,7689.404967853871,5100.811912596401,8795.37,sedang,0
757.65665631306,Debit,Louisville,Branch,5168.401071502365,Engineer,2542.6354019169044,5100.811912596401,6949.21,sedang,0
1638.496445365075,Credit,Louisville,Branch,323.9452765505948,Student,5365.0574219468535,5100.811912596401,792.3299999999999,rendah,0
11352.962321211126,Debit,Louisville,Branch,1645.1604933556227,Doctor,827.0455466045814,5100.811912596401,9668.78,rendah,0
585.3534434637631,Debit,Baltimore,Branch,1204.75542108728,Student,5807.790287833905,5100.811912596401,1381.75,rendah,0
6565.330577263569,Debit,Virginia Beach,Branch,-777.0674041202619,Student,7855.429792561516,5100.811912596401,1137.8900000000003,rendah,1
2253.9928650967295,Debit,Sacramento,Branch,10453.261938722479,Doctor,7135.988885495058,5100.811912596401,7885.21,tinggi,1
999.3821397599977,Credit,Fort Worth,ATM,7150.223896709907,Retired,-58.420185169519755,5100.811912596401,3679.64,sedang,0
5589.840321340029,Debit,Memphis,ATM,6489.616288307394,Retired,8962.261957279143,5100.811912596401,3479.56,sedang,1
1868.949756008787,Debit,Los Angeles,Branch,103.74274041642275,Student,2321.268968973379,5100.811912596401,664.9300000000003,rendah,0
10963.625051055287,Debit,Denver,ATM,11554.274619393334,Retired,2708.6602266245486,5100.811912596401,3254.56,tinggi,0
8238.085236586601,Debit,Las Vegas,Branch,-777.0674041202619,Student,7468.038534910345,5100.811912596401,678.8299999999999,rendah,0
2912.788742262993,Debit,San Jose,Online,8251.236577380765,Doctor,7634.06335961799,5100.811912596401,14852.419999999998,tinggi,1
1608.6162412676372,Debit,Sacramento,ATM,984.5528849531083,Student,3262.0763089833617,5100.811912596401,5705.4,rendah,1
726.3450651929907,Debit,Fresno,Branch,764.3503488189372,Student,-279.78661811304573,5100.811912596401,1846.85,rendah,0
4320.91572577698,Debit,San Francisco,Branch,764.3503488189372,Student,1989.2193195580908,5100.811912596401,677.79,rendah,1
1130.354052330803,Debit,Columbus,Branch,2085.5655656239655,Engineer,2487.2937936810226,5100.811912596401,2810.37,rendah,0
6511.474640537049,Debit,Tucson,Online,544.147812684766,Student,6361.206370192718,5100.811912596401,1188.9499999999998,rendah,1
8091.010220011188,Debit,San Diego,ATM,4727.995999234022,Doctor,2653.318618388667,5100.811912596401,8374.38,sedang,1
4456.36072279351,Debit,Louisville,Branch,4507.793463099851,Engineer,218.28785600988704,5100.811912596401,4298.13,sedang,0
7771.8109139643075,Debit,Houston,ATM,4507.793463099851,Doctor,4368.908473700989,5100.811912596401,10501.53,sedang,0
8160.253567230999,Debit,Phoenix,ATM,5608.806143770707,Engineer,107.6046395381245,5100.811912596401,3293.06,sedang,1
897.216891019656,Debit,Phoenix,ATM,1424.9579572214516,Student,162.94624777400531,5100.811912596401,1052.27,rendah,1
7549.23023194507,Debit,San Diego,ATM,7370.426432844079,Doctor,6305.864761956837,5100.811912596401,10135.88,sedang,1
5549.403637950682,Debit,Denver,Branch,764.3503488189372,Student,13389.590616149653,5100.811912596401,225.52999999999975,rendah,0
4796.851910802037,Debit,Tucson,ATM,10673.46447485665,Retired,1269.778412491633,5100.811912596401,1477.63,tinggi,1
4760.888311858415,Debit,Nashville,Branch,984.5528849531083,Student,-611.8362675283333,5100.811912596401,8932.39,rendah,1
8723.146513880936,Credit,Kansas City,Online,9352.249258051621,Retired,4534.933298408633,5100.811912596401,1006.1199999999994,tinggi,0
4021.040144535628,Debit,Oklahoma City,Branch,4287.5909269656795,Engineer,2099.9025360298533,5100.811912596401,7516.56,sedang,1
6675.905224761871,Debit,Houston,Branch,8031.034041246593,Retired,-113.76179340540057,5100.811912596401,7447.44,tinggi,0
2824.5795169933112,Credit,San Jose,ATM,323.9452765505948,Student,5365.0574219468535,5100.811912596401,620.2799999999997,rendah,1
801.1350371254994,Debit,Houston,ATM,-116.45979571774842,Student,10677.851812591465,5100.811912596401,707.9499999999998,rendah,0
5461.910106192316,Credit,Denver,ATM,5388.603607636536,Doctor,11065.243070242635,5100.811912596401,8586.38,sedang,0
738.3329315075316,Debit,Charlotte,Branch,6489.616288307394,Doctor,827.0455466045814,5100.811912596401,6076.45,sedang,0
4066.3077591263573,Debit,Memphis,ATM,103.74274041642275,Student,8740.895524335618,5100.811912596401,793.6300000000001,rendah,1
12752.67990596715,Debit,Fort Worth,Branch,1645.1604933556227,Doctor,2708.6602266245486,5100.811912596401,6258.63,rendah,0
1326.9908445648398,Debit,Nashville,ATM,984.5528849531083,Student,-224.445009877164,5100.811912596401,544.5600000000004,rendah,1
14134.505152940277,Debit,Columbus,ATM,-556.8648679860908,Student,-3.0785769336380326,5100.811912596401,151.27999999999975,rendah,0
6434.537588070592,Debit,Miami,ATM,4507.793463099851,Engineer,5254.374205475091,5100.811912596401,844.5500000000002,sedang,1
11290.87590910447,Debit,Baltimore,Branch,8471.439113514936,Retired,8076.796225505041,5100.811912596401,7417.69,tinggi,0
1652.6313922135637,Credit,Indianapolis,Branch,7810.831505112422,Doctor,10788.535029063227,5100.811912596401,1029.0900000000006,tinggi,0
2198.705541347577,Credit,New York,ATM,1424.9579572214516,Student,6471.889586664482,5100.811912596401,586.7600000000002,rendah,1
3288.706759081657,Credit,Austin,Branch,-556.8648679860908,Student,2044.560927793972,5100.811912596401,129.78999999999996,rendah,0
5897.9463779615135,Credit,Denver,Online,5608.806143770707,Doctor,4258.225257229226,5100.811912596401,10548.58,sedang,0
2944.2792567608917,Debit,Nashville,Online,11554.274619393334,Retired,2099.9025360298533,5100.811912596401,4384.95,tinggi,1
583.9220564411307,Debit,Philadelphia,ATM,984.5528849531083,Student,1989.2193195580908,5100.811912596401,1429.6099999999997,rendah,1
8185.660686882713,Debit,Seattle,Online,1645.1604933556227,Engineer,4424.250081936871,5100.811912596401,5019.68,rendah,1
2984.1791700167514,Credit,Austin,Branch,8471.439113514936,Engineer,3649.4675666345315,5100.811912596401,8274.77,tinggi,0
1096.3586105432987,Debit,Washington,Branch,-116.45979571774842,Student,52.26303130224278,5100.811912596401,935.8800000000001,rendah,1
1872.1703768097086,Debit,Sacramento,Online,1865.3630294897944,Doctor,2930.026659568074,5100.811912596401,11584.32,rendah,1
958.4086862371632,Debit,Oklahoma City,ATM,-556.8648679860908,Student,-113.76179340540057,5100.811912596401,1642.3400000000001,rendah,1
6426.128189312631,Debit,Kansas City,ATM,3186.5782462948227,Engineer,52.26303130224278,5100.811912596401,6481.35,sedang,0
3252.7431601380345,Debit,Denver,Online,3406.780782428994,Doctor,-611.8362675283333,5100.811912596401,5619.91,sedang,0
4398.926318510411,Debit,Omaha,Online,1204.75542108728,Student,5143.6909890033285,5100.811912596401,1661.1,rendah,1
2861.6166562039075,Credit,Denver,Branch,6930.021360575736,Engineer,1767.8528866145648,5100.811912596401,2958.43,sedang,0
1730.820908324823,Debit,Nashville,Online,10012.856866454134,Retired,1214.4368042557512,5100.811912596401,6683.31,tinggi,1
8925.866700961158,Debit,Tucson,Branch,7810.831505112422,Doctor,5531.082246654498,5100.811912596401,12470.62,tinggi,1
7400.187058213539,Debit,Miami,Branch,3626.983318563165,Doctor,13389.590616149653,5100.811912596401,5184.13,sedang,1
5441.333917741985,Debit,Seattle,ATM,764.3503488189372,Student,4700.958123116277,5100.811912596401,1697.58,rendah,1
2132.503891550859,Credit,Colorado Springs,ATM,9132.04672191745,Retired,1601.8280619069214,5100.811912596401,3896.08,tinggi,0
4195.669361296702,Debit,Baltimore,ATM,11554.274619393334,Retired,1601.8280619069214,5100.811912596401,3651.07,tinggi,0
2594.484053105257,Debit,Philadelphia,ATM,6489.616288307394,Engineer,10235.118946704413,5100.811912596401,4480.43,sedang,1
2142.523600709281,Debit,Omaha,ATM,5608.806143770707,Doctor,2764.00183486043,5100.811912596401,667.6599999999999,sedang,1
9260.274494123501,Debit,Louisville,Branch,4727.995999234022,Engineer,494.9958971892938,5100.811912596401,5595.22,sedang,0
7921.569781207154,Credit,Phoenix,Online,8031.034041246593,Doctor,4479.591690172752,5100.811912596401,12709.58,tinggi,1
1013.1592398528283,Debit,Tucson,Branch,5168.401071502365,Doctor,12891.516142026721,5100.811912596401,8892.62,sedang,1
8665.17533946435,Debit,Detroit,Branch,10233.059402588307,Doctor,-390.46983458480827,5100.811912596401,11729.51,tinggi,0
1486.5904975882804,Debit,Kansas City,Online,6709.818824441565,Retired,5365.0574219468535,5100.811912596401,3495.51,sedang,0
1040.7134400384898,Credit,Denver,Online,10233.059402588307,Doctor,1989.2193195580908,5100.811912596401,7855.01,tinggi,0
2886.1291589664766,Debit,Las Vegas,Online,2966.375710160651,Engineer,6416.5479784286,5100.811912596401,8843.44,sedang,0
8884.714324060495,Debit,Fresno,Online,10453.261938722479,Retired,6914.622452551532,5100.811912596401,4710.04,tinggi,0
4900.090699809353,Debit,San Antonio,Branch,323.9452765505948,Student,5531.082246654498,5100.811912596401,1879.8199999999997,rendah,1
2001.1741322243952,Debit,San Jose,ATM,5608.806143770707,Doctor,9128.286781986786,5100.811912596401,13899.239999999998,sedang,1
6431.674814025329,Credit,Oklahoma City,Branch,8691.641649649107,Doctor,7412.6969266744645,5100.811912596401,12613.25,tinggi,1
1534.005192712957,Credit,Detroit,Online,544.147812684766,Student,8298.162658448566,5100.811912596401,765.1499999999996,rendah,0
3324.491434647451,Debit,Indianapolis,Branch,4727.995999234022,Doctor,7302.013710202702,5100.811912596401,7541.16,sedang,0
4625.980084975373,Debit,Colorado Springs,Online,5388.603607636536,Engineer,-169.1034016412832,5100.811912596401,8356.88,sedang,0
5978.998668118037,Debit,El Paso,ATM,11113.869547124992,Retired,3372.7595254551247,5100.811912596401,1445.4700000000003,tinggi,0
2586.790347858611,Debit,Fresno,Branch,1204.75542108728,Student,6471.889586664482,5100.811912596401,1696.15,rendah,0
10126.263642815713,Credit,Mesa,Online,-556.8648679860908,Student,8187.479441976803,5100.811912596401,1806.08,rendah,1
10134.494118195842,Credit,Washington,Branch,1204.75542108728,Engineer,12448.78327613967,5100.811912596401,5908.04,rendah,1
4431.669296653112,Debit,Washington,Online,4507.793463099851,Engineer,-224.445009877164,5100.811912596401,4207.27,sedang,1
1556.9073850750656,Debit,Memphis,Online,1204.75542108728,Engineer,9072.945173750904,5100.811912596401,7261.7,rendah,1
13383.563736192093,Debit,San Francisco,Branch,-556.8648679860908,Student,9017.603565515024,5100.811912596401,690.5199999999995,rendah,1
3425.7620664986475,Debit,Miami,Online,984.5528849531083,Student,10511.826987883822,5100.811912596401,1788.27,rendah,1
5715.981302709452,Credit,Baltimore,Online,4287.5909269656795,Engineer,4036.8588242857013,5100.811912596401,3677.63,sedang,0
1516.6496250635473,Debit,Omaha,ATM,4507.793463099851,Engineer,6914.622452551532,5100.811912596401,6911.2,sedang,1
4008.6944314654293,Debit,Raleigh,Online,3847.1858546973367,Doctor,8796.2371325715,5100.811912596401,12027.68,sedang,1
1699.8671639604113,Credit,Austin,Branch,3186.5782462948227,Doctor,937.728763076344,5100.811912596401,184.72000000000025,sedang,0
2419.675912966354,Debit,Omaha,Branch,3626.983318563165,Engineer,6914.622452551532,5100.811912596401,5771.4,sedang,1
2421.644070122473,Credit,Philadelphia,Online,764.3503488189372,Student,8187.479441976803,5100.811912596401,193.80000000000018,rendah,1
4716.157467401173,Debit,Washington,Branch,984.5528849531083,Student,2265.9273607374976,5100.811912596401,566.8299999999999,rendah,1
2050.3780611273614,Credit,Indianapolis,Branch,6709.818824441565,Retired,-169.1034016412832,5100.811912596401,1550.48,sedang,0
6552.80594081554,Debit,Colorado Springs,ATM,10673.46447485665,Doctor,4866.982947823922,5100.811912596401,9038.63,tinggi,0
10831.579598217508,Credit,San Jose,Branch,4067.388390831508,Engineer,2155.244144265735,5100.811912596401,6640.51,sedang,1
4322.347112799612,Debit,Omaha,ATM,6709.818824441565,Retired,7412.6969266744645,5100.811912596401,5400.44,sedang,1
16320.76990663245,Credit,Tucson,Online,6930.021360575736,Retired,5641.76546312626,5100.811912596401,2342.64,sedang,1
1754.2598708204182,Credit,New York,Branch,1204.75542108728,Student,6139.839937249193,5100.811912596401,136.77000000000044,rendah,1
14263.508908354965,Debit,Indianapolis,Branch,9352.249258051621,Retired,1435.8032371992772,5100.811912596401,6860.18,tinggi,0
3719.196406138157,Debit,Tucson,Online,544.147812684766,Student,5088.349380767447,5100.811912596401,409.2600000000002,rendah,1
8125.900278687837,Debit,Jacksonville,ATM,323.9452765505948,Student,1103.7535877839891,5100.811912596401,383.5799999999999,rendah,0
5217.142925322286,Debit,Denver,ATM,9352.249258051621,Retired,1546.4864536710397,5100.811912596401,2411.02,tinggi,0
2527.745633175052,Credit,Tucson,Online,3186.5782462948227,Doctor,-833.2027004718584,5100.811912596401,6756.13,sedang,1
702.5482559417378,Debit,Austin,Online,4507.793463099851,Doctor,827.0455466045814,5100.811912596401,7879.66,sedang,0
15985.288573203135,Debit,Houston,Branch,544.147812684766,Student,7412.6969266744645,5100.811912596401,9297.5,rendah,0
3225.010036574544,Debit,Albuquerque,ATM,6489.616288307394,Engineer,1989.2193195580908,5100.811912596401,7531.43,sedang,0
5343.2839066917095,Debit,Jacksonville,ATM,764.3503488189372,Student,4258.225257229226,5100.811912596401,899.1499999999996,rendah,0
5183.326406912611,Credit,Oklahoma City,Online,6269.413752173222,Engineer,3815.4923913421753,5100.811912596401,6735.74,sedang,1
2294.2506251082473,Credit,Washington,Online,11334.072083259165,Retired,6914.622452551532,5100.811912596401,3037.97,tinggi,1
7674.6555198031765,Debit,Las Vegas,Online,2305.768101758137,Engineer,-58.420185169519755,5100.811912596401,9040.33,rendah,0
7867.534921102806,Debit,Fort Worth,ATM,984.5528849531083,Student,5143.6909890033285,5100.811912596401,796.6300000000001,rendah,0
4166.683774088408,Debit,Las Vegas,Online,6709.818824441565,Engineer,3594.1259583986503,5100.811912596401,9199.52,sedang,0
8048.068609332236,Debit,San Jose,Online,6930.021360575736,Engineer,6471.889586664482,5100.811912596401,8037.87,sedang,1
3965.394974030818,Debit,Memphis,ATM,-777.0674041202619,Student,14275.056347923753,5100.811912596401,1081.7899999999995,rendah,1
7251.501731237666,Debit,Chicago,ATM,2746.1731740264795,Engineer,2044.560927793972,5100.811912596401,3812.87,sedang,0
1473.3501676289366,Credit,Boston,Branch,1424.9579572214516,Engineer,-556.4946592924525,5100.811912596401,940.9099999999999,rendah,0
829.2260074446476,Debit,Louisville,ATM,7810.831505112422,Retired,2155.244144265735,5100.811912596401,6474.34,tinggi,0
7816.541758421549,Credit,Fort Worth,Online,5829.0086799048795,Engineer,7302.013710202702,5100.811912596401,2498.48,sedang,0
3405.722648181803,Debit,Baltimore,Branch,9352.249258051621,Doctor,10733.193420827345,5100.811912596401,9578.74,tinggi,0
3463.1570524649023,Debit,Boston,ATM,6049.211216039051,Doctor,52.26303130224278,5100.811912596401,7346.66,sedang,0
15837.31893973858,Debit,New York,Branch,3186.5782462948227,Engineer,6803.939236079769,5100.811912596401,8579.69,sedang,1
5358.134547051514,Credit,Louisville,ATM,5168.401071502365,Doctor,3317.4179172192435,5100.811912596401,6863.02,sedang,0
6010.4891826159355,Credit,Detroit,Online,11774.477155527507,Retired,7468.038534910345,5100.811912596401,2052.84,tinggi,0
6734.9499394454315,Debit,El Paso,ATM,-116.45979571774842,Student,8519.52909139209,5100.811912596401,1887.8400000000001,rendah,0
10485.362862118453,Credit,Phoenix,Branch,984.5528849531083,Student,4147.542040757464,5100.811912596401,1289.48,rendah,1
6331.119875685448,Debit,Dallas,ATM,10453.261938722479,Doctor,3372.7595254551247,5100.811912596401,13777.099999999999,tinggi,0
4724.9247129147925,Credit,Memphis,Online,6930.021360575736,Engineer,7855.429792561516,5100.811912596401,4120.75,sedang,1
11304.116239063816,Debit,Albuquerque,Online,4948.198535368194,Doctor,-58.420185169519755,5100.811912596401,10517.47,sedang,0
5340.778979402104,Debit,Tucson,ATM,2085.5655656239655,Engineer,827.0455466045814,5100.811912596401,5414.97,rendah,1
2712.9313292280344,Debit,Sacramento,Online,8251.236577380765,Doctor,716.3623301328198,5100.811912596401,13542.41,tinggi,1
10831.400674839679,Debit,Virginia Beach,ATM,3847.1858546973367,Engineer,2321.268968973379,5100.811912596401,5265.88,sedang,1
2155.763930668625,Debit,Philadelphia,Branch,8471.439113514936,Engineer,3649.4675666345315,5100.811912596401,6937.48,tinggi,1
15824.973226668379,Credit,Colorado Springs,Branch,2525.9706378923083,Doctor,4534.933298408633,5100.811912596401,12690.79,sedang,0
5006.013339484102,Debit,Tucson,Branch,5829.0086799048795,Doctor,8298.162658448566,5100.811912596401,254.75,sedang,1
1017.6323242985522,Debit,San Diego,Branch,7590.628968978251,Retired,6582.572803136244,5100.811912596401,3382.91,tinggi,1
3832.8127510595523,Debit,Denver,Online,323.9452765505948,Student,-445.8114428206891,5100.811912596401,1776.9099999999999,rendah,0
4854.644161840795,Credit,Jacksonville,Online,544.147812684766,Student,3649.4675666345315,5100.811912596401,131.25,rendah,0
723.3033677698986,Debit,New York,Branch,11994.679691661679,Retired,2764.00183486043,5100.811912596401,4909.24,tinggi,1
4658.544139740245,Debit,Omaha,ATM,3406.780782428994,Engineer,1325.1200207275142,5100.811912596401,6689.87,sedang,1
4059.150824013198,Credit,Tucson,Branch,1204.75542108728,Student,3151.393092511599,5100.811912596401,1196.0699999999997,rendah,1
